Canonical_SMILES,Drug_Type,pPotency_prediction,pPotency_std,pPotency_lower_95CI,pPotency_upper_95CI,IC50(M)_prediction,IC50(M)_lower_95CI,IC50(M)_upper_95CI
CCC(CC)COC(=O)[C@H](C)N[P@](=O)(OC[C@H]1O[C@@](C#N)(c2ccc3c(N)ncnn23)[C@H](O)[C@@H]1O)Oc1ccccc1,antiviral,6.628575923389479,0.469759719218486,5.707846873721246,7.549304973057712,2.3519282931902937e-07,2.8228969659161543e-08,1.959535457049092e-06
CC[C@@H]1[C@@H]2CN(C(=O)[C@H](C(C)(C)C)NC(=O)O[C@@H]3C[C@H]3CCCCC(F)(F)c3nc4ccc(OC)cc4nc3O2)[C@@H]1C(=O)N[C@]1(C(=O)NS(=O)(=O)C2(C)CC2)C[C@H]1C(F)F,antiviral,6.4214591920590065,0.4736409994660878,5.493122833105474,7.349795551012539,3.789141362714132e-07,4.4689392295462274e-08,3.2127517357377377e-06
CC(C)(C)[C@@H]1NC(=O)O[C@@H]2CCC[C@H]2OC/C=C/C(F)(F)c2nc3ccccc3nc2O[C@@H]2C[C@@H](C(=O)N[C@]3(C(=O)NS(=O)(=O)C4(C)CC4)C[C@H]3C(F)F)N(C2)C1=O,antiviral,6.360733291255917,0.474828052169282,5.430070309004124,7.29139627350771,4.357794121956898e-07,5.11215162614158e-08,3.7147508521172637e-06
COC(=O)N[C@H](C(=O)N1CCC[C@H]1C(=O)Nc1ccc([C@@H]2CC[C@@H](c3ccc(NC(=O)[C@@H]4CCCN4C(=O)[C@@H](NC(=O)OC)C(C)C)cc3)N2c2ccc(C(C)(C)C)cc2)cc1)C(C)C,antiviral,6.231433061900207,0.4745196631397611,5.301374522146275,7.161491601654139,5.869038225276344e-07,6.894589257338971e-08,4.996035065191033e-06
COC(=O)N[C@H](C(=O)N1CCC[C@H]1c1nc2cc([C@H]3CC[C@H](c4cc5nc([C@@H]6CCCN6C(=O)[C@@H](NC(=O)OC)[C@@H](C)OC)[nH]c5cc4F)N3c3cc(F)c(N4CCC(c5ccc(F)cc5)CC4)c(F)c3)c(F)cc2[nH]1)[C@@H](C)OC,antiviral,6.1923633505828315,0.4729633402702566,5.265355203653129,7.119371497512534,6.421502403135456e-07,7.596761684117614e-08,5.428061959569565e-06
C=C[C@@H]1C[C@]1(NC(=O)[C@@H]1C[C@@H]2CN1C(=O)[C@H](C(C)(C)C)NC(=O)O[C@@H]1C[C@H]1CCCCCc1nc3ccc(OC)cc3nc1O2)C(=O)NS(=O)(=O)C1CC1,antiviral,6.158753270147868,0.4777158362358889,5.222430231125526,7.095076309170211,6.938198645692681e-07,8.033849483333255e-08,5.991971911716594e-06
COc1ccc2c(O[C@@H]3C[C@H]4C(=O)N[C@]5(C(=O)NS(=O)(=O)C6CC6)C[C@@H]5/C=C\CCCCN(C)C(=O)[C@@H]4C3)cc(-c3nc(C(C)C)cs3)nc2c1C,antiviral,6.099179786060651,0.47491689295456785,5.168342675869698,7.030016896251603,7.958298303897168e-07,9.332179931914374e-08,6.786679249209491e-06
COC(=O)N[C@H](C(=O)N1CC2(CC2)C[C@H]1c1nc(-c2ccc3c(c2)C(F)(F)c2cc(-c4ccc5[nH]c([C@@H]6[C@H]7CC[C@H](C7)N6C(=O)[C@@H](NC(=O)OC)C(C)C)nc5c4)ccc2-3)c[nH]1)C(C)C,antiviral,6.065667102410185,0.4733254386892224,5.1379492425793085,6.993384962241061,8.596722292946009e-07,1.0153482807019258e-07,7.2786486752057305e-06
C=C[C@@H]1C[C@]1(NC(=O)[C@@H]1C[C@@H](Oc2ncc(OC)c3ccc(Cl)cc23)CN1C(=O)[C@@H](NC(=O)OC(C)(C)C)C(C)(C)C)C(=O)NS(=O)(=O)C1CC1,antiviral,5.998334684450718,0.47392337990300754,5.069444859840823,6.927224509060613,1.0038418919779108e-06,1.182430139004031e-07,8.522267073965007e-06
COC[C@H]1C[C@@H](c2ncc(-c3ccc4c(c3)COc3cc5c(ccc6nc([C@@H]7CC[C@H](C)N7C(=O)[C@@H](NC(=O)OC)C(C)C)[nH]c65)cc3-4)[nH]2)N(C(=O)[C@H](NC(=O)OC)c2ccccc2)C1,antiviral,5.99436447743781,0.474356594863691,5.064625551504976,6.924103403370644,1.0130608273872476e-06,1.1909584129528577e-07,8.61736420705027e-06
CC(C)CN(C[C@@H](OP(=O)(O)O)[C@H](Cc1ccccc1)NC(=O)O[C@H]1CCOC1)S(=O)(=O)c1ccc(N)cc1,antiviral,5.902632747769732,0.47043130856245563,4.980587382987319,6.824678112552145,1.2513167332992366e-06,1.497345036992979e-07,1.0457132647122902e-05
CC(C)c1nc(CN(C)C(=O)N[C@H](C(=O)N[C@@H](Cc2ccccc2)C[C@H](O)[C@H](Cc2ccccc2)NC(=O)OCc2cncs2)C(C)C)cs1,antiviral,5.877171830427756,0.47474694882684826,4.946667810727133,6.807675850128378,1.3268693724450188e-06,1.5571274108876503e-07,1.1306604194508449e-05
Cc1cccc(C)c1OCC(=O)N[C@@H](Cc1ccccc1)[C@@H](O)C[C@H](Cc1ccccc1)NC(=O)[C@H](C(C)C)N1CCCNC1=O,antiviral,5.87243096670807,0.47210131855011855,4.947112382349838,6.7977495510663015,1.3414331460039899e-06,1.5931271867533048e-07,1.1295035952938044e-05
CC(C)c1nc(CN(C)C(=O)N[C@@H](CCN2CCOCC2)C(=O)N[C@H](CC[C@H](Cc2ccccc2)NC(=O)OCc2cncs2)Cc2ccccc2)cs1,antiviral,5.843498015353968,0.4734693678701773,4.91549805432842,6.771497976379516,1.4338442684458451e-06,1.6923961302365834e-07,1.2147920628178234e-05
CCC[C@H](NC(=O)[C@@H]1[C@H]2CCC[C@H]2CN1C(=O)[C@@H](NC(=O)[C@@H](NC(=O)c1cnccn1)C1CCCCC1)C(C)(C)C)C(=O)C(=O)NC1CC1,antiviral,5.825416630291109,0.4766516884697137,4.89117932089047,6.759653939691748,1.4948009655621405e-06,1.7391861181798382e-07,1.2847560725610965e-05
COC(=O)N[C@H](C(=O)N1CCC[C@H]1c1ncc(-c2ccc3c(c2)O[C@@H](c2ccccc2)n2c-3cc3cc(-c4cnc([C@@H]5CCCN5C(=O)[C@@H](NC(=O)OC)C(C)C)[nH]4)ccc32)[nH]1)C(C)C,antiviral,5.821979004557964,0.47134137505407003,4.898149909451987,6.7458080996639405,1.506679903045746e-06,1.795526835365833e-07,1.2642998620398876e-05
COc1cccc(N2CCN(C3=Nc4c(F)cccc4[C@H](CC(=O)O)N3c3cc(C(F)(F)F)ccc3OC)CC2)c1,antiviral,5.818074353199593,0.47209635360124264,4.892765500141158,6.743383206258029,1.5202872273311397e-06,1.805580242079126e-07,1.2800723001514312e-05
CC(C)(C)NC(=O)[C@@H]1C[C@@H]2CCCC[C@@H]2CN1C[C@@H](O)[C@H](Cc1ccccc1)NC(=O)[C@H](CC(N)=O)NC(=O)c1ccc2ccccc2n1,antiviral,5.809929085681512,0.47258904376326805,4.883654559905507,6.736203611457517,1.5490695400229033e-06,1.8356775159134114e-07,1.3072102365609398e-05
COC(=O)N[C@H](C(=O)N1CCC[C@H]1c1ncc(-c2ccc(-c3ccc(-c4cnc([C@@H]5CCCN5C(=O)[C@@H](NC(=O)OC)C(C)C)[nH]4)cc3)cc2)[nH]1)C(C)C,antiviral,5.808297253341934,0.4714915525478287,4.884173810348189,6.732420696335678,1.554901013576269e-06,1.8517369968718548e-07,1.3056482460007903e-05
Cc1c(O)cccc1C(=O)N[C@@H](CSc1ccccc1)[C@H](O)CN1C[C@H]2CCCC[C@H]2C[C@H]1C(=O)NC(C)(C)C,antiviral,5.720361139730548,0.4712180498498924,4.796773762024759,6.643948517436336,1.9038768812669473e-06,2.2701339443850247e-07,1.5967107086294396e-05
CCC[C@@]1(CCc2ccccc2)CC(O)=C([C@H](CC)c2cccc(NS(=O)(=O)c3ccc(C(F)(F)F)cn3)c2)C(=O)O1,antiviral,5.717818118456018,0.47180696454027987,4.79307646795707,6.642559768954966,1.9150577789562774e-06,2.2774047967703197e-07,1.6103620673592608e-05
COc1cc2c(cc1Cc1cccc(Cl)c1F)c(=O)c(C(=O)O)cn2[C@H](CO)C(C)C,antiviral,5.716172168407809,0.4704973595190894,4.7939973437503935,6.638346993065224,1.9223295041180396e-06,2.299603743378135e-07,1.6069510814825038e-05
C[C@H]1CO[C@@H]2Cn3cc(C(=O)NCc4ccc(F)cc4F)c(=O)c(O)c3C(=O)N12,antiviral,5.7026807773343755,0.4704827764145992,4.7805345355617614,6.62482701910699,1.9829840576022984e-06,2.37231841958658e-07,1.657545521814959e-05
CC(C)CN(C[C@@H](O)[C@H](Cc1ccccc1)NC(=O)O[C@H]1CO[C@H]2OCC[C@H]21)S(=O)(=O)c1ccc(N)cc1,antiviral,5.682517328310172,0.47289517218723404,4.7556427908231935,6.60939186579715,2.0772208429971096e-06,2.458148605029919e-07,1.7553236699166553e-05
Cc1cnc(C(=O)N[C@H]2CCCCC/C=C\[C@@H]3C[C@@]3(C(=O)NS(=O)(=O)C3CC3)NC(=O)[C@@H]3C[C@@H](Oc4nc5ccccc5c5ccccc45)CN3C2=O)cn1,antiviral,5.661021140990952,0.4706194014265352,4.738607114194943,6.583435167786961,2.1826236614711644e-06,2.6095452512568616e-07,1.825546441595268e-05
C[C@@H]1CCO[C@H]2Cn3cc(C(=O)NCc4ccc(F)cc4F)c(=O)c(O)c3C(=O)N12,antiviral,5.658403811683444,0.47041706941000444,4.736386355639835,6.580421267727052,2.1958172288036014e-06,2.6277178563700724e-07,1.8349052546194213e-05
O=C(NCc1c(F)cc(F)cc1F)c1cn2c(c(O)c1=O)C(=O)N1[C@H]3CC[C@H](C3)O[C@@H]1C2,antiviral,5.6507680886336455,0.47179603058406233,4.726047868688884,6.575488308578407,2.2347652592025637e-06,2.657735096130524e-07,1.8791096866688756e-05
COC(=O)N[C@H](C(=O)N[C@@H](Cc1ccccc1)[C@@H](O)CN(Cc1ccc(-c2ccccn2)cc1)NC(=O)[C@@H](NC(=O)OC)C(C)(C)C)C(C)(C)C,antiviral,5.649192880777858,0.4707933050803957,4.726438002820283,6.571947758735433,2.2428855823272763e-06,2.6794906212458245e-07,1.877422408395155e-05
Cc1nnc(C(C)C)n1[C@@H]1C[C@H]2CC[C@@H](C1)N2CC[C@H](NC(=O)C1CCC(F)(F)CC1)c1ccccc1,antiviral,5.634915869255806,0.47325371922420645,4.707338579576362,6.562493158935251,2.317843614967775e-06,2.738462770556343e-07,1.961830221396595e-05
CC(C)(C)NC(=O)[C@@H]1CN(Cc2cccnc2)CCN1C[C@@H](O)C[C@@H](Cc1ccccc1)C(=O)N[C@H]1c2ccccc2C[C@H]1O,antiviral,5.626283695655042,0.4719145161813853,4.701331243939527,6.551236147370557,2.364374704425645e-06,2.810372276579611e-07,1.9891555967565767e-05
COC(=O)OCOc1c2n(ccc1=O)N([C@@H]1c3ccccc3SCc3c1ccc(F)c3F)[C@@H]1COCCN1C2=O,antiviral,5.5587381434277265,0.47323220771518837,4.631203016305958,6.486273270549495,2.7622428403651343e-06,3.2638239837654257e-07,2.3377441758810295e-05
CC(C)Nc1nc2cc(Cl)c(Cl)cc2n1[C@H]1O[C@@H](CO)[C@H](O)[C@@H]1O,antiviral,5.515694212265327,0.4710860617486785,4.592365531237917,6.439022893292737,3.0500417751273824e-06,3.6389585330490625e-07,2.5564333161629816e-05
Cn1c(Cn2ccc(C(F)(F)F)c(Oc3cc(Cl)cc(C#N)c3)c2=O)n[nH]c1=O,antiviral,5.507626367786398,0.47677733701509073,4.57314278723682,6.442109948335975,3.1072316519756212e-06,3.613183777482783e-07,2.6721277227048427e-05
CCCCCCCCCCCCCCCCOCCCOP(=O)(O)CO[C@H](CO)Cn1ccc(N)nc1=O,antiviral,5.503280745595453,0.4710956756651262,4.579933221291806,6.4266282698991,3.1384791975246847e-06,3.7443094164177e-07,2.6306724626190335e-05
Cc1nnc(C(=O)NC(C)(C)c2nc(C(=O)NCc3ccc(F)cc3)c(O)c(=O)n2C)o1,antiviral,5.497754364736481,0.4727292629196251,4.571205009414015,6.424303720058946,3.1786714064570547e-06,3.7644044656422424e-07,2.6840771236052188e-05
CC(=O)N[C@H]1[C@H]([C@H](O)[C@H](O)CO)OC(C(=O)O)=C[C@@H]1N=C(N)N,antiviral,5.495813801573162,0.47254386242778984,4.569627831214694,6.421999771931629,3.192906481140201e-06,3.784427834550694e-07,2.6938423040421008e-05
CCC(CC)[C@H](NC(C)=O)[C@@H]1[C@H](O)[C@@H](C(=O)O)C[C@H]1NC(=N)N,antiviral,5.488919341672076,0.47197850238316197,4.563841477001079,6.413997206343073,3.2439986016101793e-06,3.854808373144728e-07,2.7299740761597896e-05
CC(=O)Nc1ccc(C(=O)O)cc1.CC(=O)Nc1ccc(C(=O)O)cc1.CC(=O)Nc1ccc(C(=O)O)cc1.C[C@@H](O)CN(C)C.C[C@@H](O)CN(C)C.C[C@@H](O)CN(C)C.O=c1[nH]cnc2c1ncn2[C@@H]1O[C@H](CO)[C@@H](O)[C@H]1O,antiviral,5.486088989035017,0.47356322324725947,4.557905071470389,6.4142729065996456,3.265209196051719e-06,3.8523620275496254e-07,2.767546512434668e-05
COc1cnc(-n2cnc(C)n2)c2c1c(C(=O)C(=O)N1CCN(C(=O)c3ccccc3)CC1)cn2COP(=O)(O)O,antiviral,5.480085871995402,0.4725167194649405,4.553953101844119,6.406218642146685,3.310656542009873e-06,3.9244731114042026e-07,2.7928454159368798e-05
O=C1Nc2ccc(Cl)cc2[C@@](C#CC2CC2)(C(F)(F)F)O1,antiviral,5.463718112078022,0.47376148633454823,4.535145598862307,6.392290625293736,3.43781013760562e-06,4.052372641829311e-07,2.9164490995302142e-05
CC(C)CN(C[C@@H](O)[C@H](Cc1ccccc1)NC(=O)O[C@H]1CCOC1)S(=O)(=O)c1ccc(N)cc1,antiviral,5.458983418378535,0.4712360910118677,4.535360679995275,6.3826061567617955,3.47549430833741e-06,4.143752838447166e-07,2.9150051072573746e-05
CC(C)Nc1cccnc1N1CCN(C(=O)c2cc3cc(NS(C)(=O)=O)ccc3[nH]2)CC1,antiviral,5.443199176306438,0.47261659825934266,4.516870643718126,6.36952770889475,3.604133122172197e-06,4.2704367229358535e-07,3.0417908998797806e-05
O=C(O)P(=O)(O)O,antiviral,5.4366445924688005,0.4778702787415867,4.500018846135291,6.37327033880231,3.6589410078889446e-06,4.2337933964188623e-07,3.16214043664375e-05
CC(C)(C)NC(=O)N[C@H](C(=O)N1C[C@H]2[C@@H]([C@H]1C(=O)NC(CC1CCC1)C(=O)C(N)=O)C2(C)C)C(C)(C)C,antiviral,5.4336963835279875,0.4711492844149549,4.510243786074676,6.357148980981299,3.683864236064453e-06,4.3939086033166005e-07,3.0885612184812425e-05
COc1c(-c2ccc3cc(NS(C)(=O)=O)ccc3c2)cc(-n2ccc(=O)[nH]c2=O)cc1C(C)(C)C,antiviral,5.412082076236398,0.4727523976563278,4.485487376829996,6.338676775642801,3.871844649755803e-06,4.584829864568663e-07,3.2697355048425544e-05
CC(C)OC(=O)OCOP(=O)(CO[C@H](C)Cn1cnc2c(N)ncnc21)OCOC(=O)OC(C)C,antiviral,5.40582380819623,0.47364962781178455,4.477470537685132,6.334177078707327,3.928042624401285e-06,4.6325799296818487e-07,3.330653565252783e-05
CC(N)C12CC3CC(CC(C3)C1)C2,antiviral,5.401891886343842,0.4734319858226666,4.473965194131416,6.329818578556268,3.963766963431754e-06,4.6793057299234277e-07,3.3576452250000956e-05
O=C(NN1C(=O)[C@@H]2[C@@H]3C=C[C@@H]([C@H]4C[C@@H]34)[C@@H]2C1=O)c1ccc(C(F)(F)F)cc1,antiviral,5.365827827333149,0.47245298031695326,4.439819985911921,6.291835668754377,4.306973232519058e-06,5.106982048164393e-07,3.632285810031996e-05
CC(C)(C)C(=O)OCOP(=O)(COCCn1cnc2c(N)ncnc21)OCOC(=O)C(C)(C)C,antiviral,5.3596303678791175,0.4792382179970503,4.420323460604899,6.298937275153336,4.3688751312133755e-06,5.024151477490296e-07,3.799063383667964e-05
C=C1[C@H](CO)[C@@H](O)C[C@@H]1n1cnc2c(=O)nc(N)[nH]c21,antiviral,5.356109354418427,0.47337882342350956,4.428286860508348,6.283931848328506,4.404439467023677e-06,5.200776033200571e-07,3.730036997332024e-05
Nc1nc(NC2CC2)c2ncn([C@H]3C=C[C@@H](CO)C3)c2n1,antiviral,5.332124846321328,0.47498216223360895,4.401159808343454,6.263089884299202,4.654522710604635e-06,5.456449193227222e-07,3.970454208650072e-05
O=c1[nH]c(=O)n([C@H]2C[C@H](O)[C@@H](CO)O2)cc1/C=C/Br,antiviral,5.327795919843005,0.47327625808328155,4.400174453999774,6.255417385686237,4.701149693398863e-06,5.553702532042934e-07,3.97947284937035e-05
Nc1ncnc2c1ncn2[C@@H]1O[C@H](CO)[C@@H](O)[C@@H]1O,antiviral,5.309952124335454,0.4727755471590056,4.383312051903803,6.236592196767105,4.8983281447991356e-06,5.799730364540449e-07,4.137023121079614e-05
Nc1nc(=O)n([C@@H]2CS[C@H](CO)O2)cc1F,antiviral,5.302817450976586,0.4743083214658244,4.37317314090357,6.232461761049602,4.9794634510390745e-06,5.855152877570516e-07,4.2347410526575705e-05
Nc1ccn(C[C@@H](CO)OCP(=O)(O)O)c(=O)n1,antiviral,5.277198569434373,0.47575716318336236,4.344714529594983,6.209682609273763,5.282036896696034e-06,6.17045786000429e-07,4.521530559166459e-05
Cc1ccnc2c1NC(=O)c1cccnc1N2C1CC1,antiviral,5.260868235375008,0.4819700844070918,4.316206869937108,6.205529600812907,5.48443336984298e-06,6.229746850301169e-07,4.8282875871261264e-05
Cc1cn([C@H]2C=C[C@@H](CO)O2)c(=O)[nH]c1=O,antiviral,5.24957418323962,0.4775796869606908,4.313517996796666,6.185630369682574,5.6289295962206316e-06,6.521832344941389e-07,4.8582739824314356e-05
Cc1cn([C@H]2C[C@H](N=[N+]=[N-])[C@@H](CO)O2)c(=O)[nH]c1=O,antiviral,5.237280498902021,0.47997364906734885,4.2965321467300175,6.178028851074025,5.790545801425026e-06,6.636989780516886e-07,5.052052479699564e-05
NC(=O)c1ncn([C@@H]2O[C@H](CO)[C@@H](O)[C@H]2O)n1,antiviral,5.23305736255782,0.47360985683874474,4.30478204315388,6.16133268196176,5.847128489016729e-06,6.897112629253737e-07,4.956989019152827e-05
Nc1ccn([C@@H]2CS[C@H](CO)O2)c(=O)n1,antiviral,5.232622607019692,0.47591998430888866,4.2998194377742704,6.165425776265114,5.852984755694091e-06,6.832414783876047e-07,5.013956504987406e-05
Cc1cc(C#N)cc(C)c1Oc1nc(Nc2ccc(C#N)cc2)nc(N)c1Br,antiviral,5.2309545217099505,0.4825975240940939,4.285063374485526,6.176845668934375,5.875508762452763e-06,6.655096099546825e-07,5.1872433848115156e-05
CCOC(=O)C1=C[C@@H](OC(CC)CC)[C@H](NC(C)=O)[C@@H](N)C1,antiviral,5.2307722173736355,0.4750764448153318,4.299622385535585,6.161922049211686,5.877975649821805e-06,6.887759124836815e-07,5.016232001393726e-05
Nc1ccn([C@H]2CC[C@@H](CO)O2)c(=O)n1,antiviral,5.228431687788911,0.4757728018866404,4.295916996091096,6.160946379486726,5.909739153166019e-06,6.903250301072053e-07,5.059213462539475e-05
Cc1cc(/C=C/C#N)cc(C)c1Nc1ccnc(Nc2ccc(C#N)cc2)n1,antiviral,5.226197866167962,0.47952133615657494,4.286336047301075,6.166059685034849,5.94021458586556e-06,6.822449268659617e-07,5.172064743408857e-05
Cc1cn([C@@H]2C[C@@H](O)[C@H](CO)O2)c(=O)[nH]c1=O,antiviral,5.2170859040488065,0.4757247884150273,4.284665318755353,6.14950648934226,6.066163281724902e-06,7.087507160326366e-07,5.191999969542597e-05
CC(C)[C@H](N)C(=O)OCC(CO)OCn1cnc2c(=O)nc(N)[nH]c21,antiviral,5.211461446343083,0.4773427454259819,4.275869665308159,6.147053227378008,6.1452358243290846e-06,7.127656678085571e-07,5.298224233039328e-05
O=c1[nH]c(=O)n([C@H]2C[C@H](O)[C@@H](CO)O2)cc1I,antiviral,5.203708857910621,0.4750824302190494,4.272547294681285,6.134870421139958,6.2559193620259745e-06,7.330432159433196e-07,5.338911296492728e-05
O=c1nc[nH]c2c1ncn2[C@H]1CC[C@@H](CO)O1,antiviral,5.203223932155366,0.47739529765586913,4.267529148749862,6.1389187155608695,6.262908515337362e-06,7.262418712945925e-07,5.4009586367644744e-05
Nc1nc(=O)c2ncn(CCC(CO)CO)c2[nH]1,antiviral,5.182608067978728,0.48212279461566354,4.237647390532027,6.127568745425428,6.567376763517631e-06,7.454718603131653e-07,5.785656018709096e-05
CC(=O)OCC(CCn1cnc2cnc(N)nc21)COC(C)=O,antiviral,5.164322912057172,0.4792053295516862,4.225080466135868,6.103565357978477,6.849787331212295e-06,7.878338595944552e-07,5.9555178939616476e-05
CC(C)OC(=O)[C@H](C)N[P@](=O)(CO[C@H](C)Cn1cnc2c(N)ncnc21)Oc1ccccc1,antiviral,5.160833041731516,0.4790968413733485,4.221803232639753,6.099862850823279,6.905052076193569e-06,7.945791213266185e-07,6.0006288732253195e-05
CC(C)OC(=O)[C@H](C)N[P@](=O)(OC[C@H]1O[C@@H](n2ccc(=O)[nH]c2=O)[C@](C)(F)[C@@H]1O)Oc1ccccc1,antiviral,5.157024840120817,0.4752985273062114,4.2254397266006425,6.088609953640992,6.965866706574595e-06,8.154363107762182e-07,5.9505933611878054e-05
CN(C)CCOCC(=O)NC12CC3CC(CC(C3)C1)C2,antiviral,5.146556899215835,0.47814713617670757,4.209388512309488,6.083725286122181,7.135807090170913e-06,8.246595902045024e-07,6.1746378060681e-05
CC(C)[C@H](N)C(=O)OCCOCn1cnc2c(=O)nc(N)[nH]c21,antiviral,5.122079375386443,0.4784540395781704,4.184309457813229,6.059849292959657,7.549542331409415e-06,8.712658805162868e-07,6.541698772821078e-05
Nc1nc(=O)c2ncn(COCCO)c2[nH]1,antiviral,5.116885305809673,0.48178238767253245,4.172591825971509,6.0611787856478365,7.640375340020757e-06,8.686027786916561e-07,6.72060195620441e-05
Nc1nc2c(ncn2COC(CO)CO)c(=O)[nH]1,antiviral,5.111503284911642,0.48328745644823057,4.16425987027311,6.0587466995501735,7.735648276720027e-06,8.734806738177039e-07,6.850781712156145e-05
