starter_Canonical_SMILES,Canonical_SMILES,generationSteps,DerivativeSimScore,NonDerivativeSimScore,feasibilityScore_rule3
O=c1[nH]c(=O)c2ncn([C@@H]3O[C@H](CO)[C@@H](O)[C@H]3O)c2[nH]1,CCO[C@@H]1[C@H](O)[C@@H](COS(=O)(=O)O)O[C@H]1n1cnc2c(=O)[nH]c(=O)[nH]c21,3,0.5484,,0.6332521
O=c1[nH]c(=O)c2ncn([C@@H]3O[C@H](CO)[C@@H](O)[C@H]3O)c2[nH]1,CO[C@@H]1[C@H](OC)[C@@H](COS(=O)(=O)O)O[C@H]1n1cnc2c(=O)[nH]c(=O)[nH]c21,3,0.5333,,0.79469454
O=c1[nH]c(=O)c2ncn([C@@H]3O[C@H](CO)[C@@H](O)[C@H]3O)c2[nH]1,CO[C@@H]1[C@H](OC)[C@@H](COP(=O)(O)O)O[C@H]1n1cnc2c(=O)[nH]c(=O)[nH]c21,3,0.5333,,0.96373284
O=c1[nH]c(=O)c2ncn([C@@H]3O[C@H](CO)[C@@H](O)[C@H]3O)c2[nH]1,CCO[C@H]1[C@@H](O)[C@H](n2cnc3c(=O)[nH]c(=O)[nH]c32)O[C@@H]1COP(=O)(O)O,3,0.5738,,0.8696328
O=c1[nH]c(=O)c2ncn([C@@H]3O[C@H](CO)[C@@H](O)[C@H]3O)c2[nH]1,CCO[C@@H]1[C@H](O)[C@@H](COP(=O)(O)O)O[C@H]1n1cnc2c(=O)[nH]c(=O)[nH]c21,3,0.5484,,0.9105771
O=c1[nH]c(=O)c2ncn([C@@H]3O[C@H](CO)[C@@H](O)[C@H]3O)c2[nH]1,CO[C@H]1[C@@H](OC(C)=O)[C@H](n2cnc3c(=O)[nH]c(=O)[nH]c32)O[C@@H]1COC(C)=O,3,0.5161,,0.80506945
O=c1[nH]c(=O)c2ncn([C@@H]3O[C@H](CO)[C@@H](O)[C@H]3O)c2[nH]1,CO[C@@H]1[C@H](OC(C)=O)[C@@H](COC(C)=O)O[C@H]1n1cnc2c(=O)[nH]c(=O)[nH]c21,3,0.5161,,0.853534
O=c1[nH]c(=O)c2ncn([C@@H]3O[C@H](CO)[C@@H](O)[C@H]3O)c2[nH]1,COC[C@H]1O[C@@H](n2cnc3c(=O)[nH]c(=O)[nH]c32)[C@H](OS(=O)(=O)O)[C@@H]1O,2,0.5667,,0.7397808
O=c1[nH]c(=O)c2ncn([C@@H]3O[C@H](CO)[C@@H](O)[C@H]3O)c2[nH]1,CO[C@@H]1[C@H](O)[C@@H](COS(=O)(=O)O)O[C@H]1n1cnc2c(=O)[nH]c(=O)[nH]c21,2,0.5667,,0.9649072
O=c1[nH]c(=O)c2ncn([C@@H]3O[C@H](CO)[C@@H](O)[C@H]3O)c2[nH]1,CO[C@H]1[C@@H](O)[C@H](n2cnc3c(=O)[nH]c(=O)[nH]c32)O[C@@H]1COS(=O)(=O)O,2,0.5932,,0.94930077
O=c1[nH]c(=O)c2ncn([C@@H]3O[C@H](CO)[C@@H](O)[C@H]3O)c2[nH]1,COC[C@H]1O[C@@H](n2cnc3c(=O)[nH]c(=O)[nH]c32)[C@H](O)[C@@H]1OS(=O)(=O)O,2,0.5932,,0.82233137
O=c1[nH]c(=O)c2ncn([C@@H]3O[C@H](CO)[C@@H](O)[C@H]3O)c2[nH]1,CO[C@@H]1[C@H](OS(=O)(=O)O)[C@@H](CO)O[C@H]1n1cnc2c(=O)[nH]c(=O)[nH]c21,2,0.6034,,0.85631794
O=c1[nH]c(=O)c2ncn([C@@H]3O[C@H](CO)[C@@H](O)[C@H]3O)c2[nH]1,CO[C@H]1[C@@H](OS(=O)(=O)O)[C@H](n2cnc3c(=O)[nH]c(=O)[nH]c32)O[C@@H]1CO,2,0.6034,,0.72089016
O=c1[nH]c(=O)c2ncn([C@@H]3O[C@H](CO)[C@@H](O)[C@H]3O)c2[nH]1,CO[C@@H]1[C@H](O)[C@@H](COP(=O)(O)O)O[C@H]1n1cnc2c(=O)[nH]c(=O)[nH]c21,2,0.5667,,0.973929
O=c1[nH]c(=O)c2ncn([C@@H]3O[C@H](CO)[C@@H](O)[C@H]3O)c2[nH]1,CO[C@H]1[C@@H](OP(=O)(O)O)[C@H](n2cnc3c(=O)[nH]c(=O)[nH]c32)O[C@@H]1CO,2,0.6034,,0.6403116
O=c1[nH]c(=O)c2ncn([C@@H]3O[C@H](CO)[C@@H](O)[C@H]3O)c2[nH]1,CO[C@@H]1[C@H](OP(=O)(O)O)[C@@H](CO)O[C@H]1n1cnc2c(=O)[nH]c(=O)[nH]c21,2,0.6034,,0.7596464
O=c1[nH]c(=O)c2ncn([C@@H]3O[C@H](CO)[C@@H](O)[C@H]3O)c2[nH]1,CO[C@H]1[C@@H](O)[C@H](n2cnc3c(=O)[nH]c(=O)[nH]c32)O[C@@H]1COP(=O)(O)O,2,0.5932,,0.9900029
O=c1[nH]c(=O)c2ncn([C@@H]3O[C@H](CO)[C@@H](O)[C@H]3O)c2[nH]1,CO[C@H]1[C@@H](OS(=O)(=O)O)[C@H](n2cnc3c(=O)[nH]c(=O)[nH]c32)O[C@@H]1C=O,3,0.4531,,0.8133516
O=c1[nH]c(=O)c2ncn([C@@H]3O[C@H](CO)[C@@H](O)[C@H]3O)c2[nH]1,CO[C@@H]1[C@H](OS(=O)(=O)O)[C@@H](C=O)O[C@H]1n1cnc2c(=O)[nH]c(=O)[nH]c21,3,0.4531,,0.6449003
O=c1[nH]c(=O)c2ncn([C@@H]3O[C@H](CO)[C@@H](O)[C@H]3O)c2[nH]1,CC(Cl)(C#N)OC[C@H]1O[C@@H](n2cnc3c(=O)[nH]c(=O)[nH]c32)[C@H](O)[C@@H]1O,3,0.6379,,0.91849583
O=c1[nH]c(=O)c2ncn([C@@H]3O[C@H](CO)[C@@H](O)[C@H]3O)c2[nH]1,CC(=O)OC[C@H]1O[C@@H](n2cnc3c(=O)[nH]c(=O)[nH]c32)[C@H](O)[C@@H]1OC(C)O,3,0.5645,,0.9176572
O=c1[nH]c(=O)c2ncn([C@@H]3O[C@H](CO)[C@@H](O)[C@H]3O)c2[nH]1,CC(=O)OC[C@H]1O[C@@H](n2cnc3c(=O)[nH]c(=O)[nH]c32)[C@H](OC(C)O)[C@@H]1O,3,0.5397,,0.9236738
O=c1[nH]c(=O)c2ncn([C@@H]3O[C@H](CO)[C@@H](O)[C@H]3O)c2[nH]1,CC(=O)OC[C@H]1O[C@@H](n2cnc3c(=O)[nH]c(=O)[nH]c32)[C@H](O)[C@@H]1OC(C)N,3,0.5556,,0.77733755
O=c1[nH]c(=O)c2ncn([C@@H]3O[C@H](CO)[C@@H](O)[C@H]3O)c2[nH]1,CC(=O)OC[C@H]1O[C@@H](n2cnc3c(=O)[nH]c(=O)[nH]c32)[C@H](OC(C)N)[C@@H]1O,3,0.5312,,0.87362695
O=c1[nH]c(=O)c2ncn([C@@H]3O[C@H](CO)[C@@H](O)[C@H]3O)c2[nH]1,CC(=O)OC[C@H]1O[C@@H](n2c(C)nc3c(=O)[nH]c(=O)[nH]c32)[C@H](OC=O)[C@@H]1O,3,0.3521,,0.9546918
O=c1[nH]c(=O)c2ncn([C@@H]3O[C@H](CO)[C@@H](O)[C@H]3O)c2[nH]1,CC(=O)OC[C@H]1O[C@@H](n2cnc3c(=O)[nH]c(=O)[nH]c32)[C@H](OC(C)=O)[C@@H]1O,2,0.5763,,0.8826169
O=c1[nH]c(=O)c2ncn([C@@H]3O[C@H](CO)[C@@H](O)[C@H]3O)c2[nH]1,CC(=O)OC[C@H]1O[C@@H](n2cnc3c(=O)[nH]c(=O)[nH]c32)[C@H](O)[C@@H]1OC(C)=O,2,0.6034,,0.75432265
O=c1[nH]c(=O)c2ncn([C@@H]3O[C@H](CO)[C@@H](O)[C@H]3O)c2[nH]1,CO[C@@H]1[C@H](O)[C@@H](COC(C)(O)C#N)O[C@H]1n1cnc2c(=O)[nH]c(=O)[nH]c21,3,0.5312,,0.6628038
O=c1[nH]c(=O)c2ncn([C@@H]3O[C@H](CO)[C@@H](O)[C@H]3O)c2[nH]1,CO[C@H]1[C@@H](O)[C@H](n2cnc3c(=O)[nH]c(=O)[nH]c32)O[C@@H]1COC(C)(O)C#N,3,0.5556,,0.7177947
O=c1[nH]c(=O)c2ncn([C@@H]3O[C@H](CO)[C@@H](O)[C@H]3O)c2[nH]1,O=c1[nH]c(=O)c2ncn([C@@H]3O[C@H](CO)[C@@H](OS(=O)(=O)O)[C@H]3O)c2[nH]1,1,0.717,,0.9468688
O=c1[nH]c(=O)c2ncn([C@@H]3O[C@H](CO)[C@@H](O)[C@H]3O)c2[nH]1,O=c1[nH]c(=O)c2ncn([C@@H]3O[C@H](COS(=O)(=O)O)[C@@H](O)[C@H]3O)c2[nH]1,1,0.7115,,0.94968444
O=c1[nH]c(=O)c2ncn([C@@H]3O[C@H](CO)[C@@H](O)[C@H]3O)c2[nH]1,O=c1[nH]c(=O)c2ncn([C@@H]3O[C@H](CO)[C@@H](O)[C@H]3OS(=O)(=O)O)c2[nH]1,1,0.717,,0.9838914
O=c1[nH]c(=O)c2ncn([C@@H]3O[C@H](CO)[C@@H](O)[C@H]3O)c2[nH]1,O=c1[nH]c(=O)c2ncn([C@@H]3O[C@H](COC(Cl)CO)[C@@H](O)[C@H]3O)c2[nH]1,3,0.7037,,0.67203057
O=c1[nH]c(=O)c2ncn([C@@H]3O[C@H](CO)[C@@H](O)[C@H]3O)c2[nH]1,O=c1[nH]c(=O)c2ncn([C@@H]3O[C@H](COC(O)CCl)[C@@H](O)[C@H]3O)c2[nH]1,3,0.6727,,0.85311663
O=c1[nH]c(=O)c2ncn([C@@H]3O[C@H](CO)[C@@H](O)[C@H]3O)c2[nH]1,O=C(CCl)OC[C@H]1O[C@@H](n2cnc3c(=O)[nH]c(=O)[nH]c32)[C@H](O)[C@@H]1O,3,0.6852,,0.9129507
O=c1[nH]c(=O)c2ncn([C@@H]3O[C@H](CO)[C@@H](O)[C@H]3O)c2[nH]1,COC(=O)OC[C@H]1O[C@@H](n2cnc3c(=O)[nH]c(=O)[nH]c32)[C@H](OC)[C@@H]1O,3,0.5667,,0.78389055
O=c1[nH]c(=O)c2ncn([C@@H]3O[C@H](CO)[C@@H](O)[C@H]3O)c2[nH]1,O=C(CO)O[C@H]1[C@@H](O)[C@H](n2cnc3c(=O)[nH]c(=O)[nH]c32)O[C@@H]1C(=O)O,3,0.5862,,0.8621051
O=c1[nH]c(=O)c2ncn([C@@H]3O[C@H](CO)[C@@H](O)[C@H]3O)c2[nH]1,O=C(O)C(=O)OC[C@H]1O[C@@H](n2cnc3c(=O)[nH]c(=O)[nH]c32)[C@H](O)[C@@H]1O,3,0.6981,,0.9200705
O=c1[nH]c(=O)c2ncn([C@@H]3O[C@H](CO)[C@@H](O)[C@H]3O)c2[nH]1,COC(=O)O[C@H]1[C@@H](O)[C@H](n2cnc3c(=O)[nH]c(=O)[nH]c32)O[C@@H]1C(=O)O,3,0.5333,,0.8388759
O=c1[nH]c(=O)c2ncn([C@@H]3O[C@H](CO)[C@@H](O)[C@H]3O)c2[nH]1,CCO[C@H]1[C@@H](O)[C@H](n2cnc3c(=O)[nH]c(=O)[nH]c32)O[C@@H]1COC(C)=O,3,0.5833,,0.9029803
O=c1[nH]c(=O)c2ncn([C@@H]3O[C@H](CO)[C@@H](O)[C@H]3O)c2[nH]1,CCOC[C@H]1O[C@@H](n2cnc3c(=O)[nH]c(=O)[nH]c32)[C@H](OC(C)=O)[C@@H]1O,3,0.5574,,0.9400237
O=c1[nH]c(=O)c2ncn([C@@H]3O[C@H](CO)[C@@H](O)[C@H]3O)c2[nH]1,CO[C@@H]1[C@H](OC)[C@@H](COC(C)=O)O[C@H]1n1cnc2c(=O)[nH]c(=O)[nH]c21,3,0.5424,,0.8198034
O=c1[nH]c(=O)c2ncn([C@@H]3O[C@H](CO)[C@@H](O)[C@H]3O)c2[nH]1,CCOC[C@H]1O[C@@H](n2cnc3c(=O)[nH]c(=O)[nH]c32)[C@H](O)[C@@H]1OC(C)=O,3,0.5833,,0.91058886
O=c1[nH]c(=O)c2ncn([C@@H]3O[C@H](CO)[C@@H](O)[C@H]3O)c2[nH]1,CCO[C@@H]1[C@H](O)[C@@H](COC(C)=O)O[C@H]1n1cnc2c(=O)[nH]c(=O)[nH]c21,3,0.5574,,0.9638902
O=c1[nH]c(=O)c2ncn([C@@H]3O[C@H](CO)[C@@H](O)[C@H]3O)c2[nH]1,CO[C@@H]1[C@H](OC(C)=O)[C@@H](C(=O)O)O[C@H]1n1cnc2c(=O)[nH]c(=O)[nH]c21,3,0.4677,,0.93998927
O=c1[nH]c(=O)c2ncn([C@@H]3O[C@H](CO)[C@@H](O)[C@H]3O)c2[nH]1,CO[C@H]1[C@@H](OC(C)=O)[C@H](n2cnc3c(=O)[nH]c(=O)[nH]c32)O[C@@H]1C(=O)O,3,0.4677,,0.9450554
O=c1[nH]c(=O)c2ncn([C@@H]3O[C@H](CO)[C@@H](O)[C@H]3O)c2[nH]1,COC(=O)[C@H]1O[C@@H](n2cnc3c(=O)[nH]c(=O)[nH]c32)[C@H](OC(C)=O)[C@@H]1O,3,0.5167,,0.6737815
O=c1[nH]c(=O)c2ncn([C@@H]3O[C@H](CO)[C@@H](O)[C@H]3O)c2[nH]1,CO[C@@H]1[C@H](O)[C@@H](C(=O)OC(C)=O)O[C@H]1n1cnc2c(=O)[nH]c(=O)[nH]c21,3,0.5167,,0.6190532
O=c1[nH]c(=O)c2ncn([C@@H]3O[C@H](CO)[C@@H](O)[C@H]3O)c2[nH]1,CC(=O)O[C@@H]1[C@H](O)[C@@H](COC=O)O[C@H]1n1cnc2c(=O)[nH]c(=O)[nH]c21,3,0.5484,,0.73344636
O=c1[nH]c(=O)c2ncn([C@@H]3O[C@H](CO)[C@@H](O)[C@H]3O)c2[nH]1,CC(=O)O[C@H]1[C@@H](O)[C@H](n2cnc3c(=O)[nH]c(=O)[nH]c32)O[C@@H]1COC=O,3,0.5738,,0.6908466
O=c1[nH]c(=O)c2ncn([C@@H]3O[C@H](CO)[C@@H](O)[C@H]3O)c2[nH]1,CO[C@H]1[C@@H](O)[C@H](n2cnc3c(=O)[nH]c(=O)[nH]c32)O[C@@H]1C(=O)OC(C)=O,3,0.5333,,0.60877234
O=c1[nH]c(=O)c2ncn([C@@H]3O[C@H](CO)[C@@H](O)[C@H]3O)c2[nH]1,CC(O)(C#N)OC[C@H]1O[C@@H](n2cnc3c(=O)[nH]c(=O)[nH]c32)[C@H](O)[C@@H]1O,2,0.6491,,0.7261348
O=c1[nH]c(=O)c2ncn([C@@H]3O[C@H](CO)[C@@H](O)[C@H]3O)c2[nH]1,COC[C@H]1O[C@@H](n2cnc3c(=O)[nH]c(=O)[nH]c32)[C@H](OC(C)O)[C@@H]1O,3,0.5667,,0.9256248
O=c1[nH]c(=O)c2ncn([C@@H]3O[C@H](CO)[C@@H](O)[C@H]3O)c2[nH]1,CO[C@@H]1[C@H](O)[C@@H](COC(C)O)O[C@H]1n1cnc2c(=O)[nH]c(=O)[nH]c21,3,0.5667,,0.60795516
O=c1[nH]c(=O)c2ncn([C@@H]3O[C@H](CO)[C@@H](O)[C@H]3O)c2[nH]1,O=C(CO)OC[C@H]1O[C@@H](n2cnc3c(=O)[nH]c(=O)[nH]c32)[C@H](O)[C@@H]1O,2,0.7308,,0.9276285
O=c1[nH]c(=O)c2ncn([C@@H]3O[C@H](CO)[C@@H](O)[C@H]3O)c2[nH]1,CC(O)O[C@H]1[C@@H](O)[C@H](n2cnc3c(=O)[nH]c(=O)[nH]c32)O[C@@H]1C(=O)O,3,0.5333,,0.94212896
O=c1[nH]c(=O)c2ncn([C@@H]3O[C@H](CO)[C@@H](O)[C@H]3O)c2[nH]1,CC(O)O[C@@H]1[C@H](O)[C@@H](C(=O)O)O[C@H]1n1cnc2c(=O)[nH]c(=O)[nH]c21,3,0.5082,,0.8642974
O=c1[nH]c(=O)c2ncn([C@@H]3O[C@H](CO)[C@@H](O)[C@H]3O)c2[nH]1,COC[C@H]1O[C@@H](n2cnc3c(=O)[nH]c(=O)[nH]c32)[C@H](OC(C)N)[C@@H]1O,3,0.5574,,0.8523468
O=c1[nH]c(=O)c2ncn([C@@H]3O[C@H](CO)[C@@H](O)[C@H]3O)c2[nH]1,CC(N)O[C@@H]1[C@H](O)[C@@H](C(=O)O)O[C@H]1n1cnc2c(=O)[nH]c(=O)[nH]c21,3,0.5,,0.7150693
O=c1[nH]c(=O)c2ncn([C@@H]3O[C@H](CO)[C@@H](O)[C@H]3O)c2[nH]1,CC(N)O[C@H]1[C@@H](O)[C@H](n2cnc3c(=O)[nH]c(=O)[nH]c32)O[C@@H]1C(=O)O,3,0.5246,,0.8651344
O=c1[nH]c(=O)c2ncn([C@@H]3O[C@H](CO)[C@@H](O)[C@H]3O)c2[nH]1,CO[C@@H]1[C@H](O)[C@@H](COC(C)=O)O[C@H]1n1cnc2c(=O)[nH]c(=O)[nH]c21,2,0.5763,,0.9520376
O=c1[nH]c(=O)c2ncn([C@@H]3O[C@H](CO)[C@@H](O)[C@H]3O)c2[nH]1,CO[C@H]1[C@@H](O)[C@@](C)(n2cnc3c(=O)[nH]c(=O)[nH]c32)O[C@@H]1COC=O,3,0.3824,,0.7285904
O=c1[nH]c(=O)c2ncn([C@@H]3O[C@H](CO)[C@@H](O)[C@H]3O)c2[nH]1,COC[C@H]1O[C@@H](n2cnc3c(=O)[nH]c(=O)[nH]c32)[C@H](OC(C)=O)[C@@H]1O,2,0.5763,,0.62741166
O=c1[nH]c(=O)c2ncn([C@@H]3O[C@H](CO)[C@@H](O)[C@H]3O)c2[nH]1,CCO[C@@H]1[C@H](O)[C@@H](COC=O)O[C@H]1n1cnc2c(=O)[nH]c(=O)[nH]c21,3,0.5574,,0.6180894
O=c1[nH]c(=O)c2ncn([C@@H]3O[C@H](CO)[C@@H](O)[C@H]3O)c2[nH]1,CO[C@H]1[C@@H](O)[C@H](n2cnc3c(=O)[nH]c(=O)[nH]c32)O[C@@H]1COC(C)=O,2,0.6034,,0.8795028
O=c1[nH]c(=O)c2ncn([C@@H]3O[C@H](CO)[C@@H](O)[C@H]3O)c2[nH]1,CC(=O)O[C@H]1[C@@H](O)[C@H](n2cnc3c(=O)[nH]c(=O)[nH]c32)O[C@@H]1C(=O)O,2,0.5517,,0.9448866
O=c1[nH]c(=O)c2ncn([C@@H]3O[C@H](CO)[C@@H](O)[C@H]3O)c2[nH]1,CC(=O)O[C@@H]1[C@H](O)[C@@H](C(=O)O)O[C@H]1n1cnc2c(=O)[nH]c(=O)[nH]c21,2,0.5254,,0.8853
O=c1[nH]c(=O)c2ncn([C@@H]3O[C@H](CO)[C@@H](O)[C@H]3O)c2[nH]1,O=CC(=O)OC[C@H]1O[C@@H](n2cnc3c(=O)[nH]c(=O)[nH]c32)[C@H](O)[C@@H]1O,3,0.6852,,0.9933149
O=c1[nH]c(=O)c2ncn([C@@H]3O[C@H](CO)[C@@H](O)[C@H]3O)c2[nH]1,O=c1[nH]c(=O)c2ncn([C@@H]3O[C@H](COCCO)[C@@H](O)[C@H]3O)c2[nH]1,3,0.7451,,0.8464793
O=c1[nH]c(=O)c2ncn([C@@H]3O[C@H](CO)[C@@H](O)[C@H]3O)c2[nH]1,CC(O)O[C@H]1[C@@H](O)[C@H](n2cnc3c(=O)[nH]c(=O)[nH]c32)O[C@@H]1CO,2,0.7037,,0.9557848
O=c1[nH]c(=O)c2ncn([C@@H]3O[C@H](CO)[C@@H](O)[C@H]3O)c2[nH]1,CC(O)O[C@@H]1[C@H](O)[C@@H](CO)O[C@H]1n1cnc2c(=O)[nH]c(=O)[nH]c21,2,0.7037,,0.9494174
O=c1[nH]c(=O)c2ncn([C@@H]3O[C@H](CO)[C@@H](O)[C@H]3O)c2[nH]1,CC(N)O[C@@H]1[C@H](O)[C@@H](CO)O[C@H]1n1cnc2c(=O)[nH]c(=O)[nH]c21,2,0.6909,,0.63207227
O=c1[nH]c(=O)c2ncn([C@@H]3O[C@H](CO)[C@@H](O)[C@H]3O)c2[nH]1,CO[C@H]1[C@@H](O)[C@H](n2c[n+](C)c3c(=O)[nH]c(=O)[nH]c32)O[C@@H]1C(=O)O,3,0.3284,,0.7734474
O=c1[nH]c(=O)c2ncn([C@@H]3O[C@H](CO)[C@@H](O)[C@H]3O)c2[nH]1,CO[C@@H]1[C@H](O)[C@@H](C(=O)O)O[C@H]1n1c[n+](C)c2c(=O)[nH]c(=O)[nH]c21,3,0.3088,,0.6951799
O=c1[nH]c(=O)c2ncn([C@@H]3O[C@H](CO)[C@@H](O)[C@H]3O)c2[nH]1,COC(=O)[C@H]1O[C@@H](n2c[n+](C)c3c(=O)[nH]c(=O)[nH]c32)[C@H](O)[C@@H]1O,3,0.3651,,0.7759137
O=c1[nH]c(=O)c2ncn([C@@H]3O[C@H](CO)[C@@H](O)[C@H]3O)c2[nH]1,CCO[C@@H]1[C@H](O)[C@@H](COC)O[C@H]1n1cnc2c(=O)[nH]c(=O)[nH]c21,3,0.5862,,0.9433268
O=c1[nH]c(=O)c2ncn([C@@H]3O[C@H](CO)[C@@H](O)[C@H]3O)c2[nH]1,CCOC[C@H]1O[C@@H](n2cnc3c(=O)[nH]c(=O)[nH]c32)[C@H](OC)[C@@H]1O,3,0.5862,,0.9862619
O=c1[nH]c(=O)c2ncn([C@@H]3O[C@H](CO)[C@@H](O)[C@H]3O)c2[nH]1,CCOC[C@H]1O[C@@H](n2cnc3c(=O)[nH]c(=O)[nH]c32)[C@H](O)[C@@H]1OC,3,0.614,,0.97650176
O=c1[nH]c(=O)c2ncn([C@@H]3O[C@H](CO)[C@@H](O)[C@H]3O)c2[nH]1,CC(=O)OC[C@H]1O[C@@H](n2cnc3c(=O)[nH]c(=O)[nH]c32)[C@H](O)[C@@H]1O,1,0.7115,,0.9923879
O=c1[nH]c(=O)c2ncn([C@@H]3O[C@H](CO)[C@@H](O)[C@H]3O)c2[nH]1,COC(=O)[C@H]1O[C@@H](n2cnc3c(=O)[nH]c(=O)[nH]c32)[C@H](O)[C@@H]1OC,3,0.5614,,0.79769
O=c1[nH]c(=O)c2ncn([C@@H]3O[C@H](CO)[C@@H](O)[C@H]3O)c2[nH]1,CC(O)[C@H]1O[C@@H](n2cnc3c(=O)[nH]c(=O)[nH]c32)[C@H](O)[C@@H]1OC=O,2,0.5333,,0.76194876
O=c1[nH]c(=O)c2ncn([C@@H]3O[C@H](CO)[C@@H](O)[C@H]3O)c2[nH]1,COC(=O)[C@H]1O[C@@H](n2cnc3c(=O)[nH]c(=O)[nH]c32)[C@H](OC)[C@@H]1O,3,0.5439,,0.8065238
O=c1[nH]c(=O)c2ncn([C@@H]3O[C@H](CO)[C@@H](O)[C@H]3O)c2[nH]1,CCO[C@H]1[C@@H](O)[C@H](n2cnc3c(=O)[nH]c(=O)[nH]c32)O[C@@H]1C(=O)O,3,0.569,,0.99346125
O=c1[nH]c(=O)c2ncn([C@@H]3O[C@H](CO)[C@@H](O)[C@H]3O)c2[nH]1,CO[C@@H]1[C@H](OC)[C@@H](C(=O)O)O[C@H]1n1cnc2c(=O)[nH]c(=O)[nH]c21,3,0.5088,,0.93051094
O=c1[nH]c(=O)c2ncn([C@@H]3O[C@H](CO)[C@@H](O)[C@H]3O)c2[nH]1,CC(=O)O[C@H]1[C@@H](O)[C@H](n2cnc3c(=O)[nH]c(=O)[nH]c32)O[C@@H]1CO,1,0.717,,0.9866476
O=c1[nH]c(=O)c2ncn([C@@H]3O[C@H](CO)[C@@H](O)[C@H]3O)c2[nH]1,CCO[C@@H]1[C@H](O)[C@@H](C(=O)O)O[C@H]1n1cnc2c(=O)[nH]c(=O)[nH]c21,3,0.5424,,0.9581373
O=c1[nH]c(=O)c2ncn([C@@H]3O[C@H](CO)[C@@H](O)[C@H]3O)c2[nH]1,CC(=O)O[C@@H]1[C@H](O)[C@@H](CO)O[C@H]1n1cnc2c(=O)[nH]c(=O)[nH]c21,1,0.717,,0.97474414
O=c1[nH]c(=O)c2ncn([C@@H]3O[C@H](CO)[C@@H](O)[C@H]3O)c2[nH]1,CC(O)[C@H]1O[C@@H](n2cnc3c(=O)[nH]c(=O)[nH]c32)[C@H](OC=O)[C@@H]1O,2,0.5082,,0.8019938
O=c1[nH]c(=O)c2ncn([C@@H]3O[C@H](CO)[C@@H](O)[C@H]3O)c2[nH]1,CC(=O)[C@H]1O[C@@H](n2cnc3c(=O)[nH]c(=O)[nH]c32)[C@H](OC=O)[C@@H]1O,3,0.5167,,0.7134347
O=c1[nH]c(=O)c2ncn([C@@H]3O[C@H](CO)[C@@H](O)[C@H]3O)c2[nH]1,CC(=O)O[C@H]1[C@@H](O)[C@H](n2cnc3c(=O)[nH]c(=O)[nH]c32)O[C@@H]1C=O,2,0.5424,,0.6423449
O=c1[nH]c(=O)c2ncn([C@@H]3O[C@H](CO)[C@@H](O)[C@H]3O)c2[nH]1,C[n+]1cn([C@@H]2O[C@H](C(=O)O)[C@@H](O)[C@H]2O)c2[nH]c(=O)[nH]c(=O)c21,2,0.377,,0.78772414
O=c1[nH]c(=O)c2ncn([C@@H]3O[C@H](CO)[C@@H](O)[C@H]3O)c2[nH]1,CCO[C@H]1[C@@H](O)[C@H](n2cnc3c(=O)[nH]c(=O)[nH]c32)O[C@@H]1CO,2,0.7308,,0.92607546
O=c1[nH]c(=O)c2ncn([C@@H]3O[C@H](CO)[C@@H](O)[C@H]3O)c2[nH]1,CCO[C@@H]1[C@H](O)[C@@H](CO)O[C@H]1n1cnc2c(=O)[nH]c(=O)[nH]c21,2,0.7308,,0.9656284
O=c1[nH]c(=O)c2ncn([C@@H]3O[C@H](CO)[C@@H](O)[C@H]3O)c2[nH]1,CCOC[C@H]1O[C@@H](n2cnc3c(=O)[nH]c(=O)[nH]c32)[C@H](O)[C@@H]1O,2,0.7255,,0.9068226
O=c1[nH]c(=O)c2ncn([C@@H]3O[C@H](CO)[C@@H](O)[C@H]3O)c2[nH]1,CO[C@@H]1[C@H](OC)[C@@H](CO)O[C@H]1n1cnc2c(=O)[nH]c(=O)[nH]c21,2,0.6863,,0.59974277
O=c1[nH]c(=O)c2ncn([C@@H]3O[C@H](CO)[C@@H](O)[C@H]3O)c2[nH]1,CO[C@H]1[C@@H](O)[C@H](n2cnc3c(=O)[nH]c(=O)[nH]c32)O[C@@H]1C(C)O,3,0.5614,,0.63434136
O=c1[nH]c(=O)c2ncn([C@@H]3O[C@H](CO)[C@@H](O)[C@H]3O)c2[nH]1,C[n+]1cn([C@@H]2O[C@H](C(N)=O)[C@@H](O)[C@H]2O)c2[nH]c(=O)[nH]c(=O)c21,3,0.371,,0.60102403
O=c1[nH]c(=O)c2ncn([C@@H]3O[C@H](CO)[C@@H](O)[C@H]3O)c2[nH]1,CO[C@@H]1[C@H](O)[C@@H](C(=O)O)O[C@H]1n1cnc2c(=O)[nH]c(=O)[nH]c21,2,0.5439,,0.8173209
O=c1[nH]c(=O)c2ncn([C@@H]3O[C@H](CO)[C@@H](O)[C@H]3O)c2[nH]1,COC(=O)[C@H]1O[C@@H](n2cnc3c(=O)[nH]c(=O)[nH]c32)[C@H](O)[C@@H]1O,2,0.6346,,0.7945292
O=c1[nH]c(=O)c2ncn([C@@H]3O[C@H](CO)[C@@H](O)[C@H]3O)c2[nH]1,O=COC[C@H]1O[C@@H](n2cnc3c(=O)[nH]c(=O)[nH]c32)[C@H](O)[C@@H]1O,2,0.7255,,0.94466305
O=c1[nH]c(=O)c2ncn([C@@H]3O[C@H](CO)[C@@H](O)[C@H]3O)c2[nH]1,CO[C@H]1[C@@H](O)[C@H](n2cnc3c(=O)[nH]c(=O)[nH]c32)O[C@@H]1C(=O)O,2,0.5714,,0.9625709
O=c1[nH]c(=O)c2ncn([C@@H]3O[C@H](CO)[C@@H](O)[C@H]3O)c2[nH]1,CCO[C@H]1[C@@H](O)[C@H](n2cnc3c(=O)[nH]c(=O)[nH]c32)O[C@@H]1C=O,3,0.569,,0.68424743
O=c1[nH]c(=O)c2ncn([C@@H]3O[C@H](CO)[C@@H](O)[C@H]3O)c2[nH]1,COC[C@H]1O[C@@H](n2cnc3c(=O)[nH]c(=O)[nH]c32)[C@H](O)[C@@H]1O,1,0.7551,,0.98859125
O=c1[nH]c(=O)c2ncn([C@@H]3O[C@H](CO)[C@@H](O)[C@H]3O)c2[nH]1,CO[C@H]1[C@@H](O)[C@H](n2cnc3c(=O)[nH]c(=O)[nH]c32)O[C@@H]1CO,1,0.76,,0.9800806
O=c1[nH]c(=O)c2ncn([C@@H]3O[C@H](CO)[C@@H](O)[C@H]3O)c2[nH]1,CO[C@@H]1[C@H](O)[C@@H](CO)O[C@H]1n1cnc2c(=O)[nH]c(=O)[nH]c21,1,0.76,,0.9766758
O=c1[nH]c(=O)c2ncn([C@@H]3O[C@H](CO)[C@@H](O)[C@H]3O)c2[nH]1,O=C(O)[C@H]1O[C@@H](n2cnc3c(=O)[nH]c(=O)[nH]c32)[C@H](O)[C@@H]1O,1,0.6735,,0.99680173
O=c1[nH]c(=O)c2ncn([C@@H]3O[C@H](CO)[C@@H](O)[C@H]3O)c2[nH]1,CO[C@H]1[C@@H](O)[C@H](n2cnc3c(=O)[nH]c(=O)[nH]c32)O[C@@H]1C=O,2,0.5714,,0.72541255
O=c1[nH]c(=O)c2ncn([C@@H]3O[C@H](CO)[C@@H](O)[C@H]3O)c2[nH]1,CC(=O)O[C@@H]1[C@H](O)CO[C@H]1n1cnc2c(=O)[nH]c(=O)[nH]c21,3,0.4915,,0.85952437
O=c1[nH]c(=O)c2ncn([C@@H]3O[C@H](CO)[C@@H](O)[C@H]3O)c2[nH]1,CC(=O)O[C@@H]1CO[C@@H](n2cnc3c(=O)[nH]c(=O)[nH]c32)[C@@H]1O,3,0.5172,,0.8934364
O=c1[nH]c(=O)c2ncn([C@@H]3O[C@H](CO)[C@@H](O)[C@H]3O)c2[nH]1,CO[C@@H]1[C@H](O)[C@@H](C=O)O[C@H]1n1cnc2c(=O)[nH]c(=O)[nH]c21,2,0.5439,,0.6636895
O=c1[nH]c(=O)c2ncn([C@@H]3O[C@H](CO)[C@@H](O)[C@H]3O)c2[nH]1,O=C[C@H]1O[C@@H](n2cnc3c(=O)[nH]c(=O)[nH]c32)[C@H](O)[C@@H]1O,1,0.6735,,0.91376185
O=c1[nH]c(=O)c2ncn([C@@H]3O[C@H](CO)[C@@H](O)[C@H]3O)c2[nH]1,C[n+]1cn([C@@H]2OC[C@@H](O)[C@H]2O)c2[nH]c(=O)[nH]c(=O)c21,3,0.3226,,0.8335618
O=c1[nH]c(=O)c2ncn([C@@H]3O[C@H](CO)[C@@H](O)[C@H]3O)c2[nH]1,CO[C@@H]1CO[C@@H](n2cnc3c(=O)[nH]c(=O)[nH]c32)[C@@H]1O,3,0.5455,,0.8814172
O=c1[nH]c(=O)c2ncn([C@@H]3O[C@H](CO)[C@@H](O)[C@H]3O)c2[nH]1,CO[C@@H]1[C@H](O)CO[C@H]1n1cnc2c(=O)[nH]c(=O)[nH]c21,3,0.5179,,0.94282055
O=c1[nH]c(=O)c2ncn([C@@H]3O[C@H](CO)[C@@H](O)[C@H]3O)c2[nH]1,O=c1[nH]c(=O)c2ncn([C@@H]3OC[C@@H](O)[C@H]3O)c2[nH]1,2,0.6,,0.93869907
O=c1[nH]c(=O)c2ncn([C@@H]3O[C@H](CO)[C@@H](O)[C@H]3O)c2[nH]1,OCC(O)O,3,0.0652,,0.9428928
O=c1[nH]c(=O)c2ncn([C@@H]3O[C@H](CO)[C@@H](O)[C@H]3O)c2[nH]1,O=C(O)CO,3,0.087,,0.97893995
O=c1[nH]c(=O)c2ncn([C@@H]3O[C@H](CO)[C@@H](O)[C@H]3O)c2[nH]1,CC(O)O,3,0.0217,,0.9300929
O=c1[nH]c(=O)c2ncn([C@@H]3O[C@H](CO)[C@@H](O)[C@H]3O)c2[nH]1,CC(N)O,3,0.0208,,0.9389849
O=c1[nH]c(=O)c2ncn([C@@H]3O[C@H](CO)[C@@H](O)[C@H]3O)c2[nH]1,CCO,3,0.0682,,0.97235286
O=c1[nH]c(=O)c2ncn([C@@H]3O[C@H](CO)[C@@H](O)[C@H]3O)c2[nH]1,O=CO,3,0.0444,,0.95768327
