dirName,jobName,sourceFolderNum,sourceDirectory,sourceDirectoryPath,sourceJsonName,sourceJsonPath,sourcePathwaysTxtPath,routeId,routeNumberInFile,generationRun,searchDepthUsed,step,numSteps,starterSMILES,targetSMILES,reactants,products,reactionString,reactionSMILES,simplifiedReactionSMILES,fullReactionSMILES,reconstructedPathwayString,cofactorReactants,cofactorProducts,hasCofactors,ruleName,thermo,reactantStoich,productStoich,reactionType,rawNetworkReactionString,networkMatchStatus,numReactantMolecules,numProductMolecules,starterInReactants,targetInProducts,isReconstructedPathwayStep,routeStepId,fullReconstructedPathwayString,rxn_str,feasibilityScore_rule1,feasibilityLabel_rule1,feasibilityScore_rule2,feasibilityLabel_rule2,feasibilityScore_rule3,feasibilityLabel_rule3,feasibilityScore_rule4,feasibilityLabel_rule4
high_pPotency_molecule_pathway11_wGen1,high_pPotency_molecule_pathway11_wGen1,11,high_pPotency_molecule_pathway11_wGen1,/mnt/data.ese/nfs/users/sghosh6/DTRA_project/MACAW/DrugDesignData/Results/BacillusAnthracis_bestMACAW_allDB_generative/DORAnet/BasidalinPrecursor/PATHWAY_reconstruction/high_pPotency_molecule_pathway11_wGen1,high_pPotency_molecule_pathway11_wGen1_network_pretreated.json,/mnt/data.ese/nfs/users/sghosh6/DTRA_project/MACAW/DrugDesignData/Results/BacillusAnthracis_bestMACAW_allDB_generative/DORAnet/BasidalinPrecursor/PATHWAY_reconstruction/high_pPotency_molecule_pathway11_wGen1/high_pPotency_molecule_pathway11_wGen1_network_pretreated.json,/mnt/data.ese/nfs/users/sghosh6/DTRA_project/MACAW/DrugDesignData/Results/BacillusAnthracis_bestMACAW_allDB_generative/DORAnet/BasidalinPrecursor/PATHWAY_reconstruction/high_pPotency_molecule_pathway11_wGen1/high_pPotency_molecule_pathway11_wGen1_pathways_exact1.txt,high_pPotency_molecule_pathway11_wGen1_route_000001,1,1,1,1,1,CCCCC1=CC(=CCNC(N)=[NH2+])OC1=O,CCCC1=CC(=C(C)CNC(N)=[NH2+])OC1=O,CCCCC1=CC(=CCNC(N)=[NH2+])OC1=O,CCCC1=CC(=C(C)CNC(N)=[NH2+])OC1=O,CCCCC1=CC(=CCNC(N)=[NH2+])OC1=O >> CCCC1=CC(=C(C)CNC(N)=[NH2+])OC1=O,CCCCC1=CC(=CCNC(N)=[NH2+])OC1=O>>CCCC1=CC(=C(C)CNC(N)=[NH2+])OC1=O,CCCCC1=CC(=CCNC(N)=[NH2+])OC1=O>>CCCC1=CC(=C(C)CNC(N)=[NH2+])OC1=O,CCCCC1=CC(=CCNC(N)=[NH2+])OC1=O>>CCCC1=CC(=C(C)CNC(N)=[NH2+])OC1=O,CCCCC1=CC(=CCNC(N)=[NH2+])OC1=O>>CCCC1=CC(=C(C)CNC(N)=[NH2+])OC1=O,,,False,rule0028_51,No_Thermo,"(1,)","(1,)",Enzymatic,"CCCCC1=CC(=CCNC(N)=[NH2+])OC1=O>rule0028_51>No_Thermo$(1,)$(1,)$Enzymatic>CCCC1=CC(=C(C)CNC(N)=[NH2+])OC1=O",matched_by_reaction_and_rule,1,1,True,True,True,high_pPotency_molecule_pathway11_wGen1_route_000001_step_01,CCCCC1=CC(=CCNC(N)=[NH2+])OC1=O>>CCCC1=CC(=C(C)CNC(N)=[NH2+])OC1=O,CCCCC1=CC(=CCNC(N)=[NH2+])OC1=O>>CCCC1=CC(=C(C)CNC(N)=[NH2+])OC1=O,0.04842570796608925,0.0,0.021984539926052094,0.0,0.9711303114891052,1.0,0.9586554169654846,1.0
high_pPotency_molecule_pathway11_wGen2,high_pPotency_molecule_pathway11_wGen2,11,high_pPotency_molecule_pathway11_wGen2,/mnt/data.ese/nfs/users/sghosh6/DTRA_project/MACAW/DrugDesignData/Results/BacillusAnthracis_bestMACAW_allDB_generative/DORAnet/BasidalinPrecursor/PATHWAY_reconstruction/high_pPotency_molecule_pathway11_wGen2,high_pPotency_molecule_pathway11_wGen2_network_pretreated.json,/mnt/data.ese/nfs/users/sghosh6/DTRA_project/MACAW/DrugDesignData/Results/BacillusAnthracis_bestMACAW_allDB_generative/DORAnet/BasidalinPrecursor/PATHWAY_reconstruction/high_pPotency_molecule_pathway11_wGen2/high_pPotency_molecule_pathway11_wGen2_network_pretreated.json,/mnt/data.ese/nfs/users/sghosh6/DTRA_project/MACAW/DrugDesignData/Results/BacillusAnthracis_bestMACAW_allDB_generative/DORAnet/BasidalinPrecursor/PATHWAY_reconstruction/high_pPotency_molecule_pathway11_wGen2/high_pPotency_molecule_pathway11_wGen2_pathways_exact2.txt,high_pPotency_molecule_pathway11_wGen2_route_000002,2,2,2,1,2,CCCCC1=CC(=CCNC(N)=[NH2+])OC1=O,CCCC1=CC(=C(C)CNC(N)=[NH2+])OC1=O,CCCC1=CC(=CC(C)NC(N)=[NH2+])OC1=O,CCCC1=CC(=C(C)CNC(N)=[NH2+])OC1=O,CCCC1=CC(=CC(C)NC(N)=[NH2+])OC1=O >> CCCC1=CC(=C(C)CNC(N)=[NH2+])OC1=O,CCCC1=CC(=CC(C)NC(N)=[NH2+])OC1=O>>CCCC1=CC(=C(C)CNC(N)=[NH2+])OC1=O,CCCC1=CC(=CC(C)NC(N)=[NH2+])OC1=O>>CCCC1=CC(=C(C)CNC(N)=[NH2+])OC1=O,CCCC1=CC(=CC(C)NC(N)=[NH2+])OC1=O>>CCCC1=CC(=C(C)CNC(N)=[NH2+])OC1=O,CCCC1=CC(=CC(C)NC(N)=[NH2+])OC1=O>>CCCC1=CC(=C(C)CNC(N)=[NH2+])OC1=O  ||  CCCCC1=CC(=CCNC(N)=[NH2+])OC1=O>>CCCC1=CC(=CC(C)NC(N)=[NH2+])OC1=O,,,False,rule0028_51,No_Thermo,"(1,)","(1,)",Enzymatic,"CCCC1=CC(=CC(C)NC(N)=[NH2+])OC1=O>rule0028_51>No_Thermo$(1,)$(1,)$Enzymatic>CCCC1=CC(=C(C)CNC(N)=[NH2+])OC1=O",matched_by_reaction_and_rule,1,1,False,True,True,high_pPotency_molecule_pathway11_wGen2_route_000002_step_01,CCCC1=CC(=CC(C)NC(N)=[NH2+])OC1=O>>CCCC1=CC(=C(C)CNC(N)=[NH2+])OC1=O  ||  CCCCC1=CC(=CCNC(N)=[NH2+])OC1=O>>CCCC1=CC(=CC(C)NC(N)=[NH2+])OC1=O,CCCC1=CC(=CC(C)NC(N)=[NH2+])OC1=O>>CCCC1=CC(=C(C)CNC(N)=[NH2+])OC1=O,0.024426735937595367,0.0,0.03842842951416969,0.0,0.7852791547775269,1.0,0.6212206482887268,0.0
high_pPotency_molecule_pathway11_wGen2,high_pPotency_molecule_pathway11_wGen2,11,high_pPotency_molecule_pathway11_wGen2,/mnt/data.ese/nfs/users/sghosh6/DTRA_project/MACAW/DrugDesignData/Results/BacillusAnthracis_bestMACAW_allDB_generative/DORAnet/BasidalinPrecursor/PATHWAY_reconstruction/high_pPotency_molecule_pathway11_wGen2,high_pPotency_molecule_pathway11_wGen2_network_pretreated.json,/mnt/data.ese/nfs/users/sghosh6/DTRA_project/MACAW/DrugDesignData/Results/BacillusAnthracis_bestMACAW_allDB_generative/DORAnet/BasidalinPrecursor/PATHWAY_reconstruction/high_pPotency_molecule_pathway11_wGen2/high_pPotency_molecule_pathway11_wGen2_network_pretreated.json,/mnt/data.ese/nfs/users/sghosh6/DTRA_project/MACAW/DrugDesignData/Results/BacillusAnthracis_bestMACAW_allDB_generative/DORAnet/BasidalinPrecursor/PATHWAY_reconstruction/high_pPotency_molecule_pathway11_wGen2/high_pPotency_molecule_pathway11_wGen2_pathways_exact2.txt,high_pPotency_molecule_pathway11_wGen2_route_000002,2,2,2,2,2,CCCCC1=CC(=CCNC(N)=[NH2+])OC1=O,CCCC1=CC(=C(C)CNC(N)=[NH2+])OC1=O,CCCCC1=CC(=CCNC(N)=[NH2+])OC1=O,CCCC1=CC(=CC(C)NC(N)=[NH2+])OC1=O,CCCCC1=CC(=CCNC(N)=[NH2+])OC1=O >> CCCC1=CC(=CC(C)NC(N)=[NH2+])OC1=O,CCCCC1=CC(=CCNC(N)=[NH2+])OC1=O>>CCCC1=CC(=CC(C)NC(N)=[NH2+])OC1=O,CCCCC1=CC(=CCNC(N)=[NH2+])OC1=O>>CCCC1=CC(=CC(C)NC(N)=[NH2+])OC1=O,CCCCC1=CC(=CCNC(N)=[NH2+])OC1=O>>CCCC1=CC(=CC(C)NC(N)=[NH2+])OC1=O,CCCC1=CC(=CC(C)NC(N)=[NH2+])OC1=O>>CCCC1=CC(=C(C)CNC(N)=[NH2+])OC1=O  ||  CCCCC1=CC(=CCNC(N)=[NH2+])OC1=O>>CCCC1=CC(=CC(C)NC(N)=[NH2+])OC1=O,,,False,rule0028_51,No_Thermo,"(1,)","(1,)",Enzymatic,"CCCCC1=CC(=CCNC(N)=[NH2+])OC1=O>rule0028_51>No_Thermo$(1,)$(1,)$Enzymatic>CCCC1=CC(=CC(C)NC(N)=[NH2+])OC1=O",matched_by_reaction_and_rule,1,1,True,False,True,high_pPotency_molecule_pathway11_wGen2_route_000002_step_02,CCCC1=CC(=CC(C)NC(N)=[NH2+])OC1=O>>CCCC1=CC(=C(C)CNC(N)=[NH2+])OC1=O  ||  CCCCC1=CC(=CCNC(N)=[NH2+])OC1=O>>CCCC1=CC(=CC(C)NC(N)=[NH2+])OC1=O,CCCCC1=CC(=CCNC(N)=[NH2+])OC1=O>>CCCC1=CC(=CC(C)NC(N)=[NH2+])OC1=O,0.06431827694177628,0.0,0.1868925839662552,0.0,0.9929714798927307,1.0,0.43617671728134155,0.0
high_pPotency_molecule_pathway11_wGen2,high_pPotency_molecule_pathway11_wGen2,11,high_pPotency_molecule_pathway11_wGen2,/mnt/data.ese/nfs/users/sghosh6/DTRA_project/MACAW/DrugDesignData/Results/BacillusAnthracis_bestMACAW_allDB_generative/DORAnet/BasidalinPrecursor/PATHWAY_reconstruction/high_pPotency_molecule_pathway11_wGen2,high_pPotency_molecule_pathway11_wGen2_network_pretreated.json,/mnt/data.ese/nfs/users/sghosh6/DTRA_project/MACAW/DrugDesignData/Results/BacillusAnthracis_bestMACAW_allDB_generative/DORAnet/BasidalinPrecursor/PATHWAY_reconstruction/high_pPotency_molecule_pathway11_wGen2/high_pPotency_molecule_pathway11_wGen2_network_pretreated.json,/mnt/data.ese/nfs/users/sghosh6/DTRA_project/MACAW/DrugDesignData/Results/BacillusAnthracis_bestMACAW_allDB_generative/DORAnet/BasidalinPrecursor/PATHWAY_reconstruction/high_pPotency_molecule_pathway11_wGen2/high_pPotency_molecule_pathway11_wGen2_pathways_exact2.txt,high_pPotency_molecule_pathway11_wGen2_route_000003,3,2,2,2,2,CCCCC1=CC(=CCNC(N)=[NH2+])OC1=O,CCCC1=CC(=C(C)CNC(N)=[NH2+])OC1=O,CCCCC1=CC(=CCNC(N)=[NH2+])OC1=O.C[S+](CC[C@H](N)C(=O)O)C[C@H]1O[C@@H](n2cnc3c(N)ncnc32)[C@H](O)[C@@H]1O,CCCCC1=CC(=C(C)CNC(N)=[NH2+])OC1=O.Nc1ncnc2c1ncn2[C@@H]1O[C@H](CSCC[C@H](N)C(=O)O)[C@@H](O)[C@H]1O,CCCCC1=CC(=CCNC(N)=[NH2+])OC1=O.C[S+](CC[C@H](N)C(=O)O)C[C@H]1O[C@@H](n2cnc3c(N)ncnc32)[C@H](O)[C@@H]1O >> CCCCC1=CC(=C(C)CNC(N)=[NH2+])OC1=O.Nc1ncnc2c1ncn2[C@@H]1O[C@H](CSCC[C@H](N)C(=O)O)[C@@H](O)[C@H]1O,CCCCC1=CC(=CCNC(N)=[NH2+])OC1=O.C[S+](CC[C@H](N)C(=O)O)C[C@H]1O[C@@H](n2cnc3c(N)ncnc32)[C@H](O)[C@@H]1O>>CCCCC1=CC(=C(C)CNC(N)=[NH2+])OC1=O.Nc1ncnc2c1ncn2[C@@H]1O[C@H](CSCC[C@H](N)C(=O)O)[C@@H](O)[C@H]1O,CCCCC1=CC(=CCNC(N)=[NH2+])OC1=O.C[S+](CC[C@H](N)C(=O)O)C[C@H]1O[C@@H](n2cnc3c(N)ncnc32)[C@H](O)[C@@H]1O>>CCCCC1=CC(=C(C)CNC(N)=[NH2+])OC1=O.Nc1ncnc2c1ncn2[C@@H]1O[C@H](CSCC[C@H](N)C(=O)O)[C@@H](O)[C@H]1O,CCCCC1=CC(=CCNC(N)=[NH2+])OC1=O.C[S+](CC[C@H](N)C(=O)O)C[C@H]1O[C@@H](n2cnc3c(N)ncnc32)[C@H](O)[C@@H]1O>>CCCCC1=CC(=C(C)CNC(N)=[NH2+])OC1=O.Nc1ncnc2c1ncn2[C@@H]1O[C@H](CSCC[C@H](N)C(=O)O)[C@@H](O)[C@H]1O,CCCCC1=CC(=C(C)CNC(N)=[NH2+])OC1=O.CCCCC1=CC(=C(C)CNC(N)=[NH2+])OC1=O>>CCCC1=CC(=C(C)CNC(N)=[NH2+])OC1=O.CCCCCC1=CC(=C(C)CNC(N)=[NH2+])OC1=O  ||  CCCCC1=CC(=CCNC(N)=[NH2+])OC1=O.C[S+](CC[C@H](N)C(=O)O)C[C@H]1O[C@@H](n2cnc3c(N)ncnc32)[C@H](O)[C@@H]1O>>CCCCC1=CC(=C(C)CNC(N)=[NH2+])OC1=O.Nc1ncnc2c1ncn2[C@@H]1O[C@H](CSCC[C@H](N)C(=O)O)[C@@H](O)[C@H]1O,,,False,rule0043_12,No_Thermo,"(1, 1)","(1, 1)",Enzymatic,"CCCCC1=CC(=CCNC(N)=[NH2+])OC1=O.C[S+](CC[C@H](N)C(=O)O)C[C@H]1O[C@@H](n2cnc3c(N)ncnc32)[C@H](O)[C@@H]1O>rule0043_12>No_Thermo$(1, 1)$(1, 1)$Enzymatic>CCCCC1=CC(=C(C)CNC(N)=[NH2+])OC1=O.Nc1ncnc2c1ncn2[C@@H]1O[C@H](CSCC[C@H](N)C(=O)O)[C@@H](O)[C@H]1O",matched_by_reaction_and_rule,2,2,True,False,True,high_pPotency_molecule_pathway11_wGen2_route_000003_step_02,CCCCC1=CC(=C(C)CNC(N)=[NH2+])OC1=O.CCCCC1=CC(=C(C)CNC(N)=[NH2+])OC1=O>>CCCC1=CC(=C(C)CNC(N)=[NH2+])OC1=O.CCCCCC1=CC(=C(C)CNC(N)=[NH2+])OC1=O  ||  CCCCC1=CC(=CCNC(N)=[NH2+])OC1=O.C[S+](CC[C@H](N)C(=O)O)C[C@H]1O[C@@H](n2cnc3c(N)ncnc32)[C@H](O)[C@@H]1O>>CCCCC1=CC(=C(C)CNC(N)=[NH2+])OC1=O.Nc1ncnc2c1ncn2[C@@H]1O[C@H](CSCC[C@H](N)C(=O)O)[C@@H](O)[C@H]1O,CCCCC1=CC(=CCNC(N)=[NH2+])OC1=O.C[S+](CC[C@H](N)C(=O)O)C[C@H]1O[C@@H](n2cnc3c(N)ncnc32)[C@H](O)[C@@H]1O>>CCCCC1=CC(=C(C)CNC(N)=[NH2+])OC1=O.Nc1ncnc2c1ncn2[C@@H]1O[C@H](CSCC[C@H](N)C(=O)O)[C@@H](O)[C@H]1O,0.9697120785713196,1.0,0.9832640290260315,1.0,0.987136960029602,1.0,0.7838764190673828,1.0
high_pPotency_molecule_pathway11_wGen2,high_pPotency_molecule_pathway11_wGen2,11,high_pPotency_molecule_pathway11_wGen2,/mnt/data.ese/nfs/users/sghosh6/DTRA_project/MACAW/DrugDesignData/Results/BacillusAnthracis_bestMACAW_allDB_generative/DORAnet/BasidalinPrecursor/PATHWAY_reconstruction/high_pPotency_molecule_pathway11_wGen2,high_pPotency_molecule_pathway11_wGen2_network_pretreated.json,/mnt/data.ese/nfs/users/sghosh6/DTRA_project/MACAW/DrugDesignData/Results/BacillusAnthracis_bestMACAW_allDB_generative/DORAnet/BasidalinPrecursor/PATHWAY_reconstruction/high_pPotency_molecule_pathway11_wGen2/high_pPotency_molecule_pathway11_wGen2_network_pretreated.json,/mnt/data.ese/nfs/users/sghosh6/DTRA_project/MACAW/DrugDesignData/Results/BacillusAnthracis_bestMACAW_allDB_generative/DORAnet/BasidalinPrecursor/PATHWAY_reconstruction/high_pPotency_molecule_pathway11_wGen2/high_pPotency_molecule_pathway11_wGen2_pathways_exact2.txt,high_pPotency_molecule_pathway11_wGen2_route_000005,5,2,2,1,2,CCCCC1=CC(=CCNC(N)=[NH2+])OC1=O,CCCC1=CC(=C(C)CNC(N)=[NH2+])OC1=O,CCC1=CC(=C(CC)CNC(N)=[NH2+])OC1=O,CCCC1=CC(=C(C)CNC(N)=[NH2+])OC1=O,CCC1=CC(=C(CC)CNC(N)=[NH2+])OC1=O >> CCCC1=CC(=C(C)CNC(N)=[NH2+])OC1=O,CCC1=CC(=C(CC)CNC(N)=[NH2+])OC1=O>>CCCC1=CC(=C(C)CNC(N)=[NH2+])OC1=O,CCC1=CC(=C(CC)CNC(N)=[NH2+])OC1=O>>CCCC1=CC(=C(C)CNC(N)=[NH2+])OC1=O,CCC1=CC(=C(CC)CNC(N)=[NH2+])OC1=O>>CCCC1=CC(=C(C)CNC(N)=[NH2+])OC1=O,CCC1=CC(=C(CC)CNC(N)=[NH2+])OC1=O>>CCCC1=CC(=C(C)CNC(N)=[NH2+])OC1=O  ||  CCCCC1=CC(=CCNC(N)=[NH2+])OC1=O>>CCC1=CC(=C(CC)CNC(N)=[NH2+])OC1=O,,,False,rule0028_51,No_Thermo,"(1,)","(1,)",Enzymatic,"CCC1=CC(=C(CC)CNC(N)=[NH2+])OC1=O>rule0028_51>No_Thermo$(1,)$(1,)$Enzymatic>CCCC1=CC(=C(C)CNC(N)=[NH2+])OC1=O",matched_by_reaction_and_rule,1,1,False,True,True,high_pPotency_molecule_pathway11_wGen2_route_000005_step_01,CCC1=CC(=C(CC)CNC(N)=[NH2+])OC1=O>>CCCC1=CC(=C(C)CNC(N)=[NH2+])OC1=O  ||  CCCCC1=CC(=CCNC(N)=[NH2+])OC1=O>>CCC1=CC(=C(CC)CNC(N)=[NH2+])OC1=O,CCC1=CC(=C(CC)CNC(N)=[NH2+])OC1=O>>CCCC1=CC(=C(C)CNC(N)=[NH2+])OC1=O,0.14827902615070343,0.0,0.00910151470452547,0.0,0.788670539855957,1.0,0.9240832924842834,1.0
high_pPotency_molecule_pathway11_wGen2,high_pPotency_molecule_pathway11_wGen2,11,high_pPotency_molecule_pathway11_wGen2,/mnt/data.ese/nfs/users/sghosh6/DTRA_project/MACAW/DrugDesignData/Results/BacillusAnthracis_bestMACAW_allDB_generative/DORAnet/BasidalinPrecursor/PATHWAY_reconstruction/high_pPotency_molecule_pathway11_wGen2,high_pPotency_molecule_pathway11_wGen2_network_pretreated.json,/mnt/data.ese/nfs/users/sghosh6/DTRA_project/MACAW/DrugDesignData/Results/BacillusAnthracis_bestMACAW_allDB_generative/DORAnet/BasidalinPrecursor/PATHWAY_reconstruction/high_pPotency_molecule_pathway11_wGen2/high_pPotency_molecule_pathway11_wGen2_network_pretreated.json,/mnt/data.ese/nfs/users/sghosh6/DTRA_project/MACAW/DrugDesignData/Results/BacillusAnthracis_bestMACAW_allDB_generative/DORAnet/BasidalinPrecursor/PATHWAY_reconstruction/high_pPotency_molecule_pathway11_wGen2/high_pPotency_molecule_pathway11_wGen2_pathways_exact2.txt,high_pPotency_molecule_pathway11_wGen2_route_000005,5,2,2,2,2,CCCCC1=CC(=CCNC(N)=[NH2+])OC1=O,CCCC1=CC(=C(C)CNC(N)=[NH2+])OC1=O,CCCCC1=CC(=CCNC(N)=[NH2+])OC1=O,CCC1=CC(=C(CC)CNC(N)=[NH2+])OC1=O,CCCCC1=CC(=CCNC(N)=[NH2+])OC1=O >> CCC1=CC(=C(CC)CNC(N)=[NH2+])OC1=O,CCCCC1=CC(=CCNC(N)=[NH2+])OC1=O>>CCC1=CC(=C(CC)CNC(N)=[NH2+])OC1=O,CCCCC1=CC(=CCNC(N)=[NH2+])OC1=O>>CCC1=CC(=C(CC)CNC(N)=[NH2+])OC1=O,CCCCC1=CC(=CCNC(N)=[NH2+])OC1=O>>CCC1=CC(=C(CC)CNC(N)=[NH2+])OC1=O,CCC1=CC(=C(CC)CNC(N)=[NH2+])OC1=O>>CCCC1=CC(=C(C)CNC(N)=[NH2+])OC1=O  ||  CCCCC1=CC(=CCNC(N)=[NH2+])OC1=O>>CCC1=CC(=C(CC)CNC(N)=[NH2+])OC1=O,,,False,rule0028_51,No_Thermo,"(1,)","(1,)",Enzymatic,"CCCCC1=CC(=CCNC(N)=[NH2+])OC1=O>rule0028_51>No_Thermo$(1,)$(1,)$Enzymatic>CCC1=CC(=C(CC)CNC(N)=[NH2+])OC1=O",matched_by_reaction_and_rule,1,1,True,False,True,high_pPotency_molecule_pathway11_wGen2_route_000005_step_02,CCC1=CC(=C(CC)CNC(N)=[NH2+])OC1=O>>CCCC1=CC(=C(C)CNC(N)=[NH2+])OC1=O  ||  CCCCC1=CC(=CCNC(N)=[NH2+])OC1=O>>CCC1=CC(=C(CC)CNC(N)=[NH2+])OC1=O,CCCCC1=CC(=CCNC(N)=[NH2+])OC1=O>>CCC1=CC(=C(CC)CNC(N)=[NH2+])OC1=O,0.17749308049678802,0.0,0.011625057086348534,0.0,0.920290470123291,1.0,0.6294611096382141,0.0
high_pPotency_molecule_pathway11_wGen2,high_pPotency_molecule_pathway11_wGen2,11,high_pPotency_molecule_pathway11_wGen2,/mnt/data.ese/nfs/users/sghosh6/DTRA_project/MACAW/DrugDesignData/Results/BacillusAnthracis_bestMACAW_allDB_generative/DORAnet/BasidalinPrecursor/PATHWAY_reconstruction/high_pPotency_molecule_pathway11_wGen2,high_pPotency_molecule_pathway11_wGen2_network_pretreated.json,/mnt/data.ese/nfs/users/sghosh6/DTRA_project/MACAW/DrugDesignData/Results/BacillusAnthracis_bestMACAW_allDB_generative/DORAnet/BasidalinPrecursor/PATHWAY_reconstruction/high_pPotency_molecule_pathway11_wGen2/high_pPotency_molecule_pathway11_wGen2_network_pretreated.json,/mnt/data.ese/nfs/users/sghosh6/DTRA_project/MACAW/DrugDesignData/Results/BacillusAnthracis_bestMACAW_allDB_generative/DORAnet/BasidalinPrecursor/PATHWAY_reconstruction/high_pPotency_molecule_pathway11_wGen2/high_pPotency_molecule_pathway11_wGen2_pathways_exact2.txt,high_pPotency_molecule_pathway11_wGen2_route_000006,6,2,2,2,2,CCCCC1=CC(=CCNC(N)=[NH2+])OC1=O,CCCC1=CC(=C(C)CNC(N)=[NH2+])OC1=O,CCCCC1=CC(=CCNC(N)=[NH2+])OC1=O.C[S+](CC[C@H](N)C(=O)O)C[C@H]1O[C@@H](n2cnc3c(N)ncnc32)[C@H](O)[C@@H]1O,CCCCC1=CC(=C(C)CNC(N)=[NH2+])OC1=O.Nc1ncnc2c1ncn2[C@@H]1O[C@H](CSCC[C@H](N)C(=O)O)[C@@H](O)[C@H]1O,CCCCC1=CC(=CCNC(N)=[NH2+])OC1=O.C[S+](CC[C@H](N)C(=O)O)C[C@H]1O[C@@H](n2cnc3c(N)ncnc32)[C@H](O)[C@@H]1O >> CCCCC1=CC(=C(C)CNC(N)=[NH2+])OC1=O.Nc1ncnc2c1ncn2[C@@H]1O[C@H](CSCC[C@H](N)C(=O)O)[C@@H](O)[C@H]1O,CCCCC1=CC(=CCNC(N)=[NH2+])OC1=O.C[S+](CC[C@H](N)C(=O)O)C[C@H]1O[C@@H](n2cnc3c(N)ncnc32)[C@H](O)[C@@H]1O>>CCCCC1=CC(=C(C)CNC(N)=[NH2+])OC1=O.Nc1ncnc2c1ncn2[C@@H]1O[C@H](CSCC[C@H](N)C(=O)O)[C@@H](O)[C@H]1O,CCCCC1=CC(=CCNC(N)=[NH2+])OC1=O.C[S+](CC[C@H](N)C(=O)O)C[C@H]1O[C@@H](n2cnc3c(N)ncnc32)[C@H](O)[C@@H]1O>>CCCCC1=CC(=C(C)CNC(N)=[NH2+])OC1=O.Nc1ncnc2c1ncn2[C@@H]1O[C@H](CSCC[C@H](N)C(=O)O)[C@@H](O)[C@H]1O,CCCCC1=CC(=CCNC(N)=[NH2+])OC1=O.C[S+](CC[C@H](N)C(=O)O)C[C@H]1O[C@@H](n2cnc3c(N)ncnc32)[C@H](O)[C@@H]1O>>CCCCC1=CC(=C(C)CNC(N)=[NH2+])OC1=O.Nc1ncnc2c1ncn2[C@@H]1O[C@H](CSCC[C@H](N)C(=O)O)[C@@H](O)[C@H]1O,CCCCC1=CC(=C(C)CNC(N)=[NH2+])OC1=O.CCCCC1=CC(=C(C)CNC(N)=[NH2+])OC1=O>>CCC(C)CC1=CC(=C(C)CNC(N)=[NH2+])OC1=O.CCCC1=CC(=C(C)CNC(N)=[NH2+])OC1=O  ||  CCCCC1=CC(=CCNC(N)=[NH2+])OC1=O.C[S+](CC[C@H](N)C(=O)O)C[C@H]1O[C@@H](n2cnc3c(N)ncnc32)[C@H](O)[C@@H]1O>>CCCCC1=CC(=C(C)CNC(N)=[NH2+])OC1=O.Nc1ncnc2c1ncn2[C@@H]1O[C@H](CSCC[C@H](N)C(=O)O)[C@@H](O)[C@H]1O,,,False,rule0043_12,No_Thermo,"(1, 1)","(1, 1)",Enzymatic,"CCCCC1=CC(=CCNC(N)=[NH2+])OC1=O.C[S+](CC[C@H](N)C(=O)O)C[C@H]1O[C@@H](n2cnc3c(N)ncnc32)[C@H](O)[C@@H]1O>rule0043_12>No_Thermo$(1, 1)$(1, 1)$Enzymatic>CCCCC1=CC(=C(C)CNC(N)=[NH2+])OC1=O.Nc1ncnc2c1ncn2[C@@H]1O[C@H](CSCC[C@H](N)C(=O)O)[C@@H](O)[C@H]1O",matched_by_reaction_and_rule,2,2,True,False,True,high_pPotency_molecule_pathway11_wGen2_route_000006_step_02,CCCCC1=CC(=C(C)CNC(N)=[NH2+])OC1=O.CCCCC1=CC(=C(C)CNC(N)=[NH2+])OC1=O>>CCC(C)CC1=CC(=C(C)CNC(N)=[NH2+])OC1=O.CCCC1=CC(=C(C)CNC(N)=[NH2+])OC1=O  ||  CCCCC1=CC(=CCNC(N)=[NH2+])OC1=O.C[S+](CC[C@H](N)C(=O)O)C[C@H]1O[C@@H](n2cnc3c(N)ncnc32)[C@H](O)[C@@H]1O>>CCCCC1=CC(=C(C)CNC(N)=[NH2+])OC1=O.Nc1ncnc2c1ncn2[C@@H]1O[C@H](CSCC[C@H](N)C(=O)O)[C@@H](O)[C@H]1O,CCCCC1=CC(=CCNC(N)=[NH2+])OC1=O.C[S+](CC[C@H](N)C(=O)O)C[C@H]1O[C@@H](n2cnc3c(N)ncnc32)[C@H](O)[C@@H]1O>>CCCCC1=CC(=C(C)CNC(N)=[NH2+])OC1=O.Nc1ncnc2c1ncn2[C@@H]1O[C@H](CSCC[C@H](N)C(=O)O)[C@@H](O)[C@H]1O,0.9697120785713196,1.0,0.9832640290260315,1.0,0.987136960029602,1.0,0.7838764190673828,1.0
high_pPotency_molecule_pathway11_wGen2,high_pPotency_molecule_pathway11_wGen2,11,high_pPotency_molecule_pathway11_wGen2,/mnt/data.ese/nfs/users/sghosh6/DTRA_project/MACAW/DrugDesignData/Results/BacillusAnthracis_bestMACAW_allDB_generative/DORAnet/BasidalinPrecursor/PATHWAY_reconstruction/high_pPotency_molecule_pathway11_wGen2,high_pPotency_molecule_pathway11_wGen2_network_pretreated.json,/mnt/data.ese/nfs/users/sghosh6/DTRA_project/MACAW/DrugDesignData/Results/BacillusAnthracis_bestMACAW_allDB_generative/DORAnet/BasidalinPrecursor/PATHWAY_reconstruction/high_pPotency_molecule_pathway11_wGen2/high_pPotency_molecule_pathway11_wGen2_network_pretreated.json,/mnt/data.ese/nfs/users/sghosh6/DTRA_project/MACAW/DrugDesignData/Results/BacillusAnthracis_bestMACAW_allDB_generative/DORAnet/BasidalinPrecursor/PATHWAY_reconstruction/high_pPotency_molecule_pathway11_wGen2/high_pPotency_molecule_pathway11_wGen2_pathways_exact2.txt,high_pPotency_molecule_pathway11_wGen2_route_000008,8,2,2,2,2,CCCCC1=CC(=CCNC(N)=[NH2+])OC1=O,CCCC1=CC(=C(C)CNC(N)=[NH2+])OC1=O,CCCCC1=CC(=CCNC(N)=[NH2+])OC1=O.C[S+](CC[C@H](N)C(=O)O)C[C@H]1O[C@@H](n2cnc3c(N)ncnc32)[C@H](O)[C@@H]1O,CCCCC1=CC(=C(C)CNC(N)=[NH2+])OC1=O.Nc1ncnc2c1ncn2[C@@H]1O[C@H](CSCC[C@H](N)C(=O)O)[C@@H](O)[C@H]1O,CCCCC1=CC(=CCNC(N)=[NH2+])OC1=O.C[S+](CC[C@H](N)C(=O)O)C[C@H]1O[C@@H](n2cnc3c(N)ncnc32)[C@H](O)[C@@H]1O >> CCCCC1=CC(=C(C)CNC(N)=[NH2+])OC1=O.Nc1ncnc2c1ncn2[C@@H]1O[C@H](CSCC[C@H](N)C(=O)O)[C@@H](O)[C@H]1O,CCCCC1=CC(=CCNC(N)=[NH2+])OC1=O.C[S+](CC[C@H](N)C(=O)O)C[C@H]1O[C@@H](n2cnc3c(N)ncnc32)[C@H](O)[C@@H]1O>>CCCCC1=CC(=C(C)CNC(N)=[NH2+])OC1=O.Nc1ncnc2c1ncn2[C@@H]1O[C@H](CSCC[C@H](N)C(=O)O)[C@@H](O)[C@H]1O,CCCCC1=CC(=CCNC(N)=[NH2+])OC1=O.C[S+](CC[C@H](N)C(=O)O)C[C@H]1O[C@@H](n2cnc3c(N)ncnc32)[C@H](O)[C@@H]1O>>CCCCC1=CC(=C(C)CNC(N)=[NH2+])OC1=O.Nc1ncnc2c1ncn2[C@@H]1O[C@H](CSCC[C@H](N)C(=O)O)[C@@H](O)[C@H]1O,CCCCC1=CC(=CCNC(N)=[NH2+])OC1=O.C[S+](CC[C@H](N)C(=O)O)C[C@H]1O[C@@H](n2cnc3c(N)ncnc32)[C@H](O)[C@@H]1O>>CCCCC1=CC(=C(C)CNC(N)=[NH2+])OC1=O.Nc1ncnc2c1ncn2[C@@H]1O[C@H](CSCC[C@H](N)C(=O)O)[C@@H](O)[C@H]1O,CCCCC1=CC(=C(C)CNC(N)=[NH2+])OC1=O.CCCCC1=CC(=C(C)CNC(N)=[NH2+])OC1=O>>CCCC1=CC(=C(C)CNC(N)=[NH2+])OC1=O.CCCCC1=C(C)C(=C(C)CNC(N)=[NH2+])OC1=O  ||  CCCCC1=CC(=CCNC(N)=[NH2+])OC1=O.C[S+](CC[C@H](N)C(=O)O)C[C@H]1O[C@@H](n2cnc3c(N)ncnc32)[C@H](O)[C@@H]1O>>CCCCC1=CC(=C(C)CNC(N)=[NH2+])OC1=O.Nc1ncnc2c1ncn2[C@@H]1O[C@H](CSCC[C@H](N)C(=O)O)[C@@H](O)[C@H]1O,,,False,rule0043_12,No_Thermo,"(1, 1)","(1, 1)",Enzymatic,"CCCCC1=CC(=CCNC(N)=[NH2+])OC1=O.C[S+](CC[C@H](N)C(=O)O)C[C@H]1O[C@@H](n2cnc3c(N)ncnc32)[C@H](O)[C@@H]1O>rule0043_12>No_Thermo$(1, 1)$(1, 1)$Enzymatic>CCCCC1=CC(=C(C)CNC(N)=[NH2+])OC1=O.Nc1ncnc2c1ncn2[C@@H]1O[C@H](CSCC[C@H](N)C(=O)O)[C@@H](O)[C@H]1O",matched_by_reaction_and_rule,2,2,True,False,True,high_pPotency_molecule_pathway11_wGen2_route_000008_step_02,CCCCC1=CC(=C(C)CNC(N)=[NH2+])OC1=O.CCCCC1=CC(=C(C)CNC(N)=[NH2+])OC1=O>>CCCC1=CC(=C(C)CNC(N)=[NH2+])OC1=O.CCCCC1=C(C)C(=C(C)CNC(N)=[NH2+])OC1=O  ||  CCCCC1=CC(=CCNC(N)=[NH2+])OC1=O.C[S+](CC[C@H](N)C(=O)O)C[C@H]1O[C@@H](n2cnc3c(N)ncnc32)[C@H](O)[C@@H]1O>>CCCCC1=CC(=C(C)CNC(N)=[NH2+])OC1=O.Nc1ncnc2c1ncn2[C@@H]1O[C@H](CSCC[C@H](N)C(=O)O)[C@@H](O)[C@H]1O,CCCCC1=CC(=CCNC(N)=[NH2+])OC1=O.C[S+](CC[C@H](N)C(=O)O)C[C@H]1O[C@@H](n2cnc3c(N)ncnc32)[C@H](O)[C@@H]1O>>CCCCC1=CC(=C(C)CNC(N)=[NH2+])OC1=O.Nc1ncnc2c1ncn2[C@@H]1O[C@H](CSCC[C@H](N)C(=O)O)[C@@H](O)[C@H]1O,0.9697120785713196,1.0,0.9832640290260315,1.0,0.987136960029602,1.0,0.7838764190673828,1.0
high_pPotency_molecule_pathway11_wGen2,high_pPotency_molecule_pathway11_wGen2,11,high_pPotency_molecule_pathway11_wGen2,/mnt/data.ese/nfs/users/sghosh6/DTRA_project/MACAW/DrugDesignData/Results/BacillusAnthracis_bestMACAW_allDB_generative/DORAnet/BasidalinPrecursor/PATHWAY_reconstruction/high_pPotency_molecule_pathway11_wGen2,high_pPotency_molecule_pathway11_wGen2_network_pretreated.json,/mnt/data.ese/nfs/users/sghosh6/DTRA_project/MACAW/DrugDesignData/Results/BacillusAnthracis_bestMACAW_allDB_generative/DORAnet/BasidalinPrecursor/PATHWAY_reconstruction/high_pPotency_molecule_pathway11_wGen2/high_pPotency_molecule_pathway11_wGen2_network_pretreated.json,/mnt/data.ese/nfs/users/sghosh6/DTRA_project/MACAW/DrugDesignData/Results/BacillusAnthracis_bestMACAW_allDB_generative/DORAnet/BasidalinPrecursor/PATHWAY_reconstruction/high_pPotency_molecule_pathway11_wGen2/high_pPotency_molecule_pathway11_wGen2_pathways_exact2.txt,high_pPotency_molecule_pathway11_wGen2_route_000010,10,2,2,2,2,CCCCC1=CC(=CCNC(N)=[NH2+])OC1=O,CCCC1=CC(=C(C)CNC(N)=[NH2+])OC1=O,CCCCC1=CC(=CCNC(N)=[NH2+])OC1=O.C[S+](CC[C@H](N)C(=O)O)C[C@H]1O[C@@H](n2cnc3c(N)ncnc32)[C@H](O)[C@@H]1O,CCCCC1=CC(=C(C)CNC(N)=[NH2+])OC1=O.Nc1ncnc2c1ncn2[C@@H]1O[C@H](CSCC[C@H](N)C(=O)O)[C@@H](O)[C@H]1O,CCCCC1=CC(=CCNC(N)=[NH2+])OC1=O.C[S+](CC[C@H](N)C(=O)O)C[C@H]1O[C@@H](n2cnc3c(N)ncnc32)[C@H](O)[C@@H]1O >> CCCCC1=CC(=C(C)CNC(N)=[NH2+])OC1=O.Nc1ncnc2c1ncn2[C@@H]1O[C@H](CSCC[C@H](N)C(=O)O)[C@@H](O)[C@H]1O,CCCCC1=CC(=CCNC(N)=[NH2+])OC1=O.C[S+](CC[C@H](N)C(=O)O)C[C@H]1O[C@@H](n2cnc3c(N)ncnc32)[C@H](O)[C@@H]1O>>CCCCC1=CC(=C(C)CNC(N)=[NH2+])OC1=O.Nc1ncnc2c1ncn2[C@@H]1O[C@H](CSCC[C@H](N)C(=O)O)[C@@H](O)[C@H]1O,CCCCC1=CC(=CCNC(N)=[NH2+])OC1=O.C[S+](CC[C@H](N)C(=O)O)C[C@H]1O[C@@H](n2cnc3c(N)ncnc32)[C@H](O)[C@@H]1O>>CCCCC1=CC(=C(C)CNC(N)=[NH2+])OC1=O.Nc1ncnc2c1ncn2[C@@H]1O[C@H](CSCC[C@H](N)C(=O)O)[C@@H](O)[C@H]1O,CCCCC1=CC(=CCNC(N)=[NH2+])OC1=O.C[S+](CC[C@H](N)C(=O)O)C[C@H]1O[C@@H](n2cnc3c(N)ncnc32)[C@H](O)[C@@H]1O>>CCCCC1=CC(=C(C)CNC(N)=[NH2+])OC1=O.Nc1ncnc2c1ncn2[C@@H]1O[C@H](CSCC[C@H](N)C(=O)O)[C@@H](O)[C@H]1O,CCCCC1=CC(=C(C)CNC(N)=[NH2+])OC1=O.CCCCC1=CC(=C(C)CNC(N)=[NH2+])OC1=O>>CCCC(C)C1=CC(=C(C)CNC(N)=[NH2+])OC1=O.CCCC1=CC(=C(C)CNC(N)=[NH2+])OC1=O  ||  CCCCC1=CC(=CCNC(N)=[NH2+])OC1=O.C[S+](CC[C@H](N)C(=O)O)C[C@H]1O[C@@H](n2cnc3c(N)ncnc32)[C@H](O)[C@@H]1O>>CCCCC1=CC(=C(C)CNC(N)=[NH2+])OC1=O.Nc1ncnc2c1ncn2[C@@H]1O[C@H](CSCC[C@H](N)C(=O)O)[C@@H](O)[C@H]1O,,,False,rule0043_12,No_Thermo,"(1, 1)","(1, 1)",Enzymatic,"CCCCC1=CC(=CCNC(N)=[NH2+])OC1=O.C[S+](CC[C@H](N)C(=O)O)C[C@H]1O[C@@H](n2cnc3c(N)ncnc32)[C@H](O)[C@@H]1O>rule0043_12>No_Thermo$(1, 1)$(1, 1)$Enzymatic>CCCCC1=CC(=C(C)CNC(N)=[NH2+])OC1=O.Nc1ncnc2c1ncn2[C@@H]1O[C@H](CSCC[C@H](N)C(=O)O)[C@@H](O)[C@H]1O",matched_by_reaction_and_rule,2,2,True,False,True,high_pPotency_molecule_pathway11_wGen2_route_000010_step_02,CCCCC1=CC(=C(C)CNC(N)=[NH2+])OC1=O.CCCCC1=CC(=C(C)CNC(N)=[NH2+])OC1=O>>CCCC(C)C1=CC(=C(C)CNC(N)=[NH2+])OC1=O.CCCC1=CC(=C(C)CNC(N)=[NH2+])OC1=O  ||  CCCCC1=CC(=CCNC(N)=[NH2+])OC1=O.C[S+](CC[C@H](N)C(=O)O)C[C@H]1O[C@@H](n2cnc3c(N)ncnc32)[C@H](O)[C@@H]1O>>CCCCC1=CC(=C(C)CNC(N)=[NH2+])OC1=O.Nc1ncnc2c1ncn2[C@@H]1O[C@H](CSCC[C@H](N)C(=O)O)[C@@H](O)[C@H]1O,CCCCC1=CC(=CCNC(N)=[NH2+])OC1=O.C[S+](CC[C@H](N)C(=O)O)C[C@H]1O[C@@H](n2cnc3c(N)ncnc32)[C@H](O)[C@@H]1O>>CCCCC1=CC(=C(C)CNC(N)=[NH2+])OC1=O.Nc1ncnc2c1ncn2[C@@H]1O[C@H](CSCC[C@H](N)C(=O)O)[C@@H](O)[C@H]1O,0.9697120785713196,1.0,0.9832640290260315,1.0,0.987136960029602,1.0,0.7838764190673828,1.0
high_pPotency_molecule_pathway11_wGen2,high_pPotency_molecule_pathway11_wGen2,11,high_pPotency_molecule_pathway11_wGen2,/mnt/data.ese/nfs/users/sghosh6/DTRA_project/MACAW/DrugDesignData/Results/BacillusAnthracis_bestMACAW_allDB_generative/DORAnet/BasidalinPrecursor/PATHWAY_reconstruction/high_pPotency_molecule_pathway11_wGen2,high_pPotency_molecule_pathway11_wGen2_network_pretreated.json,/mnt/data.ese/nfs/users/sghosh6/DTRA_project/MACAW/DrugDesignData/Results/BacillusAnthracis_bestMACAW_allDB_generative/DORAnet/BasidalinPrecursor/PATHWAY_reconstruction/high_pPotency_molecule_pathway11_wGen2/high_pPotency_molecule_pathway11_wGen2_network_pretreated.json,/mnt/data.ese/nfs/users/sghosh6/DTRA_project/MACAW/DrugDesignData/Results/BacillusAnthracis_bestMACAW_allDB_generative/DORAnet/BasidalinPrecursor/PATHWAY_reconstruction/high_pPotency_molecule_pathway11_wGen2/high_pPotency_molecule_pathway11_wGen2_pathways_exact2.txt,high_pPotency_molecule_pathway11_wGen2_route_000012,12,2,2,1,2,CCCCC1=CC(=CCNC(N)=[NH2+])OC1=O,CCCC1=CC(=C(C)CNC(N)=[NH2+])OC1=O,CC(C)CC1=CC(=CCNC(N)=[NH2+])OC1=O,CCCC1=CC(=C(C)CNC(N)=[NH2+])OC1=O,CC(C)CC1=CC(=CCNC(N)=[NH2+])OC1=O >> CCCC1=CC(=C(C)CNC(N)=[NH2+])OC1=O,CC(C)CC1=CC(=CCNC(N)=[NH2+])OC1=O>>CCCC1=CC(=C(C)CNC(N)=[NH2+])OC1=O,CC(C)CC1=CC(=CCNC(N)=[NH2+])OC1=O>>CCCC1=CC(=C(C)CNC(N)=[NH2+])OC1=O,CC(C)CC1=CC(=CCNC(N)=[NH2+])OC1=O>>CCCC1=CC(=C(C)CNC(N)=[NH2+])OC1=O,CC(C)CC1=CC(=CCNC(N)=[NH2+])OC1=O>>CCCC1=CC(=C(C)CNC(N)=[NH2+])OC1=O  ||  CCCCC1=CC(=CCNC(N)=[NH2+])OC1=O>>CC(C)CC1=CC(=CCNC(N)=[NH2+])OC1=O,,,False,rule0028_51,No_Thermo,"(1,)","(1,)",Enzymatic,"CC(C)CC1=CC(=CCNC(N)=[NH2+])OC1=O>rule0028_51>No_Thermo$(1,)$(1,)$Enzymatic>CCCC1=CC(=C(C)CNC(N)=[NH2+])OC1=O",matched_by_reaction_and_rule,1,1,False,True,True,high_pPotency_molecule_pathway11_wGen2_route_000012_step_01,CC(C)CC1=CC(=CCNC(N)=[NH2+])OC1=O>>CCCC1=CC(=C(C)CNC(N)=[NH2+])OC1=O  ||  CCCCC1=CC(=CCNC(N)=[NH2+])OC1=O>>CC(C)CC1=CC(=CCNC(N)=[NH2+])OC1=O,CC(C)CC1=CC(=CCNC(N)=[NH2+])OC1=O>>CCCC1=CC(=C(C)CNC(N)=[NH2+])OC1=O,0.037923939526081085,0.0,0.019373148679733276,0.0,0.8491461873054504,1.0,0.8859934210777283,1.0
high_pPotency_molecule_pathway11_wGen2,high_pPotency_molecule_pathway11_wGen2,11,high_pPotency_molecule_pathway11_wGen2,/mnt/data.ese/nfs/users/sghosh6/DTRA_project/MACAW/DrugDesignData/Results/BacillusAnthracis_bestMACAW_allDB_generative/DORAnet/BasidalinPrecursor/PATHWAY_reconstruction/high_pPotency_molecule_pathway11_wGen2,high_pPotency_molecule_pathway11_wGen2_network_pretreated.json,/mnt/data.ese/nfs/users/sghosh6/DTRA_project/MACAW/DrugDesignData/Results/BacillusAnthracis_bestMACAW_allDB_generative/DORAnet/BasidalinPrecursor/PATHWAY_reconstruction/high_pPotency_molecule_pathway11_wGen2/high_pPotency_molecule_pathway11_wGen2_network_pretreated.json,/mnt/data.ese/nfs/users/sghosh6/DTRA_project/MACAW/DrugDesignData/Results/BacillusAnthracis_bestMACAW_allDB_generative/DORAnet/BasidalinPrecursor/PATHWAY_reconstruction/high_pPotency_molecule_pathway11_wGen2/high_pPotency_molecule_pathway11_wGen2_pathways_exact2.txt,high_pPotency_molecule_pathway11_wGen2_route_000012,12,2,2,2,2,CCCCC1=CC(=CCNC(N)=[NH2+])OC1=O,CCCC1=CC(=C(C)CNC(N)=[NH2+])OC1=O,CCCCC1=CC(=CCNC(N)=[NH2+])OC1=O,CC(C)CC1=CC(=CCNC(N)=[NH2+])OC1=O,CCCCC1=CC(=CCNC(N)=[NH2+])OC1=O >> CC(C)CC1=CC(=CCNC(N)=[NH2+])OC1=O,CCCCC1=CC(=CCNC(N)=[NH2+])OC1=O>>CC(C)CC1=CC(=CCNC(N)=[NH2+])OC1=O,CCCCC1=CC(=CCNC(N)=[NH2+])OC1=O>>CC(C)CC1=CC(=CCNC(N)=[NH2+])OC1=O,CCCCC1=CC(=CCNC(N)=[NH2+])OC1=O>>CC(C)CC1=CC(=CCNC(N)=[NH2+])OC1=O,CC(C)CC1=CC(=CCNC(N)=[NH2+])OC1=O>>CCCC1=CC(=C(C)CNC(N)=[NH2+])OC1=O  ||  CCCCC1=CC(=CCNC(N)=[NH2+])OC1=O>>CC(C)CC1=CC(=CCNC(N)=[NH2+])OC1=O,,,False,rule0028_51,No_Thermo,"(1,)","(1,)",Enzymatic,"CCCCC1=CC(=CCNC(N)=[NH2+])OC1=O>rule0028_51>No_Thermo$(1,)$(1,)$Enzymatic>CC(C)CC1=CC(=CCNC(N)=[NH2+])OC1=O",matched_by_reaction_and_rule,1,1,True,False,True,high_pPotency_molecule_pathway11_wGen2_route_000012_step_02,CC(C)CC1=CC(=CCNC(N)=[NH2+])OC1=O>>CCCC1=CC(=C(C)CNC(N)=[NH2+])OC1=O  ||  CCCCC1=CC(=CCNC(N)=[NH2+])OC1=O>>CC(C)CC1=CC(=CCNC(N)=[NH2+])OC1=O,CCCCC1=CC(=CCNC(N)=[NH2+])OC1=O>>CC(C)CC1=CC(=CCNC(N)=[NH2+])OC1=O,0.22641970217227936,0.0,0.1703893393278122,0.0,0.9393141269683838,1.0,0.6600286960601807,1.0
high_pPotency_molecule_pathway11_wGen2,high_pPotency_molecule_pathway11_wGen2,11,high_pPotency_molecule_pathway11_wGen2,/mnt/data.ese/nfs/users/sghosh6/DTRA_project/MACAW/DrugDesignData/Results/BacillusAnthracis_bestMACAW_allDB_generative/DORAnet/BasidalinPrecursor/PATHWAY_reconstruction/high_pPotency_molecule_pathway11_wGen2,high_pPotency_molecule_pathway11_wGen2_network_pretreated.json,/mnt/data.ese/nfs/users/sghosh6/DTRA_project/MACAW/DrugDesignData/Results/BacillusAnthracis_bestMACAW_allDB_generative/DORAnet/BasidalinPrecursor/PATHWAY_reconstruction/high_pPotency_molecule_pathway11_wGen2/high_pPotency_molecule_pathway11_wGen2_network_pretreated.json,/mnt/data.ese/nfs/users/sghosh6/DTRA_project/MACAW/DrugDesignData/Results/BacillusAnthracis_bestMACAW_allDB_generative/DORAnet/BasidalinPrecursor/PATHWAY_reconstruction/high_pPotency_molecule_pathway11_wGen2/high_pPotency_molecule_pathway11_wGen2_pathways_exact2.txt,high_pPotency_molecule_pathway11_wGen2_route_000020,20,2,2,1,2,CCCCC1=CC(=CCNC(N)=[NH2+])OC1=O,CCCC1=CC(=C(C)CNC(N)=[NH2+])OC1=O,CCCC1=CC(=CCNC(N)=[NH2+])OC1=O.C[S+](CC[C@H](N)C(=O)O)C[C@H]1O[C@@H](n2cnc3c(N)ncnc32)[C@H](O)[C@@H]1O,CCCC1=CC(=C(C)CNC(N)=[NH2+])OC1=O.Nc1ncnc2c1ncn2[C@@H]1O[C@H](CSCC[C@H](N)C(=O)O)[C@@H](O)[C@H]1O,CCCC1=CC(=CCNC(N)=[NH2+])OC1=O.C[S+](CC[C@H](N)C(=O)O)C[C@H]1O[C@@H](n2cnc3c(N)ncnc32)[C@H](O)[C@@H]1O >> CCCC1=CC(=C(C)CNC(N)=[NH2+])OC1=O.Nc1ncnc2c1ncn2[C@@H]1O[C@H](CSCC[C@H](N)C(=O)O)[C@@H](O)[C@H]1O,CCCC1=CC(=CCNC(N)=[NH2+])OC1=O.C[S+](CC[C@H](N)C(=O)O)C[C@H]1O[C@@H](n2cnc3c(N)ncnc32)[C@H](O)[C@@H]1O>>CCCC1=CC(=C(C)CNC(N)=[NH2+])OC1=O.Nc1ncnc2c1ncn2[C@@H]1O[C@H](CSCC[C@H](N)C(=O)O)[C@@H](O)[C@H]1O,CCCC1=CC(=CCNC(N)=[NH2+])OC1=O.C[S+](CC[C@H](N)C(=O)O)C[C@H]1O[C@@H](n2cnc3c(N)ncnc32)[C@H](O)[C@@H]1O>>CCCC1=CC(=C(C)CNC(N)=[NH2+])OC1=O.Nc1ncnc2c1ncn2[C@@H]1O[C@H](CSCC[C@H](N)C(=O)O)[C@@H](O)[C@H]1O,CCCC1=CC(=CCNC(N)=[NH2+])OC1=O.C[S+](CC[C@H](N)C(=O)O)C[C@H]1O[C@@H](n2cnc3c(N)ncnc32)[C@H](O)[C@@H]1O>>CCCC1=CC(=C(C)CNC(N)=[NH2+])OC1=O.Nc1ncnc2c1ncn2[C@@H]1O[C@H](CSCC[C@H](N)C(=O)O)[C@@H](O)[C@H]1O,CCCC1=CC(=CCNC(N)=[NH2+])OC1=O.C[S+](CC[C@H](N)C(=O)O)C[C@H]1O[C@@H](n2cnc3c(N)ncnc32)[C@H](O)[C@@H]1O>>CCCC1=CC(=C(C)CNC(N)=[NH2+])OC1=O.Nc1ncnc2c1ncn2[C@@H]1O[C@H](CSCC[C@H](N)C(=O)O)[C@@H](O)[C@H]1O  ||  CCCCC1=CC(=CCNC(N)=[NH2+])OC1=O.CCCCC1=CC(=CCNC(N)=[NH2+])OC1=O>>CCCC1=CC(=CCNC(N)=[NH2+])OC1=O.CCCCC1=CC(=CC(C)NC(N)=[NH2+])OC1=O,,,False,rule0043_12,No_Thermo,"(1, 1)","(1, 1)",Enzymatic,"CCCC1=CC(=CCNC(N)=[NH2+])OC1=O.C[S+](CC[C@H](N)C(=O)O)C[C@H]1O[C@@H](n2cnc3c(N)ncnc32)[C@H](O)[C@@H]1O>rule0043_12>No_Thermo$(1, 1)$(1, 1)$Enzymatic>CCCC1=CC(=C(C)CNC(N)=[NH2+])OC1=O.Nc1ncnc2c1ncn2[C@@H]1O[C@H](CSCC[C@H](N)C(=O)O)[C@@H](O)[C@H]1O",matched_by_reaction_and_rule,2,2,False,True,True,high_pPotency_molecule_pathway11_wGen2_route_000020_step_01,CCCC1=CC(=CCNC(N)=[NH2+])OC1=O.C[S+](CC[C@H](N)C(=O)O)C[C@H]1O[C@@H](n2cnc3c(N)ncnc32)[C@H](O)[C@@H]1O>>CCCC1=CC(=C(C)CNC(N)=[NH2+])OC1=O.Nc1ncnc2c1ncn2[C@@H]1O[C@H](CSCC[C@H](N)C(=O)O)[C@@H](O)[C@H]1O  ||  CCCCC1=CC(=CCNC(N)=[NH2+])OC1=O.CCCCC1=CC(=CCNC(N)=[NH2+])OC1=O>>CCCC1=CC(=CCNC(N)=[NH2+])OC1=O.CCCCC1=CC(=CC(C)NC(N)=[NH2+])OC1=O,CCCC1=CC(=CCNC(N)=[NH2+])OC1=O.C[S+](CC[C@H](N)C(=O)O)C[C@H]1O[C@@H](n2cnc3c(N)ncnc32)[C@H](O)[C@@H]1O>>CCCC1=CC(=C(C)CNC(N)=[NH2+])OC1=O.Nc1ncnc2c1ncn2[C@@H]1O[C@H](CSCC[C@H](N)C(=O)O)[C@@H](O)[C@H]1O,0.9538209438323975,1.0,0.9027226567268372,1.0,0.8775718808174133,1.0,0.7838764190673828,1.0
high_pPotency_molecule_pathway11_wGen2,high_pPotency_molecule_pathway11_wGen2,11,high_pPotency_molecule_pathway11_wGen2,/mnt/data.ese/nfs/users/sghosh6/DTRA_project/MACAW/DrugDesignData/Results/BacillusAnthracis_bestMACAW_allDB_generative/DORAnet/BasidalinPrecursor/PATHWAY_reconstruction/high_pPotency_molecule_pathway11_wGen2,high_pPotency_molecule_pathway11_wGen2_network_pretreated.json,/mnt/data.ese/nfs/users/sghosh6/DTRA_project/MACAW/DrugDesignData/Results/BacillusAnthracis_bestMACAW_allDB_generative/DORAnet/BasidalinPrecursor/PATHWAY_reconstruction/high_pPotency_molecule_pathway11_wGen2/high_pPotency_molecule_pathway11_wGen2_network_pretreated.json,/mnt/data.ese/nfs/users/sghosh6/DTRA_project/MACAW/DrugDesignData/Results/BacillusAnthracis_bestMACAW_allDB_generative/DORAnet/BasidalinPrecursor/PATHWAY_reconstruction/high_pPotency_molecule_pathway11_wGen2/high_pPotency_molecule_pathway11_wGen2_pathways_exact2.txt,high_pPotency_molecule_pathway11_wGen2_route_000021,21,2,2,1,2,CCCCC1=CC(=CCNC(N)=[NH2+])OC1=O,CCCC1=CC(=C(C)CNC(N)=[NH2+])OC1=O,CCCC1=CC(=CCNC(N)=[NH2+])OC1=O.C[S+](CC[C@H](N)C(=O)O)C[C@H]1O[C@@H](n2cnc3c(N)ncnc32)[C@H](O)[C@@H]1O,CCCC1=CC(=C(C)CNC(N)=[NH2+])OC1=O.Nc1ncnc2c1ncn2[C@@H]1O[C@H](CSCC[C@H](N)C(=O)O)[C@@H](O)[C@H]1O,CCCC1=CC(=CCNC(N)=[NH2+])OC1=O.C[S+](CC[C@H](N)C(=O)O)C[C@H]1O[C@@H](n2cnc3c(N)ncnc32)[C@H](O)[C@@H]1O >> CCCC1=CC(=C(C)CNC(N)=[NH2+])OC1=O.Nc1ncnc2c1ncn2[C@@H]1O[C@H](CSCC[C@H](N)C(=O)O)[C@@H](O)[C@H]1O,CCCC1=CC(=CCNC(N)=[NH2+])OC1=O.C[S+](CC[C@H](N)C(=O)O)C[C@H]1O[C@@H](n2cnc3c(N)ncnc32)[C@H](O)[C@@H]1O>>CCCC1=CC(=C(C)CNC(N)=[NH2+])OC1=O.Nc1ncnc2c1ncn2[C@@H]1O[C@H](CSCC[C@H](N)C(=O)O)[C@@H](O)[C@H]1O,CCCC1=CC(=CCNC(N)=[NH2+])OC1=O.C[S+](CC[C@H](N)C(=O)O)C[C@H]1O[C@@H](n2cnc3c(N)ncnc32)[C@H](O)[C@@H]1O>>CCCC1=CC(=C(C)CNC(N)=[NH2+])OC1=O.Nc1ncnc2c1ncn2[C@@H]1O[C@H](CSCC[C@H](N)C(=O)O)[C@@H](O)[C@H]1O,CCCC1=CC(=CCNC(N)=[NH2+])OC1=O.C[S+](CC[C@H](N)C(=O)O)C[C@H]1O[C@@H](n2cnc3c(N)ncnc32)[C@H](O)[C@@H]1O>>CCCC1=CC(=C(C)CNC(N)=[NH2+])OC1=O.Nc1ncnc2c1ncn2[C@@H]1O[C@H](CSCC[C@H](N)C(=O)O)[C@@H](O)[C@H]1O,CCCC1=CC(=CCNC(N)=[NH2+])OC1=O.C[S+](CC[C@H](N)C(=O)O)C[C@H]1O[C@@H](n2cnc3c(N)ncnc32)[C@H](O)[C@@H]1O>>CCCC1=CC(=C(C)CNC(N)=[NH2+])OC1=O.Nc1ncnc2c1ncn2[C@@H]1O[C@H](CSCC[C@H](N)C(=O)O)[C@@H](O)[C@H]1O  ||  CCCCC1=CC(=CCNC(N)=[NH2+])OC1=O.CCCCC1=CC(=CCNC(N)=[NH2+])OC1=O>>CCC(C)CC1=CC(=CCNC(N)=[NH2+])OC1=O.CCCC1=CC(=CCNC(N)=[NH2+])OC1=O,,,False,rule0043_12,No_Thermo,"(1, 1)","(1, 1)",Enzymatic,"CCCC1=CC(=CCNC(N)=[NH2+])OC1=O.C[S+](CC[C@H](N)C(=O)O)C[C@H]1O[C@@H](n2cnc3c(N)ncnc32)[C@H](O)[C@@H]1O>rule0043_12>No_Thermo$(1, 1)$(1, 1)$Enzymatic>CCCC1=CC(=C(C)CNC(N)=[NH2+])OC1=O.Nc1ncnc2c1ncn2[C@@H]1O[C@H](CSCC[C@H](N)C(=O)O)[C@@H](O)[C@H]1O",matched_by_reaction_and_rule,2,2,False,True,True,high_pPotency_molecule_pathway11_wGen2_route_000021_step_01,CCCC1=CC(=CCNC(N)=[NH2+])OC1=O.C[S+](CC[C@H](N)C(=O)O)C[C@H]1O[C@@H](n2cnc3c(N)ncnc32)[C@H](O)[C@@H]1O>>CCCC1=CC(=C(C)CNC(N)=[NH2+])OC1=O.Nc1ncnc2c1ncn2[C@@H]1O[C@H](CSCC[C@H](N)C(=O)O)[C@@H](O)[C@H]1O  ||  CCCCC1=CC(=CCNC(N)=[NH2+])OC1=O.CCCCC1=CC(=CCNC(N)=[NH2+])OC1=O>>CCC(C)CC1=CC(=CCNC(N)=[NH2+])OC1=O.CCCC1=CC(=CCNC(N)=[NH2+])OC1=O,CCCC1=CC(=CCNC(N)=[NH2+])OC1=O.C[S+](CC[C@H](N)C(=O)O)C[C@H]1O[C@@H](n2cnc3c(N)ncnc32)[C@H](O)[C@@H]1O>>CCCC1=CC(=C(C)CNC(N)=[NH2+])OC1=O.Nc1ncnc2c1ncn2[C@@H]1O[C@H](CSCC[C@H](N)C(=O)O)[C@@H](O)[C@H]1O,0.9538209438323975,1.0,0.9027226567268372,1.0,0.8775718808174133,1.0,0.7838764190673828,1.0
high_pPotency_molecule_pathway11_wGen2,high_pPotency_molecule_pathway11_wGen2,11,high_pPotency_molecule_pathway11_wGen2,/mnt/data.ese/nfs/users/sghosh6/DTRA_project/MACAW/DrugDesignData/Results/BacillusAnthracis_bestMACAW_allDB_generative/DORAnet/BasidalinPrecursor/PATHWAY_reconstruction/high_pPotency_molecule_pathway11_wGen2,high_pPotency_molecule_pathway11_wGen2_network_pretreated.json,/mnt/data.ese/nfs/users/sghosh6/DTRA_project/MACAW/DrugDesignData/Results/BacillusAnthracis_bestMACAW_allDB_generative/DORAnet/BasidalinPrecursor/PATHWAY_reconstruction/high_pPotency_molecule_pathway11_wGen2/high_pPotency_molecule_pathway11_wGen2_network_pretreated.json,/mnt/data.ese/nfs/users/sghosh6/DTRA_project/MACAW/DrugDesignData/Results/BacillusAnthracis_bestMACAW_allDB_generative/DORAnet/BasidalinPrecursor/PATHWAY_reconstruction/high_pPotency_molecule_pathway11_wGen2/high_pPotency_molecule_pathway11_wGen2_pathways_exact2.txt,high_pPotency_molecule_pathway11_wGen2_route_000022,22,2,2,1,2,CCCCC1=CC(=CCNC(N)=[NH2+])OC1=O,CCCC1=CC(=C(C)CNC(N)=[NH2+])OC1=O,CCCC1=CC(=CCNC(N)=[NH2+])OC1=O.C[S+](CC[C@H](N)C(=O)O)C[C@H]1O[C@@H](n2cnc3c(N)ncnc32)[C@H](O)[C@@H]1O,CCCC1=CC(=C(C)CNC(N)=[NH2+])OC1=O.Nc1ncnc2c1ncn2[C@@H]1O[C@H](CSCC[C@H](N)C(=O)O)[C@@H](O)[C@H]1O,CCCC1=CC(=CCNC(N)=[NH2+])OC1=O.C[S+](CC[C@H](N)C(=O)O)C[C@H]1O[C@@H](n2cnc3c(N)ncnc32)[C@H](O)[C@@H]1O >> CCCC1=CC(=C(C)CNC(N)=[NH2+])OC1=O.Nc1ncnc2c1ncn2[C@@H]1O[C@H](CSCC[C@H](N)C(=O)O)[C@@H](O)[C@H]1O,CCCC1=CC(=CCNC(N)=[NH2+])OC1=O.C[S+](CC[C@H](N)C(=O)O)C[C@H]1O[C@@H](n2cnc3c(N)ncnc32)[C@H](O)[C@@H]1O>>CCCC1=CC(=C(C)CNC(N)=[NH2+])OC1=O.Nc1ncnc2c1ncn2[C@@H]1O[C@H](CSCC[C@H](N)C(=O)O)[C@@H](O)[C@H]1O,CCCC1=CC(=CCNC(N)=[NH2+])OC1=O.C[S+](CC[C@H](N)C(=O)O)C[C@H]1O[C@@H](n2cnc3c(N)ncnc32)[C@H](O)[C@@H]1O>>CCCC1=CC(=C(C)CNC(N)=[NH2+])OC1=O.Nc1ncnc2c1ncn2[C@@H]1O[C@H](CSCC[C@H](N)C(=O)O)[C@@H](O)[C@H]1O,CCCC1=CC(=CCNC(N)=[NH2+])OC1=O.C[S+](CC[C@H](N)C(=O)O)C[C@H]1O[C@@H](n2cnc3c(N)ncnc32)[C@H](O)[C@@H]1O>>CCCC1=CC(=C(C)CNC(N)=[NH2+])OC1=O.Nc1ncnc2c1ncn2[C@@H]1O[C@H](CSCC[C@H](N)C(=O)O)[C@@H](O)[C@H]1O,CCCC1=CC(=CCNC(N)=[NH2+])OC1=O.C[S+](CC[C@H](N)C(=O)O)C[C@H]1O[C@@H](n2cnc3c(N)ncnc32)[C@H](O)[C@@H]1O>>CCCC1=CC(=C(C)CNC(N)=[NH2+])OC1=O.Nc1ncnc2c1ncn2[C@@H]1O[C@H](CSCC[C@H](N)C(=O)O)[C@@H](O)[C@H]1O  ||  CCCCC1=CC(=CCNC(N)=[NH2+])OC1=O.CCCCC1=CC(=CCNC(N)=[NH2+])OC1=O>>CCCC(C)C1=CC(=CCNC(N)=[NH2+])OC1=O.CCCC1=CC(=CCNC(N)=[NH2+])OC1=O,,,False,rule0043_12,No_Thermo,"(1, 1)","(1, 1)",Enzymatic,"CCCC1=CC(=CCNC(N)=[NH2+])OC1=O.C[S+](CC[C@H](N)C(=O)O)C[C@H]1O[C@@H](n2cnc3c(N)ncnc32)[C@H](O)[C@@H]1O>rule0043_12>No_Thermo$(1, 1)$(1, 1)$Enzymatic>CCCC1=CC(=C(C)CNC(N)=[NH2+])OC1=O.Nc1ncnc2c1ncn2[C@@H]1O[C@H](CSCC[C@H](N)C(=O)O)[C@@H](O)[C@H]1O",matched_by_reaction_and_rule,2,2,False,True,True,high_pPotency_molecule_pathway11_wGen2_route_000022_step_01,CCCC1=CC(=CCNC(N)=[NH2+])OC1=O.C[S+](CC[C@H](N)C(=O)O)C[C@H]1O[C@@H](n2cnc3c(N)ncnc32)[C@H](O)[C@@H]1O>>CCCC1=CC(=C(C)CNC(N)=[NH2+])OC1=O.Nc1ncnc2c1ncn2[C@@H]1O[C@H](CSCC[C@H](N)C(=O)O)[C@@H](O)[C@H]1O  ||  CCCCC1=CC(=CCNC(N)=[NH2+])OC1=O.CCCCC1=CC(=CCNC(N)=[NH2+])OC1=O>>CCCC(C)C1=CC(=CCNC(N)=[NH2+])OC1=O.CCCC1=CC(=CCNC(N)=[NH2+])OC1=O,CCCC1=CC(=CCNC(N)=[NH2+])OC1=O.C[S+](CC[C@H](N)C(=O)O)C[C@H]1O[C@@H](n2cnc3c(N)ncnc32)[C@H](O)[C@@H]1O>>CCCC1=CC(=C(C)CNC(N)=[NH2+])OC1=O.Nc1ncnc2c1ncn2[C@@H]1O[C@H](CSCC[C@H](N)C(=O)O)[C@@H](O)[C@H]1O,0.9538209438323975,1.0,0.9027226567268372,1.0,0.8775718808174133,1.0,0.7838764190673828,1.0
high_pPotency_molecule_pathway11_wGen2,high_pPotency_molecule_pathway11_wGen2,11,high_pPotency_molecule_pathway11_wGen2,/mnt/data.ese/nfs/users/sghosh6/DTRA_project/MACAW/DrugDesignData/Results/BacillusAnthracis_bestMACAW_allDB_generative/DORAnet/BasidalinPrecursor/PATHWAY_reconstruction/high_pPotency_molecule_pathway11_wGen2,high_pPotency_molecule_pathway11_wGen2_network_pretreated.json,/mnt/data.ese/nfs/users/sghosh6/DTRA_project/MACAW/DrugDesignData/Results/BacillusAnthracis_bestMACAW_allDB_generative/DORAnet/BasidalinPrecursor/PATHWAY_reconstruction/high_pPotency_molecule_pathway11_wGen2/high_pPotency_molecule_pathway11_wGen2_network_pretreated.json,/mnt/data.ese/nfs/users/sghosh6/DTRA_project/MACAW/DrugDesignData/Results/BacillusAnthracis_bestMACAW_allDB_generative/DORAnet/BasidalinPrecursor/PATHWAY_reconstruction/high_pPotency_molecule_pathway11_wGen2/high_pPotency_molecule_pathway11_wGen2_pathways_exact2.txt,high_pPotency_molecule_pathway11_wGen2_route_000023,23,2,2,1,2,CCCCC1=CC(=CCNC(N)=[NH2+])OC1=O,CCCC1=CC(=C(C)CNC(N)=[NH2+])OC1=O,CCCC1=CC(=CCNC(N)=[NH2+])OC1=O.C[S+](CC[C@H](N)C(=O)O)C[C@H]1O[C@@H](n2cnc3c(N)ncnc32)[C@H](O)[C@@H]1O,CCCC1=CC(=C(C)CNC(N)=[NH2+])OC1=O.Nc1ncnc2c1ncn2[C@@H]1O[C@H](CSCC[C@H](N)C(=O)O)[C@@H](O)[C@H]1O,CCCC1=CC(=CCNC(N)=[NH2+])OC1=O.C[S+](CC[C@H](N)C(=O)O)C[C@H]1O[C@@H](n2cnc3c(N)ncnc32)[C@H](O)[C@@H]1O >> CCCC1=CC(=C(C)CNC(N)=[NH2+])OC1=O.Nc1ncnc2c1ncn2[C@@H]1O[C@H](CSCC[C@H](N)C(=O)O)[C@@H](O)[C@H]1O,CCCC1=CC(=CCNC(N)=[NH2+])OC1=O.C[S+](CC[C@H](N)C(=O)O)C[C@H]1O[C@@H](n2cnc3c(N)ncnc32)[C@H](O)[C@@H]1O>>CCCC1=CC(=C(C)CNC(N)=[NH2+])OC1=O.Nc1ncnc2c1ncn2[C@@H]1O[C@H](CSCC[C@H](N)C(=O)O)[C@@H](O)[C@H]1O,CCCC1=CC(=CCNC(N)=[NH2+])OC1=O.C[S+](CC[C@H](N)C(=O)O)C[C@H]1O[C@@H](n2cnc3c(N)ncnc32)[C@H](O)[C@@H]1O>>CCCC1=CC(=C(C)CNC(N)=[NH2+])OC1=O.Nc1ncnc2c1ncn2[C@@H]1O[C@H](CSCC[C@H](N)C(=O)O)[C@@H](O)[C@H]1O,CCCC1=CC(=CCNC(N)=[NH2+])OC1=O.C[S+](CC[C@H](N)C(=O)O)C[C@H]1O[C@@H](n2cnc3c(N)ncnc32)[C@H](O)[C@@H]1O>>CCCC1=CC(=C(C)CNC(N)=[NH2+])OC1=O.Nc1ncnc2c1ncn2[C@@H]1O[C@H](CSCC[C@H](N)C(=O)O)[C@@H](O)[C@H]1O,CCCC1=CC(=CCNC(N)=[NH2+])OC1=O.C[S+](CC[C@H](N)C(=O)O)C[C@H]1O[C@@H](n2cnc3c(N)ncnc32)[C@H](O)[C@@H]1O>>CCCC1=CC(=C(C)CNC(N)=[NH2+])OC1=O.Nc1ncnc2c1ncn2[C@@H]1O[C@H](CSCC[C@H](N)C(=O)O)[C@@H](O)[C@H]1O  ||  CCCCC1=CC(=CCNC(N)=[NH2+])OC1=O.CCCCC1=CC(=CCNC(N)=[NH2+])OC1=O>>CCCC1=CC(=CCNC(N)=[NH2+])OC1=O.CCCCC1=CC(=C(C)CNC(N)=[NH2+])OC1=O,,,False,rule0043_12,No_Thermo,"(1, 1)","(1, 1)",Enzymatic,"CCCC1=CC(=CCNC(N)=[NH2+])OC1=O.C[S+](CC[C@H](N)C(=O)O)C[C@H]1O[C@@H](n2cnc3c(N)ncnc32)[C@H](O)[C@@H]1O>rule0043_12>No_Thermo$(1, 1)$(1, 1)$Enzymatic>CCCC1=CC(=C(C)CNC(N)=[NH2+])OC1=O.Nc1ncnc2c1ncn2[C@@H]1O[C@H](CSCC[C@H](N)C(=O)O)[C@@H](O)[C@H]1O",matched_by_reaction_and_rule,2,2,False,True,True,high_pPotency_molecule_pathway11_wGen2_route_000023_step_01,CCCC1=CC(=CCNC(N)=[NH2+])OC1=O.C[S+](CC[C@H](N)C(=O)O)C[C@H]1O[C@@H](n2cnc3c(N)ncnc32)[C@H](O)[C@@H]1O>>CCCC1=CC(=C(C)CNC(N)=[NH2+])OC1=O.Nc1ncnc2c1ncn2[C@@H]1O[C@H](CSCC[C@H](N)C(=O)O)[C@@H](O)[C@H]1O  ||  CCCCC1=CC(=CCNC(N)=[NH2+])OC1=O.CCCCC1=CC(=CCNC(N)=[NH2+])OC1=O>>CCCC1=CC(=CCNC(N)=[NH2+])OC1=O.CCCCC1=CC(=C(C)CNC(N)=[NH2+])OC1=O,CCCC1=CC(=CCNC(N)=[NH2+])OC1=O.C[S+](CC[C@H](N)C(=O)O)C[C@H]1O[C@@H](n2cnc3c(N)ncnc32)[C@H](O)[C@@H]1O>>CCCC1=CC(=C(C)CNC(N)=[NH2+])OC1=O.Nc1ncnc2c1ncn2[C@@H]1O[C@H](CSCC[C@H](N)C(=O)O)[C@@H](O)[C@H]1O,0.9538209438323975,1.0,0.9027226567268372,1.0,0.8775718808174133,1.0,0.7838764190673828,1.0
high_pPotency_molecule_pathway11_wGen2,high_pPotency_molecule_pathway11_wGen2,11,high_pPotency_molecule_pathway11_wGen2,/mnt/data.ese/nfs/users/sghosh6/DTRA_project/MACAW/DrugDesignData/Results/BacillusAnthracis_bestMACAW_allDB_generative/DORAnet/BasidalinPrecursor/PATHWAY_reconstruction/high_pPotency_molecule_pathway11_wGen2,high_pPotency_molecule_pathway11_wGen2_network_pretreated.json,/mnt/data.ese/nfs/users/sghosh6/DTRA_project/MACAW/DrugDesignData/Results/BacillusAnthracis_bestMACAW_allDB_generative/DORAnet/BasidalinPrecursor/PATHWAY_reconstruction/high_pPotency_molecule_pathway11_wGen2/high_pPotency_molecule_pathway11_wGen2_network_pretreated.json,/mnt/data.ese/nfs/users/sghosh6/DTRA_project/MACAW/DrugDesignData/Results/BacillusAnthracis_bestMACAW_allDB_generative/DORAnet/BasidalinPrecursor/PATHWAY_reconstruction/high_pPotency_molecule_pathway11_wGen2/high_pPotency_molecule_pathway11_wGen2_pathways_exact2.txt,high_pPotency_molecule_pathway11_wGen2_route_000024,24,2,2,1,2,CCCCC1=CC(=CCNC(N)=[NH2+])OC1=O,CCCC1=CC(=C(C)CNC(N)=[NH2+])OC1=O,CCCC1=CC(=CCNC(N)=[NH2+])OC1=O.C[S+](CC[C@H](N)C(=O)O)C[C@H]1O[C@@H](n2cnc3c(N)ncnc32)[C@H](O)[C@@H]1O,CCCC1=CC(=C(C)CNC(N)=[NH2+])OC1=O.Nc1ncnc2c1ncn2[C@@H]1O[C@H](CSCC[C@H](N)C(=O)O)[C@@H](O)[C@H]1O,CCCC1=CC(=CCNC(N)=[NH2+])OC1=O.C[S+](CC[C@H](N)C(=O)O)C[C@H]1O[C@@H](n2cnc3c(N)ncnc32)[C@H](O)[C@@H]1O >> CCCC1=CC(=C(C)CNC(N)=[NH2+])OC1=O.Nc1ncnc2c1ncn2[C@@H]1O[C@H](CSCC[C@H](N)C(=O)O)[C@@H](O)[C@H]1O,CCCC1=CC(=CCNC(N)=[NH2+])OC1=O.C[S+](CC[C@H](N)C(=O)O)C[C@H]1O[C@@H](n2cnc3c(N)ncnc32)[C@H](O)[C@@H]1O>>CCCC1=CC(=C(C)CNC(N)=[NH2+])OC1=O.Nc1ncnc2c1ncn2[C@@H]1O[C@H](CSCC[C@H](N)C(=O)O)[C@@H](O)[C@H]1O,CCCC1=CC(=CCNC(N)=[NH2+])OC1=O.C[S+](CC[C@H](N)C(=O)O)C[C@H]1O[C@@H](n2cnc3c(N)ncnc32)[C@H](O)[C@@H]1O>>CCCC1=CC(=C(C)CNC(N)=[NH2+])OC1=O.Nc1ncnc2c1ncn2[C@@H]1O[C@H](CSCC[C@H](N)C(=O)O)[C@@H](O)[C@H]1O,CCCC1=CC(=CCNC(N)=[NH2+])OC1=O.C[S+](CC[C@H](N)C(=O)O)C[C@H]1O[C@@H](n2cnc3c(N)ncnc32)[C@H](O)[C@@H]1O>>CCCC1=CC(=C(C)CNC(N)=[NH2+])OC1=O.Nc1ncnc2c1ncn2[C@@H]1O[C@H](CSCC[C@H](N)C(=O)O)[C@@H](O)[C@H]1O,CCCC1=CC(=CCNC(N)=[NH2+])OC1=O.C[S+](CC[C@H](N)C(=O)O)C[C@H]1O[C@@H](n2cnc3c(N)ncnc32)[C@H](O)[C@@H]1O>>CCCC1=CC(=C(C)CNC(N)=[NH2+])OC1=O.Nc1ncnc2c1ncn2[C@@H]1O[C@H](CSCC[C@H](N)C(=O)O)[C@@H](O)[C@H]1O  ||  CCCCC1=CC(=CCNC(N)=[NH2+])OC1=O.CCCCC1=CC(=CCNC(N)=[NH2+])OC1=O>>CCCC1=CC(=CCNC(N)=[NH2+])OC1=O.CCCCC1=C(C)C(=CCNC(N)=[NH2+])OC1=O,,,False,rule0043_12,No_Thermo,"(1, 1)","(1, 1)",Enzymatic,"CCCC1=CC(=CCNC(N)=[NH2+])OC1=O.C[S+](CC[C@H](N)C(=O)O)C[C@H]1O[C@@H](n2cnc3c(N)ncnc32)[C@H](O)[C@@H]1O>rule0043_12>No_Thermo$(1, 1)$(1, 1)$Enzymatic>CCCC1=CC(=C(C)CNC(N)=[NH2+])OC1=O.Nc1ncnc2c1ncn2[C@@H]1O[C@H](CSCC[C@H](N)C(=O)O)[C@@H](O)[C@H]1O",matched_by_reaction_and_rule,2,2,False,True,True,high_pPotency_molecule_pathway11_wGen2_route_000024_step_01,CCCC1=CC(=CCNC(N)=[NH2+])OC1=O.C[S+](CC[C@H](N)C(=O)O)C[C@H]1O[C@@H](n2cnc3c(N)ncnc32)[C@H](O)[C@@H]1O>>CCCC1=CC(=C(C)CNC(N)=[NH2+])OC1=O.Nc1ncnc2c1ncn2[C@@H]1O[C@H](CSCC[C@H](N)C(=O)O)[C@@H](O)[C@H]1O  ||  CCCCC1=CC(=CCNC(N)=[NH2+])OC1=O.CCCCC1=CC(=CCNC(N)=[NH2+])OC1=O>>CCCC1=CC(=CCNC(N)=[NH2+])OC1=O.CCCCC1=C(C)C(=CCNC(N)=[NH2+])OC1=O,CCCC1=CC(=CCNC(N)=[NH2+])OC1=O.C[S+](CC[C@H](N)C(=O)O)C[C@H]1O[C@@H](n2cnc3c(N)ncnc32)[C@H](O)[C@@H]1O>>CCCC1=CC(=C(C)CNC(N)=[NH2+])OC1=O.Nc1ncnc2c1ncn2[C@@H]1O[C@H](CSCC[C@H](N)C(=O)O)[C@@H](O)[C@H]1O,0.9538209438323975,1.0,0.9027226567268372,1.0,0.8775718808174133,1.0,0.7838764190673828,1.0
high_pPotency_molecule_pathway11_wGen2,high_pPotency_molecule_pathway11_wGen2,11,high_pPotency_molecule_pathway11_wGen2,/mnt/data.ese/nfs/users/sghosh6/DTRA_project/MACAW/DrugDesignData/Results/BacillusAnthracis_bestMACAW_allDB_generative/DORAnet/BasidalinPrecursor/PATHWAY_reconstruction/high_pPotency_molecule_pathway11_wGen2,high_pPotency_molecule_pathway11_wGen2_network_pretreated.json,/mnt/data.ese/nfs/users/sghosh6/DTRA_project/MACAW/DrugDesignData/Results/BacillusAnthracis_bestMACAW_allDB_generative/DORAnet/BasidalinPrecursor/PATHWAY_reconstruction/high_pPotency_molecule_pathway11_wGen2/high_pPotency_molecule_pathway11_wGen2_network_pretreated.json,/mnt/data.ese/nfs/users/sghosh6/DTRA_project/MACAW/DrugDesignData/Results/BacillusAnthracis_bestMACAW_allDB_generative/DORAnet/BasidalinPrecursor/PATHWAY_reconstruction/high_pPotency_molecule_pathway11_wGen2/high_pPotency_molecule_pathway11_wGen2_pathways_exact2.txt,high_pPotency_molecule_pathway11_wGen2_route_000025,25,2,2,1,2,CCCCC1=CC(=CCNC(N)=[NH2+])OC1=O,CCCC1=CC(=C(C)CNC(N)=[NH2+])OC1=O,CCCC1=CC(=CCNC(N)=[NH2+])OC1=O.C[S+](CC[C@H](N)C(=O)O)C[C@H]1O[C@@H](n2cnc3c(N)ncnc32)[C@H](O)[C@@H]1O,CCCC1=CC(=C(C)CNC(N)=[NH2+])OC1=O.Nc1ncnc2c1ncn2[C@@H]1O[C@H](CSCC[C@H](N)C(=O)O)[C@@H](O)[C@H]1O,CCCC1=CC(=CCNC(N)=[NH2+])OC1=O.C[S+](CC[C@H](N)C(=O)O)C[C@H]1O[C@@H](n2cnc3c(N)ncnc32)[C@H](O)[C@@H]1O >> CCCC1=CC(=C(C)CNC(N)=[NH2+])OC1=O.Nc1ncnc2c1ncn2[C@@H]1O[C@H](CSCC[C@H](N)C(=O)O)[C@@H](O)[C@H]1O,CCCC1=CC(=CCNC(N)=[NH2+])OC1=O.C[S+](CC[C@H](N)C(=O)O)C[C@H]1O[C@@H](n2cnc3c(N)ncnc32)[C@H](O)[C@@H]1O>>CCCC1=CC(=C(C)CNC(N)=[NH2+])OC1=O.Nc1ncnc2c1ncn2[C@@H]1O[C@H](CSCC[C@H](N)C(=O)O)[C@@H](O)[C@H]1O,CCCC1=CC(=CCNC(N)=[NH2+])OC1=O.C[S+](CC[C@H](N)C(=O)O)C[C@H]1O[C@@H](n2cnc3c(N)ncnc32)[C@H](O)[C@@H]1O>>CCCC1=CC(=C(C)CNC(N)=[NH2+])OC1=O.Nc1ncnc2c1ncn2[C@@H]1O[C@H](CSCC[C@H](N)C(=O)O)[C@@H](O)[C@H]1O,CCCC1=CC(=CCNC(N)=[NH2+])OC1=O.C[S+](CC[C@H](N)C(=O)O)C[C@H]1O[C@@H](n2cnc3c(N)ncnc32)[C@H](O)[C@@H]1O>>CCCC1=CC(=C(C)CNC(N)=[NH2+])OC1=O.Nc1ncnc2c1ncn2[C@@H]1O[C@H](CSCC[C@H](N)C(=O)O)[C@@H](O)[C@H]1O,CCCC1=CC(=CCNC(N)=[NH2+])OC1=O.C[S+](CC[C@H](N)C(=O)O)C[C@H]1O[C@@H](n2cnc3c(N)ncnc32)[C@H](O)[C@@H]1O>>CCCC1=CC(=C(C)CNC(N)=[NH2+])OC1=O.Nc1ncnc2c1ncn2[C@@H]1O[C@H](CSCC[C@H](N)C(=O)O)[C@@H](O)[C@H]1O  ||  CCCCC1=CC(=CCNC(N)=[NH2+])OC1=O.CCCCC1=CC(=CCNC(N)=[NH2+])OC1=O>>CCCC1=CC(=CCNC(N)=[NH2+])OC1=O.CCCCCC1=CC(=CCNC(N)=[NH2+])OC1=O,,,False,rule0043_12,No_Thermo,"(1, 1)","(1, 1)",Enzymatic,"CCCC1=CC(=CCNC(N)=[NH2+])OC1=O.C[S+](CC[C@H](N)C(=O)O)C[C@H]1O[C@@H](n2cnc3c(N)ncnc32)[C@H](O)[C@@H]1O>rule0043_12>No_Thermo$(1, 1)$(1, 1)$Enzymatic>CCCC1=CC(=C(C)CNC(N)=[NH2+])OC1=O.Nc1ncnc2c1ncn2[C@@H]1O[C@H](CSCC[C@H](N)C(=O)O)[C@@H](O)[C@H]1O",matched_by_reaction_and_rule,2,2,False,True,True,high_pPotency_molecule_pathway11_wGen2_route_000025_step_01,CCCC1=CC(=CCNC(N)=[NH2+])OC1=O.C[S+](CC[C@H](N)C(=O)O)C[C@H]1O[C@@H](n2cnc3c(N)ncnc32)[C@H](O)[C@@H]1O>>CCCC1=CC(=C(C)CNC(N)=[NH2+])OC1=O.Nc1ncnc2c1ncn2[C@@H]1O[C@H](CSCC[C@H](N)C(=O)O)[C@@H](O)[C@H]1O  ||  CCCCC1=CC(=CCNC(N)=[NH2+])OC1=O.CCCCC1=CC(=CCNC(N)=[NH2+])OC1=O>>CCCC1=CC(=CCNC(N)=[NH2+])OC1=O.CCCCCC1=CC(=CCNC(N)=[NH2+])OC1=O,CCCC1=CC(=CCNC(N)=[NH2+])OC1=O.C[S+](CC[C@H](N)C(=O)O)C[C@H]1O[C@@H](n2cnc3c(N)ncnc32)[C@H](O)[C@@H]1O>>CCCC1=CC(=C(C)CNC(N)=[NH2+])OC1=O.Nc1ncnc2c1ncn2[C@@H]1O[C@H](CSCC[C@H](N)C(=O)O)[C@@H](O)[C@H]1O,0.9538209438323975,1.0,0.9027226567268372,1.0,0.8775718808174133,1.0,0.7838764190673828,1.0
high_pPotency_molecule_pathway11_wGen2,high_pPotency_molecule_pathway11_wGen2,11,high_pPotency_molecule_pathway11_wGen2,/mnt/data.ese/nfs/users/sghosh6/DTRA_project/MACAW/DrugDesignData/Results/BacillusAnthracis_bestMACAW_allDB_generative/DORAnet/BasidalinPrecursor/PATHWAY_reconstruction/high_pPotency_molecule_pathway11_wGen2,high_pPotency_molecule_pathway11_wGen2_network_pretreated.json,/mnt/data.ese/nfs/users/sghosh6/DTRA_project/MACAW/DrugDesignData/Results/BacillusAnthracis_bestMACAW_allDB_generative/DORAnet/BasidalinPrecursor/PATHWAY_reconstruction/high_pPotency_molecule_pathway11_wGen2/high_pPotency_molecule_pathway11_wGen2_network_pretreated.json,/mnt/data.ese/nfs/users/sghosh6/DTRA_project/MACAW/DrugDesignData/Results/BacillusAnthracis_bestMACAW_allDB_generative/DORAnet/BasidalinPrecursor/PATHWAY_reconstruction/high_pPotency_molecule_pathway11_wGen2/high_pPotency_molecule_pathway11_wGen2_pathways_exact2.txt,high_pPotency_molecule_pathway11_wGen2_route_000026,26,2,2,1,2,CCCCC1=CC(=CCNC(N)=[NH2+])OC1=O,CCCC1=CC(=C(C)CNC(N)=[NH2+])OC1=O,CCCC1=CC(=CCNC(N)=[NH2+])OC1=O.C[S+](CC[C@H](N)C(=O)O)C[C@H]1O[C@@H](n2cnc3c(N)ncnc32)[C@H](O)[C@@H]1O,CCCC1=CC(=C(C)CNC(N)=[NH2+])OC1=O.Nc1ncnc2c1ncn2[C@@H]1O[C@H](CSCC[C@H](N)C(=O)O)[C@@H](O)[C@H]1O,CCCC1=CC(=CCNC(N)=[NH2+])OC1=O.C[S+](CC[C@H](N)C(=O)O)C[C@H]1O[C@@H](n2cnc3c(N)ncnc32)[C@H](O)[C@@H]1O >> CCCC1=CC(=C(C)CNC(N)=[NH2+])OC1=O.Nc1ncnc2c1ncn2[C@@H]1O[C@H](CSCC[C@H](N)C(=O)O)[C@@H](O)[C@H]1O,CCCC1=CC(=CCNC(N)=[NH2+])OC1=O.C[S+](CC[C@H](N)C(=O)O)C[C@H]1O[C@@H](n2cnc3c(N)ncnc32)[C@H](O)[C@@H]1O>>CCCC1=CC(=C(C)CNC(N)=[NH2+])OC1=O.Nc1ncnc2c1ncn2[C@@H]1O[C@H](CSCC[C@H](N)C(=O)O)[C@@H](O)[C@H]1O,CCCC1=CC(=CCNC(N)=[NH2+])OC1=O.C[S+](CC[C@H](N)C(=O)O)C[C@H]1O[C@@H](n2cnc3c(N)ncnc32)[C@H](O)[C@@H]1O>>CCCC1=CC(=C(C)CNC(N)=[NH2+])OC1=O.Nc1ncnc2c1ncn2[C@@H]1O[C@H](CSCC[C@H](N)C(=O)O)[C@@H](O)[C@H]1O,CCCC1=CC(=CCNC(N)=[NH2+])OC1=O.C[S+](CC[C@H](N)C(=O)O)C[C@H]1O[C@@H](n2cnc3c(N)ncnc32)[C@H](O)[C@@H]1O>>CCCC1=CC(=C(C)CNC(N)=[NH2+])OC1=O.Nc1ncnc2c1ncn2[C@@H]1O[C@H](CSCC[C@H](N)C(=O)O)[C@@H](O)[C@H]1O,CCCC1=CC(=CCNC(N)=[NH2+])OC1=O.C[S+](CC[C@H](N)C(=O)O)C[C@H]1O[C@@H](n2cnc3c(N)ncnc32)[C@H](O)[C@@H]1O>>CCCC1=CC(=C(C)CNC(N)=[NH2+])OC1=O.Nc1ncnc2c1ncn2[C@@H]1O[C@H](CSCC[C@H](N)C(=O)O)[C@@H](O)[C@H]1O  ||  CCCCC1=CC(=CCNC(N)=[NH2+])OC1=O.CCCCC1=CC(=CCNC(N)=[NH2+])OC1=O>>CC(C)CCC1=CC(=CCNC(N)=[NH2+])OC1=O.CCCC1=CC(=CCNC(N)=[NH2+])OC1=O,,,False,rule0043_12,No_Thermo,"(1, 1)","(1, 1)",Enzymatic,"CCCC1=CC(=CCNC(N)=[NH2+])OC1=O.C[S+](CC[C@H](N)C(=O)O)C[C@H]1O[C@@H](n2cnc3c(N)ncnc32)[C@H](O)[C@@H]1O>rule0043_12>No_Thermo$(1, 1)$(1, 1)$Enzymatic>CCCC1=CC(=C(C)CNC(N)=[NH2+])OC1=O.Nc1ncnc2c1ncn2[C@@H]1O[C@H](CSCC[C@H](N)C(=O)O)[C@@H](O)[C@H]1O",matched_by_reaction_and_rule,2,2,False,True,True,high_pPotency_molecule_pathway11_wGen2_route_000026_step_01,CCCC1=CC(=CCNC(N)=[NH2+])OC1=O.C[S+](CC[C@H](N)C(=O)O)C[C@H]1O[C@@H](n2cnc3c(N)ncnc32)[C@H](O)[C@@H]1O>>CCCC1=CC(=C(C)CNC(N)=[NH2+])OC1=O.Nc1ncnc2c1ncn2[C@@H]1O[C@H](CSCC[C@H](N)C(=O)O)[C@@H](O)[C@H]1O  ||  CCCCC1=CC(=CCNC(N)=[NH2+])OC1=O.CCCCC1=CC(=CCNC(N)=[NH2+])OC1=O>>CC(C)CCC1=CC(=CCNC(N)=[NH2+])OC1=O.CCCC1=CC(=CCNC(N)=[NH2+])OC1=O,CCCC1=CC(=CCNC(N)=[NH2+])OC1=O.C[S+](CC[C@H](N)C(=O)O)C[C@H]1O[C@@H](n2cnc3c(N)ncnc32)[C@H](O)[C@@H]1O>>CCCC1=CC(=C(C)CNC(N)=[NH2+])OC1=O.Nc1ncnc2c1ncn2[C@@H]1O[C@H](CSCC[C@H](N)C(=O)O)[C@@H](O)[C@H]1O,0.9538209438323975,1.0,0.9027226567268372,1.0,0.8775718808174133,1.0,0.7838764190673828,1.0
high_pPotency_molecule_pathway11_wGen2,high_pPotency_molecule_pathway11_wGen2,11,high_pPotency_molecule_pathway11_wGen2,/mnt/data.ese/nfs/users/sghosh6/DTRA_project/MACAW/DrugDesignData/Results/BacillusAnthracis_bestMACAW_allDB_generative/DORAnet/BasidalinPrecursor/PATHWAY_reconstruction/high_pPotency_molecule_pathway11_wGen2,high_pPotency_molecule_pathway11_wGen2_network_pretreated.json,/mnt/data.ese/nfs/users/sghosh6/DTRA_project/MACAW/DrugDesignData/Results/BacillusAnthracis_bestMACAW_allDB_generative/DORAnet/BasidalinPrecursor/PATHWAY_reconstruction/high_pPotency_molecule_pathway11_wGen2/high_pPotency_molecule_pathway11_wGen2_network_pretreated.json,/mnt/data.ese/nfs/users/sghosh6/DTRA_project/MACAW/DrugDesignData/Results/BacillusAnthracis_bestMACAW_allDB_generative/DORAnet/BasidalinPrecursor/PATHWAY_reconstruction/high_pPotency_molecule_pathway11_wGen2/high_pPotency_molecule_pathway11_wGen2_pathways_exact2.txt,high_pPotency_molecule_pathway11_wGen2_route_000027,27,2,2,2,2,CCCCC1=CC(=CCNC(N)=[NH2+])OC1=O,CCCC1=CC(=C(C)CNC(N)=[NH2+])OC1=O,CCCCC1=CC(=CCNC(N)=[NH2+])OC1=O.C[S+](CC[C@H](N)C(=O)O)C[C@H]1O[C@@H](n2cnc3c(N)ncnc32)[C@H](O)[C@@H]1O,CCCCC1=CC(=C(C)CNC(N)=[NH2+])OC1=O.Nc1ncnc2c1ncn2[C@@H]1O[C@H](CSCC[C@H](N)C(=O)O)[C@@H](O)[C@H]1O,CCCCC1=CC(=CCNC(N)=[NH2+])OC1=O.C[S+](CC[C@H](N)C(=O)O)C[C@H]1O[C@@H](n2cnc3c(N)ncnc32)[C@H](O)[C@@H]1O >> CCCCC1=CC(=C(C)CNC(N)=[NH2+])OC1=O.Nc1ncnc2c1ncn2[C@@H]1O[C@H](CSCC[C@H](N)C(=O)O)[C@@H](O)[C@H]1O,CCCCC1=CC(=CCNC(N)=[NH2+])OC1=O.C[S+](CC[C@H](N)C(=O)O)C[C@H]1O[C@@H](n2cnc3c(N)ncnc32)[C@H](O)[C@@H]1O>>CCCCC1=CC(=C(C)CNC(N)=[NH2+])OC1=O.Nc1ncnc2c1ncn2[C@@H]1O[C@H](CSCC[C@H](N)C(=O)O)[C@@H](O)[C@H]1O,CCCCC1=CC(=CCNC(N)=[NH2+])OC1=O.C[S+](CC[C@H](N)C(=O)O)C[C@H]1O[C@@H](n2cnc3c(N)ncnc32)[C@H](O)[C@@H]1O>>CCCCC1=CC(=C(C)CNC(N)=[NH2+])OC1=O.Nc1ncnc2c1ncn2[C@@H]1O[C@H](CSCC[C@H](N)C(=O)O)[C@@H](O)[C@H]1O,CCCCC1=CC(=CCNC(N)=[NH2+])OC1=O.C[S+](CC[C@H](N)C(=O)O)C[C@H]1O[C@@H](n2cnc3c(N)ncnc32)[C@H](O)[C@@H]1O>>CCCCC1=CC(=C(C)CNC(N)=[NH2+])OC1=O.Nc1ncnc2c1ncn2[C@@H]1O[C@H](CSCC[C@H](N)C(=O)O)[C@@H](O)[C@H]1O,CCCCC1=CC(=C(C)CNC(N)=[NH2+])OC1=O.CCCCC1=CC(=C(C)CNC(N)=[NH2+])OC1=O>>CCCC1=CC(=C(C)CNC(N)=[NH2+])OC1=O.CCCCC1=CC(=C(C)C(C)NC(N)=[NH2+])OC1=O  ||  CCCCC1=CC(=CCNC(N)=[NH2+])OC1=O.C[S+](CC[C@H](N)C(=O)O)C[C@H]1O[C@@H](n2cnc3c(N)ncnc32)[C@H](O)[C@@H]1O>>CCCCC1=CC(=C(C)CNC(N)=[NH2+])OC1=O.Nc1ncnc2c1ncn2[C@@H]1O[C@H](CSCC[C@H](N)C(=O)O)[C@@H](O)[C@H]1O,,,False,rule0043_12,No_Thermo,"(1, 1)","(1, 1)",Enzymatic,"CCCCC1=CC(=CCNC(N)=[NH2+])OC1=O.C[S+](CC[C@H](N)C(=O)O)C[C@H]1O[C@@H](n2cnc3c(N)ncnc32)[C@H](O)[C@@H]1O>rule0043_12>No_Thermo$(1, 1)$(1, 1)$Enzymatic>CCCCC1=CC(=C(C)CNC(N)=[NH2+])OC1=O.Nc1ncnc2c1ncn2[C@@H]1O[C@H](CSCC[C@H](N)C(=O)O)[C@@H](O)[C@H]1O",matched_by_reaction_and_rule,2,2,True,False,True,high_pPotency_molecule_pathway11_wGen2_route_000027_step_02,CCCCC1=CC(=C(C)CNC(N)=[NH2+])OC1=O.CCCCC1=CC(=C(C)CNC(N)=[NH2+])OC1=O>>CCCC1=CC(=C(C)CNC(N)=[NH2+])OC1=O.CCCCC1=CC(=C(C)C(C)NC(N)=[NH2+])OC1=O  ||  CCCCC1=CC(=CCNC(N)=[NH2+])OC1=O.C[S+](CC[C@H](N)C(=O)O)C[C@H]1O[C@@H](n2cnc3c(N)ncnc32)[C@H](O)[C@@H]1O>>CCCCC1=CC(=C(C)CNC(N)=[NH2+])OC1=O.Nc1ncnc2c1ncn2[C@@H]1O[C@H](CSCC[C@H](N)C(=O)O)[C@@H](O)[C@H]1O,CCCCC1=CC(=CCNC(N)=[NH2+])OC1=O.C[S+](CC[C@H](N)C(=O)O)C[C@H]1O[C@@H](n2cnc3c(N)ncnc32)[C@H](O)[C@@H]1O>>CCCCC1=CC(=C(C)CNC(N)=[NH2+])OC1=O.Nc1ncnc2c1ncn2[C@@H]1O[C@H](CSCC[C@H](N)C(=O)O)[C@@H](O)[C@H]1O,0.9697120785713196,1.0,0.9832640290260315,1.0,0.987136960029602,1.0,0.7838764190673828,1.0
high_pPotency_molecule_pathway11_wGen2,high_pPotency_molecule_pathway11_wGen2,11,high_pPotency_molecule_pathway11_wGen2,/mnt/data.ese/nfs/users/sghosh6/DTRA_project/MACAW/DrugDesignData/Results/BacillusAnthracis_bestMACAW_allDB_generative/DORAnet/BasidalinPrecursor/PATHWAY_reconstruction/high_pPotency_molecule_pathway11_wGen2,high_pPotency_molecule_pathway11_wGen2_network_pretreated.json,/mnt/data.ese/nfs/users/sghosh6/DTRA_project/MACAW/DrugDesignData/Results/BacillusAnthracis_bestMACAW_allDB_generative/DORAnet/BasidalinPrecursor/PATHWAY_reconstruction/high_pPotency_molecule_pathway11_wGen2/high_pPotency_molecule_pathway11_wGen2_network_pretreated.json,/mnt/data.ese/nfs/users/sghosh6/DTRA_project/MACAW/DrugDesignData/Results/BacillusAnthracis_bestMACAW_allDB_generative/DORAnet/BasidalinPrecursor/PATHWAY_reconstruction/high_pPotency_molecule_pathway11_wGen2/high_pPotency_molecule_pathway11_wGen2_pathways_exact2.txt,high_pPotency_molecule_pathway11_wGen2_route_000029,29,2,2,1,2,CCCCC1=CC(=CCNC(N)=[NH2+])OC1=O,CCCC1=CC(=C(C)CNC(N)=[NH2+])OC1=O,CCCC(CNC(N)=[NH2+])=C1C=C(C)C(=O)O1,CCCC1=CC(=C(C)CNC(N)=[NH2+])OC1=O,CCCC(CNC(N)=[NH2+])=C1C=C(C)C(=O)O1 >> CCCC1=CC(=C(C)CNC(N)=[NH2+])OC1=O,CCCC(CNC(N)=[NH2+])=C1C=C(C)C(=O)O1>>CCCC1=CC(=C(C)CNC(N)=[NH2+])OC1=O,CCCC(CNC(N)=[NH2+])=C1C=C(C)C(=O)O1>>CCCC1=CC(=C(C)CNC(N)=[NH2+])OC1=O,CCCC(CNC(N)=[NH2+])=C1C=C(C)C(=O)O1>>CCCC1=CC(=C(C)CNC(N)=[NH2+])OC1=O,CCCC(CNC(N)=[NH2+])=C1C=C(C)C(=O)O1>>CCCC1=CC(=C(C)CNC(N)=[NH2+])OC1=O  ||  CCCCC1=CC(=CCNC(N)=[NH2+])OC1=O>>CCCC(CNC(N)=[NH2+])=C1C=C(C)C(=O)O1,,,False,rule0028_51,No_Thermo,"(1,)","(1,)",Enzymatic,"CCCC(CNC(N)=[NH2+])=C1C=C(C)C(=O)O1>rule0028_51>No_Thermo$(1,)$(1,)$Enzymatic>CCCC1=CC(=C(C)CNC(N)=[NH2+])OC1=O",matched_by_reaction_and_rule,1,1,False,True,True,high_pPotency_molecule_pathway11_wGen2_route_000029_step_01,CCCC(CNC(N)=[NH2+])=C1C=C(C)C(=O)O1>>CCCC1=CC(=C(C)CNC(N)=[NH2+])OC1=O  ||  CCCCC1=CC(=CCNC(N)=[NH2+])OC1=O>>CCCC(CNC(N)=[NH2+])=C1C=C(C)C(=O)O1,CCCC(CNC(N)=[NH2+])=C1C=C(C)C(=O)O1>>CCCC1=CC(=C(C)CNC(N)=[NH2+])OC1=O,0.0642576813697815,0.0,0.013236597180366516,0.0,0.839576780796051,1.0,0.5880492329597473,0.0
high_pPotency_molecule_pathway11_wGen2,high_pPotency_molecule_pathway11_wGen2,11,high_pPotency_molecule_pathway11_wGen2,/mnt/data.ese/nfs/users/sghosh6/DTRA_project/MACAW/DrugDesignData/Results/BacillusAnthracis_bestMACAW_allDB_generative/DORAnet/BasidalinPrecursor/PATHWAY_reconstruction/high_pPotency_molecule_pathway11_wGen2,high_pPotency_molecule_pathway11_wGen2_network_pretreated.json,/mnt/data.ese/nfs/users/sghosh6/DTRA_project/MACAW/DrugDesignData/Results/BacillusAnthracis_bestMACAW_allDB_generative/DORAnet/BasidalinPrecursor/PATHWAY_reconstruction/high_pPotency_molecule_pathway11_wGen2/high_pPotency_molecule_pathway11_wGen2_network_pretreated.json,/mnt/data.ese/nfs/users/sghosh6/DTRA_project/MACAW/DrugDesignData/Results/BacillusAnthracis_bestMACAW_allDB_generative/DORAnet/BasidalinPrecursor/PATHWAY_reconstruction/high_pPotency_molecule_pathway11_wGen2/high_pPotency_molecule_pathway11_wGen2_pathways_exact2.txt,high_pPotency_molecule_pathway11_wGen2_route_000029,29,2,2,2,2,CCCCC1=CC(=CCNC(N)=[NH2+])OC1=O,CCCC1=CC(=C(C)CNC(N)=[NH2+])OC1=O,CCCCC1=CC(=CCNC(N)=[NH2+])OC1=O,CCCC(CNC(N)=[NH2+])=C1C=C(C)C(=O)O1,CCCCC1=CC(=CCNC(N)=[NH2+])OC1=O >> CCCC(CNC(N)=[NH2+])=C1C=C(C)C(=O)O1,CCCCC1=CC(=CCNC(N)=[NH2+])OC1=O>>CCCC(CNC(N)=[NH2+])=C1C=C(C)C(=O)O1,CCCCC1=CC(=CCNC(N)=[NH2+])OC1=O>>CCCC(CNC(N)=[NH2+])=C1C=C(C)C(=O)O1,CCCCC1=CC(=CCNC(N)=[NH2+])OC1=O>>CCCC(CNC(N)=[NH2+])=C1C=C(C)C(=O)O1,CCCC(CNC(N)=[NH2+])=C1C=C(C)C(=O)O1>>CCCC1=CC(=C(C)CNC(N)=[NH2+])OC1=O  ||  CCCCC1=CC(=CCNC(N)=[NH2+])OC1=O>>CCCC(CNC(N)=[NH2+])=C1C=C(C)C(=O)O1,,,False,rule0028_51,No_Thermo,"(1,)","(1,)",Enzymatic,"CCCCC1=CC(=CCNC(N)=[NH2+])OC1=O>rule0028_51>No_Thermo$(1,)$(1,)$Enzymatic>CCCC(CNC(N)=[NH2+])=C1C=C(C)C(=O)O1",matched_by_reaction_and_rule,1,1,True,False,True,high_pPotency_molecule_pathway11_wGen2_route_000029_step_02,CCCC(CNC(N)=[NH2+])=C1C=C(C)C(=O)O1>>CCCC1=CC(=C(C)CNC(N)=[NH2+])OC1=O  ||  CCCCC1=CC(=CCNC(N)=[NH2+])OC1=O>>CCCC(CNC(N)=[NH2+])=C1C=C(C)C(=O)O1,CCCCC1=CC(=CCNC(N)=[NH2+])OC1=O>>CCCC(CNC(N)=[NH2+])=C1C=C(C)C(=O)O1,0.4575980603694916,0.0,0.03944709897041321,0.0,0.9696188569068909,1.0,0.8153747320175171,1.0
high_pPotency_molecule_pathway11_wGen2,high_pPotency_molecule_pathway11_wGen2,11,high_pPotency_molecule_pathway11_wGen2,/mnt/data.ese/nfs/users/sghosh6/DTRA_project/MACAW/DrugDesignData/Results/BacillusAnthracis_bestMACAW_allDB_generative/DORAnet/BasidalinPrecursor/PATHWAY_reconstruction/high_pPotency_molecule_pathway11_wGen2,high_pPotency_molecule_pathway11_wGen2_network_pretreated.json,/mnt/data.ese/nfs/users/sghosh6/DTRA_project/MACAW/DrugDesignData/Results/BacillusAnthracis_bestMACAW_allDB_generative/DORAnet/BasidalinPrecursor/PATHWAY_reconstruction/high_pPotency_molecule_pathway11_wGen2/high_pPotency_molecule_pathway11_wGen2_network_pretreated.json,/mnt/data.ese/nfs/users/sghosh6/DTRA_project/MACAW/DrugDesignData/Results/BacillusAnthracis_bestMACAW_allDB_generative/DORAnet/BasidalinPrecursor/PATHWAY_reconstruction/high_pPotency_molecule_pathway11_wGen2/high_pPotency_molecule_pathway11_wGen2_pathways_exact2.txt,high_pPotency_molecule_pathway11_wGen2_route_000030,30,2,2,2,2,CCCCC1=CC(=CCNC(N)=[NH2+])OC1=O,CCCC1=CC(=C(C)CNC(N)=[NH2+])OC1=O,CCCCC1=CC(=CCNC(N)=[NH2+])OC1=O.C[S+](CC[C@H](N)C(=O)O)C[C@H]1O[C@@H](n2cnc3c(N)ncnc32)[C@H](O)[C@@H]1O,CCCCC1=CC(=C(C)CNC(N)=[NH2+])OC1=O.Nc1ncnc2c1ncn2[C@@H]1O[C@H](CSCC[C@H](N)C(=O)O)[C@@H](O)[C@H]1O,CCCCC1=CC(=CCNC(N)=[NH2+])OC1=O.C[S+](CC[C@H](N)C(=O)O)C[C@H]1O[C@@H](n2cnc3c(N)ncnc32)[C@H](O)[C@@H]1O >> CCCCC1=CC(=C(C)CNC(N)=[NH2+])OC1=O.Nc1ncnc2c1ncn2[C@@H]1O[C@H](CSCC[C@H](N)C(=O)O)[C@@H](O)[C@H]1O,CCCCC1=CC(=CCNC(N)=[NH2+])OC1=O.C[S+](CC[C@H](N)C(=O)O)C[C@H]1O[C@@H](n2cnc3c(N)ncnc32)[C@H](O)[C@@H]1O>>CCCCC1=CC(=C(C)CNC(N)=[NH2+])OC1=O.Nc1ncnc2c1ncn2[C@@H]1O[C@H](CSCC[C@H](N)C(=O)O)[C@@H](O)[C@H]1O,CCCCC1=CC(=CCNC(N)=[NH2+])OC1=O.C[S+](CC[C@H](N)C(=O)O)C[C@H]1O[C@@H](n2cnc3c(N)ncnc32)[C@H](O)[C@@H]1O>>CCCCC1=CC(=C(C)CNC(N)=[NH2+])OC1=O.Nc1ncnc2c1ncn2[C@@H]1O[C@H](CSCC[C@H](N)C(=O)O)[C@@H](O)[C@H]1O,CCCCC1=CC(=CCNC(N)=[NH2+])OC1=O.C[S+](CC[C@H](N)C(=O)O)C[C@H]1O[C@@H](n2cnc3c(N)ncnc32)[C@H](O)[C@@H]1O>>CCCCC1=CC(=C(C)CNC(N)=[NH2+])OC1=O.Nc1ncnc2c1ncn2[C@@H]1O[C@H](CSCC[C@H](N)C(=O)O)[C@@H](O)[C@H]1O,CCCCC1=CC(=C(C)CNC(N)=[NH2+])OC1=O.CCCCC1=CC(=C(C)CNC(N)=[NH2+])OC1=O>>CC(CNC(N)=[NH2+])=C1C=C(CCC(C)C)C(=O)O1.CCCC1=CC(=C(C)CNC(N)=[NH2+])OC1=O  ||  CCCCC1=CC(=CCNC(N)=[NH2+])OC1=O.C[S+](CC[C@H](N)C(=O)O)C[C@H]1O[C@@H](n2cnc3c(N)ncnc32)[C@H](O)[C@@H]1O>>CCCCC1=CC(=C(C)CNC(N)=[NH2+])OC1=O.Nc1ncnc2c1ncn2[C@@H]1O[C@H](CSCC[C@H](N)C(=O)O)[C@@H](O)[C@H]1O,,,False,rule0043_12,No_Thermo,"(1, 1)","(1, 1)",Enzymatic,"CCCCC1=CC(=CCNC(N)=[NH2+])OC1=O.C[S+](CC[C@H](N)C(=O)O)C[C@H]1O[C@@H](n2cnc3c(N)ncnc32)[C@H](O)[C@@H]1O>rule0043_12>No_Thermo$(1, 1)$(1, 1)$Enzymatic>CCCCC1=CC(=C(C)CNC(N)=[NH2+])OC1=O.Nc1ncnc2c1ncn2[C@@H]1O[C@H](CSCC[C@H](N)C(=O)O)[C@@H](O)[C@H]1O",matched_by_reaction_and_rule,2,2,True,False,True,high_pPotency_molecule_pathway11_wGen2_route_000030_step_02,CCCCC1=CC(=C(C)CNC(N)=[NH2+])OC1=O.CCCCC1=CC(=C(C)CNC(N)=[NH2+])OC1=O>>CC(CNC(N)=[NH2+])=C1C=C(CCC(C)C)C(=O)O1.CCCC1=CC(=C(C)CNC(N)=[NH2+])OC1=O  ||  CCCCC1=CC(=CCNC(N)=[NH2+])OC1=O.C[S+](CC[C@H](N)C(=O)O)C[C@H]1O[C@@H](n2cnc3c(N)ncnc32)[C@H](O)[C@@H]1O>>CCCCC1=CC(=C(C)CNC(N)=[NH2+])OC1=O.Nc1ncnc2c1ncn2[C@@H]1O[C@H](CSCC[C@H](N)C(=O)O)[C@@H](O)[C@H]1O,CCCCC1=CC(=CCNC(N)=[NH2+])OC1=O.C[S+](CC[C@H](N)C(=O)O)C[C@H]1O[C@@H](n2cnc3c(N)ncnc32)[C@H](O)[C@@H]1O>>CCCCC1=CC(=C(C)CNC(N)=[NH2+])OC1=O.Nc1ncnc2c1ncn2[C@@H]1O[C@H](CSCC[C@H](N)C(=O)O)[C@@H](O)[C@H]1O,0.9697120785713196,1.0,0.9832640290260315,1.0,0.987136960029602,1.0,0.7838764190673828,1.0
high_pPotency_molecule_pathway11_wGen2,high_pPotency_molecule_pathway11_wGen2,11,high_pPotency_molecule_pathway11_wGen2,/mnt/data.ese/nfs/users/sghosh6/DTRA_project/MACAW/DrugDesignData/Results/BacillusAnthracis_bestMACAW_allDB_generative/DORAnet/BasidalinPrecursor/PATHWAY_reconstruction/high_pPotency_molecule_pathway11_wGen2,high_pPotency_molecule_pathway11_wGen2_network_pretreated.json,/mnt/data.ese/nfs/users/sghosh6/DTRA_project/MACAW/DrugDesignData/Results/BacillusAnthracis_bestMACAW_allDB_generative/DORAnet/BasidalinPrecursor/PATHWAY_reconstruction/high_pPotency_molecule_pathway11_wGen2/high_pPotency_molecule_pathway11_wGen2_network_pretreated.json,/mnt/data.ese/nfs/users/sghosh6/DTRA_project/MACAW/DrugDesignData/Results/BacillusAnthracis_bestMACAW_allDB_generative/DORAnet/BasidalinPrecursor/PATHWAY_reconstruction/high_pPotency_molecule_pathway11_wGen2/high_pPotency_molecule_pathway11_wGen2_pathways_exact2.txt,high_pPotency_molecule_pathway11_wGen2_route_000032,32,2,2,1,2,CCCCC1=CC(=CCNC(N)=[NH2+])OC1=O,CCCC1=CC(=C(C)CNC(N)=[NH2+])OC1=O,CCCCC(CNC(N)=[NH2+])=C1C=CC(=O)O1,CCCC1=CC(=C(C)CNC(N)=[NH2+])OC1=O,CCCCC(CNC(N)=[NH2+])=C1C=CC(=O)O1 >> CCCC1=CC(=C(C)CNC(N)=[NH2+])OC1=O,CCCCC(CNC(N)=[NH2+])=C1C=CC(=O)O1>>CCCC1=CC(=C(C)CNC(N)=[NH2+])OC1=O,CCCCC(CNC(N)=[NH2+])=C1C=CC(=O)O1>>CCCC1=CC(=C(C)CNC(N)=[NH2+])OC1=O,CCCCC(CNC(N)=[NH2+])=C1C=CC(=O)O1>>CCCC1=CC(=C(C)CNC(N)=[NH2+])OC1=O,CCCCC(CNC(N)=[NH2+])=C1C=CC(=O)O1>>CCCC1=CC(=C(C)CNC(N)=[NH2+])OC1=O  ||  CCCCC1=CC(=CCNC(N)=[NH2+])OC1=O>>CCCCC(CNC(N)=[NH2+])=C1C=CC(=O)O1,,,False,rule0028_51,No_Thermo,"(1,)","(1,)",Enzymatic,"CCCCC(CNC(N)=[NH2+])=C1C=CC(=O)O1>rule0028_51>No_Thermo$(1,)$(1,)$Enzymatic>CCCC1=CC(=C(C)CNC(N)=[NH2+])OC1=O",matched_by_reaction_and_rule,1,1,False,True,True,high_pPotency_molecule_pathway11_wGen2_route_000032_step_01,CCCCC(CNC(N)=[NH2+])=C1C=CC(=O)O1>>CCCC1=CC(=C(C)CNC(N)=[NH2+])OC1=O  ||  CCCCC1=CC(=CCNC(N)=[NH2+])OC1=O>>CCCCC(CNC(N)=[NH2+])=C1C=CC(=O)O1,CCCCC(CNC(N)=[NH2+])=C1C=CC(=O)O1>>CCCC1=CC(=C(C)CNC(N)=[NH2+])OC1=O,0.10729473829269409,0.0,0.017067741602659225,0.0,0.952468991279602,1.0,0.8649135828018188,1.0
high_pPotency_molecule_pathway11_wGen2,high_pPotency_molecule_pathway11_wGen2,11,high_pPotency_molecule_pathway11_wGen2,/mnt/data.ese/nfs/users/sghosh6/DTRA_project/MACAW/DrugDesignData/Results/BacillusAnthracis_bestMACAW_allDB_generative/DORAnet/BasidalinPrecursor/PATHWAY_reconstruction/high_pPotency_molecule_pathway11_wGen2,high_pPotency_molecule_pathway11_wGen2_network_pretreated.json,/mnt/data.ese/nfs/users/sghosh6/DTRA_project/MACAW/DrugDesignData/Results/BacillusAnthracis_bestMACAW_allDB_generative/DORAnet/BasidalinPrecursor/PATHWAY_reconstruction/high_pPotency_molecule_pathway11_wGen2/high_pPotency_molecule_pathway11_wGen2_network_pretreated.json,/mnt/data.ese/nfs/users/sghosh6/DTRA_project/MACAW/DrugDesignData/Results/BacillusAnthracis_bestMACAW_allDB_generative/DORAnet/BasidalinPrecursor/PATHWAY_reconstruction/high_pPotency_molecule_pathway11_wGen2/high_pPotency_molecule_pathway11_wGen2_pathways_exact2.txt,high_pPotency_molecule_pathway11_wGen2_route_000032,32,2,2,2,2,CCCCC1=CC(=CCNC(N)=[NH2+])OC1=O,CCCC1=CC(=C(C)CNC(N)=[NH2+])OC1=O,CCCCC1=CC(=CCNC(N)=[NH2+])OC1=O,CCCCC(CNC(N)=[NH2+])=C1C=CC(=O)O1,CCCCC1=CC(=CCNC(N)=[NH2+])OC1=O >> CCCCC(CNC(N)=[NH2+])=C1C=CC(=O)O1,CCCCC1=CC(=CCNC(N)=[NH2+])OC1=O>>CCCCC(CNC(N)=[NH2+])=C1C=CC(=O)O1,CCCCC1=CC(=CCNC(N)=[NH2+])OC1=O>>CCCCC(CNC(N)=[NH2+])=C1C=CC(=O)O1,CCCCC1=CC(=CCNC(N)=[NH2+])OC1=O>>CCCCC(CNC(N)=[NH2+])=C1C=CC(=O)O1,CCCCC(CNC(N)=[NH2+])=C1C=CC(=O)O1>>CCCC1=CC(=C(C)CNC(N)=[NH2+])OC1=O  ||  CCCCC1=CC(=CCNC(N)=[NH2+])OC1=O>>CCCCC(CNC(N)=[NH2+])=C1C=CC(=O)O1,,,False,rule0028_51,No_Thermo,"(1,)","(1,)",Enzymatic,"CCCCC1=CC(=CCNC(N)=[NH2+])OC1=O>rule0028_51>No_Thermo$(1,)$(1,)$Enzymatic>CCCCC(CNC(N)=[NH2+])=C1C=CC(=O)O1",matched_by_reaction_and_rule,1,1,True,False,True,high_pPotency_molecule_pathway11_wGen2_route_000032_step_02,CCCCC(CNC(N)=[NH2+])=C1C=CC(=O)O1>>CCCC1=CC(=C(C)CNC(N)=[NH2+])OC1=O  ||  CCCCC1=CC(=CCNC(N)=[NH2+])OC1=O>>CCCCC(CNC(N)=[NH2+])=C1C=CC(=O)O1,CCCCC1=CC(=CCNC(N)=[NH2+])OC1=O>>CCCCC(CNC(N)=[NH2+])=C1C=CC(=O)O1,0.28009504079818726,0.0,0.014630916528403759,0.0,0.9125959873199463,1.0,0.5218818187713623,0.0
high_pPotency_molecule_pathway11_wGen2,high_pPotency_molecule_pathway11_wGen2,11,high_pPotency_molecule_pathway11_wGen2,/mnt/data.ese/nfs/users/sghosh6/DTRA_project/MACAW/DrugDesignData/Results/BacillusAnthracis_bestMACAW_allDB_generative/DORAnet/BasidalinPrecursor/PATHWAY_reconstruction/high_pPotency_molecule_pathway11_wGen2,high_pPotency_molecule_pathway11_wGen2_network_pretreated.json,/mnt/data.ese/nfs/users/sghosh6/DTRA_project/MACAW/DrugDesignData/Results/BacillusAnthracis_bestMACAW_allDB_generative/DORAnet/BasidalinPrecursor/PATHWAY_reconstruction/high_pPotency_molecule_pathway11_wGen2/high_pPotency_molecule_pathway11_wGen2_network_pretreated.json,/mnt/data.ese/nfs/users/sghosh6/DTRA_project/MACAW/DrugDesignData/Results/BacillusAnthracis_bestMACAW_allDB_generative/DORAnet/BasidalinPrecursor/PATHWAY_reconstruction/high_pPotency_molecule_pathway11_wGen2/high_pPotency_molecule_pathway11_wGen2_pathways_exact2.txt,high_pPotency_molecule_pathway11_wGen2_route_000033,33,2,2,1,2,CCCCC1=CC(=CCNC(N)=[NH2+])OC1=O,CCCC1=CC(=C(C)CNC(N)=[NH2+])OC1=O,CCC(C)C1=CC(=CCNC(N)=[NH2+])OC1=O,CCCC1=CC(=C(C)CNC(N)=[NH2+])OC1=O,CCC(C)C1=CC(=CCNC(N)=[NH2+])OC1=O >> CCCC1=CC(=C(C)CNC(N)=[NH2+])OC1=O,CCC(C)C1=CC(=CCNC(N)=[NH2+])OC1=O>>CCCC1=CC(=C(C)CNC(N)=[NH2+])OC1=O,CCC(C)C1=CC(=CCNC(N)=[NH2+])OC1=O>>CCCC1=CC(=C(C)CNC(N)=[NH2+])OC1=O,CCC(C)C1=CC(=CCNC(N)=[NH2+])OC1=O>>CCCC1=CC(=C(C)CNC(N)=[NH2+])OC1=O,CCC(C)C1=CC(=CCNC(N)=[NH2+])OC1=O>>CCCC1=CC(=C(C)CNC(N)=[NH2+])OC1=O  ||  CCCCC1=CC(=CCNC(N)=[NH2+])OC1=O>>CCC(C)C1=CC(=CCNC(N)=[NH2+])OC1=O,,,False,rule0028_51,No_Thermo,"(1,)","(1,)",Enzymatic,"CCC(C)C1=CC(=CCNC(N)=[NH2+])OC1=O>rule0028_51>No_Thermo$(1,)$(1,)$Enzymatic>CCCC1=CC(=C(C)CNC(N)=[NH2+])OC1=O",matched_by_reaction_and_rule,1,1,False,True,True,high_pPotency_molecule_pathway11_wGen2_route_000033_step_01,CCC(C)C1=CC(=CCNC(N)=[NH2+])OC1=O>>CCCC1=CC(=C(C)CNC(N)=[NH2+])OC1=O  ||  CCCCC1=CC(=CCNC(N)=[NH2+])OC1=O>>CCC(C)C1=CC(=CCNC(N)=[NH2+])OC1=O,CCC(C)C1=CC(=CCNC(N)=[NH2+])OC1=O>>CCCC1=CC(=C(C)CNC(N)=[NH2+])OC1=O,0.04230700433254242,0.0,0.018208572641015053,0.0,0.9340991973876953,1.0,0.9103342294692993,1.0
high_pPotency_molecule_pathway11_wGen2,high_pPotency_molecule_pathway11_wGen2,11,high_pPotency_molecule_pathway11_wGen2,/mnt/data.ese/nfs/users/sghosh6/DTRA_project/MACAW/DrugDesignData/Results/BacillusAnthracis_bestMACAW_allDB_generative/DORAnet/BasidalinPrecursor/PATHWAY_reconstruction/high_pPotency_molecule_pathway11_wGen2,high_pPotency_molecule_pathway11_wGen2_network_pretreated.json,/mnt/data.ese/nfs/users/sghosh6/DTRA_project/MACAW/DrugDesignData/Results/BacillusAnthracis_bestMACAW_allDB_generative/DORAnet/BasidalinPrecursor/PATHWAY_reconstruction/high_pPotency_molecule_pathway11_wGen2/high_pPotency_molecule_pathway11_wGen2_network_pretreated.json,/mnt/data.ese/nfs/users/sghosh6/DTRA_project/MACAW/DrugDesignData/Results/BacillusAnthracis_bestMACAW_allDB_generative/DORAnet/BasidalinPrecursor/PATHWAY_reconstruction/high_pPotency_molecule_pathway11_wGen2/high_pPotency_molecule_pathway11_wGen2_pathways_exact2.txt,high_pPotency_molecule_pathway11_wGen2_route_000033,33,2,2,2,2,CCCCC1=CC(=CCNC(N)=[NH2+])OC1=O,CCCC1=CC(=C(C)CNC(N)=[NH2+])OC1=O,CCCCC1=CC(=CCNC(N)=[NH2+])OC1=O,CCC(C)C1=CC(=CCNC(N)=[NH2+])OC1=O,CCCCC1=CC(=CCNC(N)=[NH2+])OC1=O >> CCC(C)C1=CC(=CCNC(N)=[NH2+])OC1=O,CCCCC1=CC(=CCNC(N)=[NH2+])OC1=O>>CCC(C)C1=CC(=CCNC(N)=[NH2+])OC1=O,CCCCC1=CC(=CCNC(N)=[NH2+])OC1=O>>CCC(C)C1=CC(=CCNC(N)=[NH2+])OC1=O,CCCCC1=CC(=CCNC(N)=[NH2+])OC1=O>>CCC(C)C1=CC(=CCNC(N)=[NH2+])OC1=O,CCC(C)C1=CC(=CCNC(N)=[NH2+])OC1=O>>CCCC1=CC(=C(C)CNC(N)=[NH2+])OC1=O  ||  CCCCC1=CC(=CCNC(N)=[NH2+])OC1=O>>CCC(C)C1=CC(=CCNC(N)=[NH2+])OC1=O,,,False,rule0028_51,No_Thermo,"(1,)","(1,)",Enzymatic,"CCCCC1=CC(=CCNC(N)=[NH2+])OC1=O>rule0028_51>No_Thermo$(1,)$(1,)$Enzymatic>CCC(C)C1=CC(=CCNC(N)=[NH2+])OC1=O",matched_by_reaction_and_rule,1,1,True,False,True,high_pPotency_molecule_pathway11_wGen2_route_000033_step_02,CCC(C)C1=CC(=CCNC(N)=[NH2+])OC1=O>>CCCC1=CC(=C(C)CNC(N)=[NH2+])OC1=O  ||  CCCCC1=CC(=CCNC(N)=[NH2+])OC1=O>>CCC(C)C1=CC(=CCNC(N)=[NH2+])OC1=O,CCCCC1=CC(=CCNC(N)=[NH2+])OC1=O>>CCC(C)C1=CC(=CCNC(N)=[NH2+])OC1=O,0.22427056729793549,0.0,0.10022449493408203,0.0,0.9714112281799316,1.0,0.7895273566246033,1.0
high_pPotency_molecule_pathway11_wGen2,high_pPotency_molecule_pathway11_wGen2,11,high_pPotency_molecule_pathway11_wGen2,/mnt/data.ese/nfs/users/sghosh6/DTRA_project/MACAW/DrugDesignData/Results/BacillusAnthracis_bestMACAW_allDB_generative/DORAnet/BasidalinPrecursor/PATHWAY_reconstruction/high_pPotency_molecule_pathway11_wGen2,high_pPotency_molecule_pathway11_wGen2_network_pretreated.json,/mnt/data.ese/nfs/users/sghosh6/DTRA_project/MACAW/DrugDesignData/Results/BacillusAnthracis_bestMACAW_allDB_generative/DORAnet/BasidalinPrecursor/PATHWAY_reconstruction/high_pPotency_molecule_pathway11_wGen2/high_pPotency_molecule_pathway11_wGen2_network_pretreated.json,/mnt/data.ese/nfs/users/sghosh6/DTRA_project/MACAW/DrugDesignData/Results/BacillusAnthracis_bestMACAW_allDB_generative/DORAnet/BasidalinPrecursor/PATHWAY_reconstruction/high_pPotency_molecule_pathway11_wGen2/high_pPotency_molecule_pathway11_wGen2_pathways_exact2.txt,high_pPotency_molecule_pathway11_wGen2_route_000034,34,2,2,2,2,CCCCC1=CC(=CCNC(N)=[NH2+])OC1=O,CCCC1=CC(=C(C)CNC(N)=[NH2+])OC1=O,CCCCC1=CC(=CCNC(N)=[NH2+])OC1=O.C[S+](CC[C@H](N)C(=O)O)C[C@H]1O[C@@H](n2cnc3c(N)ncnc32)[C@H](O)[C@@H]1O,CCCCC1=CC(=C(C)CNC(N)=[NH2+])OC1=O.Nc1ncnc2c1ncn2[C@@H]1O[C@H](CSCC[C@H](N)C(=O)O)[C@@H](O)[C@H]1O,CCCCC1=CC(=CCNC(N)=[NH2+])OC1=O.C[S+](CC[C@H](N)C(=O)O)C[C@H]1O[C@@H](n2cnc3c(N)ncnc32)[C@H](O)[C@@H]1O >> CCCCC1=CC(=C(C)CNC(N)=[NH2+])OC1=O.Nc1ncnc2c1ncn2[C@@H]1O[C@H](CSCC[C@H](N)C(=O)O)[C@@H](O)[C@H]1O,CCCCC1=CC(=CCNC(N)=[NH2+])OC1=O.C[S+](CC[C@H](N)C(=O)O)C[C@H]1O[C@@H](n2cnc3c(N)ncnc32)[C@H](O)[C@@H]1O>>CCCCC1=CC(=C(C)CNC(N)=[NH2+])OC1=O.Nc1ncnc2c1ncn2[C@@H]1O[C@H](CSCC[C@H](N)C(=O)O)[C@@H](O)[C@H]1O,CCCCC1=CC(=CCNC(N)=[NH2+])OC1=O.C[S+](CC[C@H](N)C(=O)O)C[C@H]1O[C@@H](n2cnc3c(N)ncnc32)[C@H](O)[C@@H]1O>>CCCCC1=CC(=C(C)CNC(N)=[NH2+])OC1=O.Nc1ncnc2c1ncn2[C@@H]1O[C@H](CSCC[C@H](N)C(=O)O)[C@@H](O)[C@H]1O,CCCCC1=CC(=CCNC(N)=[NH2+])OC1=O.C[S+](CC[C@H](N)C(=O)O)C[C@H]1O[C@@H](n2cnc3c(N)ncnc32)[C@H](O)[C@@H]1O>>CCCCC1=CC(=C(C)CNC(N)=[NH2+])OC1=O.Nc1ncnc2c1ncn2[C@@H]1O[C@H](CSCC[C@H](N)C(=O)O)[C@@H](O)[C@H]1O,CCCCC1=CC(=C(C)CNC(N)=[NH2+])OC1=O.CCCCC1=CC(=C(C)CNC(N)=[NH2+])OC1=O>>CCCC1=CC(=C(C)CNC(N)=[NH2+])OC1=O.CCCCC1=CC(=C(CC)CNC(N)=[NH2+])OC1=O  ||  CCCCC1=CC(=CCNC(N)=[NH2+])OC1=O.C[S+](CC[C@H](N)C(=O)O)C[C@H]1O[C@@H](n2cnc3c(N)ncnc32)[C@H](O)[C@@H]1O>>CCCCC1=CC(=C(C)CNC(N)=[NH2+])OC1=O.Nc1ncnc2c1ncn2[C@@H]1O[C@H](CSCC[C@H](N)C(=O)O)[C@@H](O)[C@H]1O,,,False,rule0043_12,No_Thermo,"(1, 1)","(1, 1)",Enzymatic,"CCCCC1=CC(=CCNC(N)=[NH2+])OC1=O.C[S+](CC[C@H](N)C(=O)O)C[C@H]1O[C@@H](n2cnc3c(N)ncnc32)[C@H](O)[C@@H]1O>rule0043_12>No_Thermo$(1, 1)$(1, 1)$Enzymatic>CCCCC1=CC(=C(C)CNC(N)=[NH2+])OC1=O.Nc1ncnc2c1ncn2[C@@H]1O[C@H](CSCC[C@H](N)C(=O)O)[C@@H](O)[C@H]1O",matched_by_reaction_and_rule,2,2,True,False,True,high_pPotency_molecule_pathway11_wGen2_route_000034_step_02,CCCCC1=CC(=C(C)CNC(N)=[NH2+])OC1=O.CCCCC1=CC(=C(C)CNC(N)=[NH2+])OC1=O>>CCCC1=CC(=C(C)CNC(N)=[NH2+])OC1=O.CCCCC1=CC(=C(CC)CNC(N)=[NH2+])OC1=O  ||  CCCCC1=CC(=CCNC(N)=[NH2+])OC1=O.C[S+](CC[C@H](N)C(=O)O)C[C@H]1O[C@@H](n2cnc3c(N)ncnc32)[C@H](O)[C@@H]1O>>CCCCC1=CC(=C(C)CNC(N)=[NH2+])OC1=O.Nc1ncnc2c1ncn2[C@@H]1O[C@H](CSCC[C@H](N)C(=O)O)[C@@H](O)[C@H]1O,CCCCC1=CC(=CCNC(N)=[NH2+])OC1=O.C[S+](CC[C@H](N)C(=O)O)C[C@H]1O[C@@H](n2cnc3c(N)ncnc32)[C@H](O)[C@@H]1O>>CCCCC1=CC(=C(C)CNC(N)=[NH2+])OC1=O.Nc1ncnc2c1ncn2[C@@H]1O[C@H](CSCC[C@H](N)C(=O)O)[C@@H](O)[C@H]1O,0.9697120785713196,1.0,0.9832640290260315,1.0,0.987136960029602,1.0,0.7838764190673828,1.0
