Canonical_SMILES,Drug_Type,pPotency_prediction,pPotency_std,pPotency_lower_95CI,pPotency_upper_95CI,IC50(M)_prediction,IC50(M)_lower_95CI,IC50(M)_upper_95CI,AMES,hERG,DILI,ClinTox,Carcinogens_Lagunin,Skin_Reaction,LD50_Zhu,SR-ARE,SR-ATAD5,SR-HSE,SR-MMP,SR-p53,NR-AR-LBD,NR-AR,NR-AhR,NR-Aromatase,NR-ER-LBD,NR-ER,NR-PPAR-gamma,BBB_Martins,Pgp_Broccatelli,Caco2_Wang,HIA_Hou,PAMPA_NCATS,Bioavailability_Ma,CYP1A2_Veith,CYP2C19_Veith,CYP2C9_Substrate_CarbonMangels,CYP2C9_Veith,CYP2D6_Substrate_CarbonMangels,CYP2D6_Veith,CYP3A4_Substrate_CarbonMangels,CYP3A4_Veith
CC1COc2c(N3CCN(C)CC3)c(F)cc3c(=O)c(C(=O)O)cn1c23,antibiotic,5.385018658063965,1.1407307016748276,3.1491864827813028,7.620850833346626,4.120798150346988e-06,2.3941379271523053e-08,0.0007092731460171599,0.54734343,0.17840056,0.82844096,0.4288072,0.18526182,0.3728263,2.447027,0.038874883,0.015214639,0.0017464433,0.006126573,0.037532292,0.022823464,0.062797405,0.033066813,0.00408793,0.0098264385,0.1158181,0.005687439,0.6136018,0.019839466,-4.751381,0.9290555,0.21738192,0.92410153,0.025488485,0.018546863,0.093259536,0.0118558,0.05728873,0.02881739,0.22057343,0.002846916
C[C@H]1COc2c(N3CCN(C)CC3)c(F)cc3c(=O)c(C(=O)O)cn1c23,antibiotic,5.385018658063965,1.1407307016748276,3.1491864827813028,7.620850833346626,4.120798150346988e-06,2.3941379271523053e-08,0.0007092731460171599,0.6075002,0.18130733,0.81366503,0.44651622,0.16140375,0.37761495,2.572023,0.036647715,0.016505156,0.0015929237,0.0053645414,0.04094376,0.025535852,0.068015955,0.031508956,0.0038413673,0.009542344,0.116479084,0.004579164,0.5934781,0.017693797,-4.7276917,0.91267955,0.19082925,0.9151314,0.021557646,0.014615545,0.07468826,0.009346348,0.055359006,0.02995376,0.21383314,0.0027999827
CO/N=C1\CN(c2nc3c(cc2F)c(=O)c(C(=O)O)cn3C2CC2)CC1CN,antibiotic,5.347637893185141,1.1430410701803686,3.1072773956316184,7.5879983907386634,4.491197016769012e-06,2.5822697591171765e-08,0.0007811287171767385,0.837125,0.15775685,0.85081196,0.43151647,0.2182724,0.5006312,2.7812762,0.08930913,0.033937268,0.007223402,0.008245721,0.13202219,0.044878084,0.051440734,0.042369593,0.007947138,0.013040948,0.095781565,0.00607455,0.5974461,0.012829928,-5.414304,0.7923142,0.1463985,0.8509158,0.016433902,0.0125268595,0.08723446,0.01036582,0.039728113,0.024557386,0.25628513,0.007868591
C[C@@H]1CN(c2c(F)c(N)c3c(=O)c(C(=O)O)cn(C4CC4)c3c2F)C[C@H](C)N1,antibiotic,5.339056360634691,1.1416044339427964,3.1015116701068104,7.576601051162572,4.580824351368847e-06,2.6509342047873074e-08,0.0007915681837821177,0.7742201,0.30511132,0.83728045,0.46953934,0.13678697,0.36235622,2.3600154,0.08538021,0.051514953,0.0060729706,0.025284505,0.14104421,0.066064596,0.11145493,0.07158077,0.021122124,0.023799418,0.1340623,0.007478482,0.34141594,0.04141012,-5.0647173,0.7367118,0.11530654,0.81131715,0.017211208,0.026063487,0.05571588,0.026705766,0.04298847,0.038653184,0.2664345,0.028307801
CCn1cc(C(=O)O)c(=O)c2cc(F)c(N3CCNCC3)nc21,antibiotic,5.316573584275929,1.1418580442056958,3.0785318176327654,7.554615350919093,4.8242123454779685e-06,2.7885898936949316e-08,0.0008345804023346309,0.6590387,0.07832432,0.86449814,0.3399242,0.24969316,0.38783574,2.3637118,0.035285503,0.012495468,0.0020073154,0.0025577461,0.045445476,0.021344807,0.052354593,0.041937888,0.0021953608,0.0058640004,0.102230944,0.0014506378,0.6343184,0.0035808391,-5.348793,0.85983354,0.11000391,0.8889133,0.023637395,0.007362333,0.07583779,0.0059897313,0.036183506,0.017482553,0.13330396,0.0017947035
O=C(O)c1cn(C2CC2)c2cc(N3CCNCC3)c(F)cc2c1=O,antibiotic,5.292256786819916,1.1404690948536593,3.0569373609067436,7.527576212733088,5.10203241115258e-06,2.9677259025170926e-08,0.0008771273217103145,0.5330749,0.090573,0.7824693,0.31041422,0.18548365,0.37624937,2.4301326,0.037662663,0.017003987,0.0028850765,0.003758508,0.04350398,0.034957245,0.09463592,0.02940454,0.004383563,0.012306514,0.13227503,0.0038243034,0.46846637,0.008596489,-5.2444954,0.7576048,0.075984314,0.8467957,0.015062558,0.012601474,0.073429,0.009488301,0.0337063,0.025682246,0.12995169,0.0025875077
Cc1c(F)c(N2CCNC(C)C2)cc2c1c(=O)c(C(=O)O)cn2C1CC1,antibiotic,5.2794904574383725,1.140408915391744,3.044288983270554,7.51469193160619,5.254235598840201e-06,3.057088901556955e-08,0.0009030483776268207,0.54017735,0.17639367,0.7896907,0.34352174,0.20827448,0.3674814,2.526715,0.053784084,0.022916695,0.003972513,0.009343737,0.057005383,0.03649111,0.09170998,0.046865113,0.009085883,0.015809227,0.12122098,0.007441095,0.44454226,0.023267154,-5.0968714,0.8274995,0.16163623,0.8731949,0.0291639,0.025728595,0.09367807,0.019387303,0.056252517,0.039049007,0.21245956,0.009329986
COc1c(N2CCNC(C)C2)c(F)cc2c(=O)c(C(=O)O)cn(C3CC3)c12,antibiotic,5.276057029103825,1.1411704371618225,3.0393629722666526,7.512751085940997,5.295938960396281e-06,3.0707814896363286e-08,0.0009133495680789986,0.42440477,0.12333498,0.8057728,0.2844782,0.16778289,0.31594786,2.4223003,0.037390567,0.011667732,0.0024180822,0.00488054,0.03752304,0.025235761,0.083876275,0.022404483,0.004978306,0.010997349,0.098643646,0.00453702,0.35602492,0.015135357,-5.0716257,0.8178134,0.10589141,0.8856247,0.0076759914,0.015495787,0.08382262,0.011969104,0.03577262,0.022529377,0.18129505,0.0059466576
CCn1cc(C(=O)O)c(=O)c2cc(F)c(N3CCNC(C)C3)c(F)c21,antibiotic,5.273624170094713,1.1425334482234153,3.0342586115768193,7.512989728612608,5.325689345926747e-06,3.069094573901329e-08,0.000924147703055745,0.5125183,0.09081339,0.75439215,0.27037472,0.18980782,0.37370044,2.4541943,0.03154673,0.009898363,0.0020585672,0.0035961322,0.032040946,0.024111144,0.07346112,0.025020469,0.0035275898,0.009749311,0.09880479,0.0030154914,0.4457642,0.007672526,-4.925952,0.80223453,0.10745227,0.8820127,0.011468698,0.012411708,0.07457616,0.007745692,0.03990258,0.01979082,0.14771232,0.0031607426
CN(C)[C@@H]1C(O)=C(C(N)=O)C(=O)[C@@]2(O)C(O)=C3C(=O)c4c(O)ccc(Cl)c4[C@@](C)(O)[C@H]3C[C@@H]12,antibiotic,5.196957968118294,1.1468923731076466,2.949048916827307,7.444867019409282,6.35392423415571e-06,3.5903185305524205e-08,0.0011244783110422065,0.2535842,0.091705754,0.8710715,0.19547927,0.050807524,0.1990137,2.489471,0.02028489,0.012034064,0.0006155652,0.0110236425,0.035189446,0.0069943247,0.059861165,0.025592387,0.0036925513,0.010653925,0.07840064,0.0027768028,0.11771659,0.007367447,-5.7132616,0.75536454,0.039169613,0.86568344,0.0051416126,0.011223943,0.046040244,0.010994504,0.007127115,0.003412143,0.17651826,0.0033874281
CCn1cc(C(=O)O)c(=O)c2cc(F)c(N3CCN(C)CC3)cc21,antibiotic,5.164733010996025,1.1399839083207202,2.930364550687414,7.399101471304637,6.8433222142111565e-06,3.98931682555397e-08,0.0011739117491881023,0.5694486,0.14586611,0.74512863,0.42821765,0.14897168,0.3848105,2.3925712,0.025391405,0.011621237,0.0012087317,0.004307058,0.02409283,0.018979032,0.06028696,0.029021746,0.002410772,0.0083815865,0.12118983,0.0027211858,0.66977197,0.0126015,-4.9327836,0.93235576,0.22310829,0.92278117,0.0261616,0.011309733,0.074287616,0.005675112,0.07447548,0.030112725,0.18366052,0.0014394621
CN(C)[C@@H]1C(O)=C(C(N)=O)C(=O)[C@@]2(O)C(O)=C3C(=O)c4c(O)cccc4[C@@](C)(O)[C@H]3[C@H](O)[C@@H]12,antibiotic,5.089368728290551,1.1517047456289182,2.8320274268578713,7.34671002972323,8.140128706122335e-06,4.500802647408959e-08,0.0014722195248970265,0.18867467,0.048926592,0.7790754,0.18096106,0.02304222,0.15212147,2.3762417,0.007137748,0.0042867577,0.00013429113,0.002519729,0.012917073,0.003761481,0.050480075,0.011591793,0.0010890107,0.0057212883,0.06876534,0.0005154898,0.116202496,0.003157371,-6.0873566,0.6793932,0.014735168,0.84312993,0.0013060368,0.004431347,0.021258293,0.003063127,0.003721547,0.0013930618,0.1134847,0.0008032544
C[C@H]1c2cccc(O)c2C(=O)C2=C(O)[C@]3(O)C(=O)C(C(N)=O)=C(O)[C@@H](N(C)C)[C@@H]3[C@@H](O)[C@@H]21,antibiotic,5.054334527079087,1.1487631461636558,2.8027587605983215,7.305910293559853,8.823999461344738e-06,4.9441280072273684e-08,0.001574857414290071,0.3318624,0.10277405,0.8392173,0.21502337,0.026938388,0.20476684,2.3465605,0.016006244,0.013502431,0.0005080961,0.009571938,0.029355848,0.009688839,0.066721834,0.026648188,0.0034833415,0.009992496,0.0850088,0.0017602642,0.1724152,0.00838135,-5.9902716,0.83021563,0.058068007,0.8684403,0.0035957932,0.008807847,0.03887788,0.006830572,0.009850958,0.0028205812,0.21739145,0.003588793
CN(C)c1ccc(O)c2c1C[C@H]1C[C@H]3[C@H](N(C)C)C(O)=C(C(N)=O)C(=O)[C@@]3(O)C(O)=C1C2=O,antibiotic,4.974858752619938,1.1414974368427795,2.73752377640809,7.212193728831786,1.0595982866502549e-05,6.134882810326457e-08,0.001830105910388875,0.43075818,0.21680984,0.8550763,0.31440076,0.057298683,0.210462,2.8707516,0.042581998,0.037313487,0.0015026104,0.030773366,0.0823418,0.014496887,0.07067373,0.06950168,0.011575895,0.022073915,0.109433666,0.0050207144,0.12671378,0.021496303,-5.6739874,0.76407945,0.07453345,0.83154374,0.012335425,0.02162359,0.040526643,0.019518267,0.015465277,0.0073906174,0.24886377,0.011696267
CN(C)[C@@H]1C(O)=C(C(N)=O)C(=O)[C@@]2(O)C(O)=C3C(=O)c4c(O)ccc(Cl)c4[C@@H](O)[C@H]3C[C@@H]12,antibiotic,4.924888762192694,1.143059551622208,2.6844920410131663,7.165285483372221,1.188806682869962e-05,6.834622258558758e-08,0.0020677972765305442,0.29069942,0.09446223,0.87111807,0.21916631,0.05980403,0.2266567,2.474577,0.024717728,0.014283237,0.0007085302,0.013259022,0.034958996,0.0073885233,0.061077677,0.03949161,0.0038564957,0.01166197,0.085144356,0.0022224924,0.1212434,0.006836895,-5.739325,0.70779705,0.03275442,0.82757586,0.0080027925,0.013362745,0.04093629,0.013646968,0.006641832,0.004288472,0.17201167,0.0035707608
N[C@@H]1[C@H]2CN(c3nc4c(cc3F)c(=O)c(C(=O)O)cn4-c3ccc(F)cc3F)C[C@@H]12,antibiotic,4.912744000123994,1.1438517053343504,2.6707946576686674,7.154693342579321,1.2225200763311106e-05,7.003363323048293e-08,0.0021340536940501055,0.8249885,0.49399734,0.9124712,0.6546788,0.11521004,0.36852455,3.2028832,0.15472713,0.1507722,0.011037054,0.08716247,0.2961164,0.1657741,0.14804557,0.24674423,0.06852733,0.035534214,0.1942546,0.022333145,0.56947196,0.09876458,-4.9826326,0.9108,0.29203114,0.82600385,0.10331683,0.028017964,0.08844383,0.0305594,0.08426011,0.073110275,0.36343443,0.04368224
Nc1nc(-n2cc(C(=O)O)c(=O)c3cc(F)c(N4CC(O)C4)c(Cl)c32)c(F)cc1F,antibiotic,4.9085071185222,1.1413884242525785,2.6713858069871463,7.145628430057254,1.234505080228255e-05,7.151078902866125e-08,0.0021311508568288284,0.433633,0.13775173,0.984451,0.2840065,0.28982806,0.30250898,3.0700336,0.17727485,0.044722058,0.0071354182,0.08721487,0.15001777,0.015821615,0.06563461,0.13308327,0.0225244,0.018686801,0.098919466,0.013021017,0.15205005,0.05224861,-4.8260965,0.6540004,0.055432655,0.7740823,0.010684512,0.032324366,0.09084257,0.06536789,0.006899409,0.009371167,0.17090884,0.019616958
C=C1c2cccc(O)c2C(=O)C2=C(O)[C@]3(O)C(=O)C(C(N)=O)=C(O)[C@@H](N(C)C)[C@@H]3[C@@H](O)[C@H]12,antibiotic,4.847601065703497,1.142720032075238,2.6078698028360305,7.087332328570963,1.4203616386566807e-05,8.17838726321037e-08,0.002466778742115428,0.48954767,0.11135161,0.8861848,0.19729517,0.03805981,0.30304113,2.5182946,0.030663189,0.025239095,0.001076359,0.01903688,0.045709133,0.014641655,0.072816126,0.050474934,0.0059217354,0.012914384,0.09122332,0.0023127077,0.14246336,0.00824932,-6.026943,0.75086814,0.054826636,0.8078642,0.0071647195,0.01110596,0.0347175,0.0111795915,0.0075784125,0.003760642,0.21365567,0.006284482
CCn1nc(C(=O)O)c(=O)c2cc3c(cc21)OCO3,antibiotic,4.810815739841763,1.1439871880779378,2.568600851209005,7.05303062847452,1.5459101909918037e-05,8.85053189546668e-08,0.002700219994502719,0.44935435,0.108759776,0.97278005,0.29549366,0.54939985,0.4118474,2.175674,0.15773422,0.03272788,0.009933574,0.02560674,0.08198762,0.011632202,0.02547602,0.20574823,0.0058860136,0.0100160055,0.07854023,0.012991391,0.61465454,0.017107228,-4.9215593,0.9144478,0.28784335,0.87507904,0.13474381,0.018195298,0.29138345,0.024569295,0.04082569,0.018775715,0.2521797,0.004777721
CN(C)[C@@H]1C(O)=C(C(=O)NCN2CCCC2)C(=O)[C@@]2(O)C(O)=C3C(=O)c4c(O)cccc4[C@@](C)(O)[C@H]3C[C@@H]12,antibiotic,4.7120907919041155,1.139996386156064,2.47769787503823,6.9464837087700015,1.94048016599953e-05,1.1311398197907069e-07,0.003328910545589561,0.39324293,0.115176514,0.46794304,0.32305276,0.018575897,0.23074293,2.9612212,0.0069368286,0.0074513056,0.00021312656,0.0017211856,0.020805897,0.010790845,0.071715236,0.0071032695,0.0011630696,0.0084620295,0.08986888,0.0008634104,0.20016713,0.002975187,-5.951875,0.61318743,0.019250784,0.79700387,0.0013677238,0.0026853606,0.008945275,0.00090883614,0.0128496345,0.0071784398,0.12743801,0.0011155751
CCC(C)CCCCC(=O)N[C@@H](CCN)C(=O)N[C@H](C(=O)N[C@@H](CCN)C(=O)N[C@H]1CCNC(=O)[C@H]([C@@H](C)O)NC(=O)[C@H](CCN)NC(=O)[C@H](CCN)NC(=O)[C@H](CC(C)C)NC(=O)[C@@H](Cc2ccccc2)NC(=O)[C@@H](CCN)NC1=O)[C@@H](C)O,antibiotic,4.690500694893046,1.14186068714347,2.452453748091845,6.928547641694248,2.039385396486646e-05,1.1788331992626173e-07,0.0035281435897840194,0.60306764,0.6531533,0.044675387,0.042219266,0.0026897416,0.37166506,3.5198295,0.09432129,0.027430862,0.0005545788,0.0017615871,0.121559,0.022245511,0.07056443,0.00025169342,0.002805908,0.07671695,0.24270518,0.00024865207,0.0031746153,0.061157007,-8.101452,0.03437203,0.0010693821,0.07097729,2.6899384e-06,0.005202581,3.1324074e-05,0.0009808907,0.007608748,0.06111439,0.26348132,0.4868463
CC1(C)C[C@@H]1C(=O)N/C(=C\CCCCSC[C@H](N)C(=O)O)C(=O)O,antibiotic,4.677982065819213,1.1402242808738796,2.4431424753064093,6.912821656332017,2.0990265610881045e-05,1.2223014970259555e-07,0.0036046037044653928,0.26487392,0.06820126,0.2154568,0.12224884,0.15991385,0.5488701,2.148909,0.09407334,0.009790493,0.009781671,0.0015693223,0.03133705,0.024928598,0.042993102,0.00792091,0.0040847394,0.030626941,0.10732359,0.007772611,0.31286627,0.015212332,-5.9519978,0.38280153,0.078734614,0.6636491,0.011698157,0.050053574,0.054244615,0.028154347,0.030800406,0.03359866,0.19313565,0.025417399
C[C@@H](O)[C@H]1C(=O)N2C(C(=O)O)=C(S[C@@H]3CN[C@H](C(=O)Nc4cccc(C(=O)O)c4)C3)[C@H](C)[C@H]12,antibiotic,4.676559779789557,1.147269219756368,2.427912109067075,6.925207450512039,2.1059120043542814e-05,1.1879346482276881e-07,0.003733257024449921,0.14341848,0.03584199,0.700214,0.26897955,0.115113355,0.19302098,1.9221516,0.030177176,0.009164561,0.0016307425,0.0013765164,0.026542371,0.009220181,0.08328451,0.012555373,0.0026457678,0.020435747,0.1071893,0.0017247876,0.06575975,0.0026880107,-6.305051,0.058134966,0.0022088506,0.45518127,0.0014858603,0.019984039,0.021573622,0.026487708,0.001654996,0.014043564,0.05681947,0.0027998078
CC[C@H](C)[C@H](N)C1=N[C@H](C(=O)N[C@@H](CC(C)C)C(=O)N[C@H](CCC(=O)O)C(=O)N[C@H](C(=O)N[C@H]2CCCCNC(=O)[C@H](CC(N)=O)NC(=O)[C@@H](CC(=O)O)NC(=O)[C@H](Cc3c[nH]cn3)NC(=O)[C@@H](Cc3ccccc3)NC(=O)[C@H]([C@@H](C)CC)NC(=O)[C@@H](CCCN)NC2=O)[C@@H](C)CC)CS1,antibiotic,4.661889871406515,1.1405383705718224,2.4264346650857433,6.897345077727287,2.1782620670165124e-05,1.266645026717134e-07,0.003745978970051771,0.30861282,0.43303308,0.2017396,0.1809986,0.006322014,0.14282902,4.0578046,0.06099064,0.008266096,0.00034038073,0.00042619492,0.099752724,0.005889731,0.041385178,1.092257e-05,0.0012787797,0.117737174,0.31560737,0.000250971,0.00036095415,0.021771723,-8.986668,0.00053748454,3.5179582e-05,0.048377793,4.959177e-08,0.0022500982,2.3540517e-05,0.0012362173,0.00020371629,0.11070554,0.14551611,0.26907653
C[C@@H](O)[C@H]1C(=O)N2C(C(=O)O)=C(S[C@@H]3CN[C@H](CNS(N)(=O)=O)C3)[C@H](C)[C@H]12,antibiotic,4.623564554278337,1.145006923674303,2.3793509838767033,6.867778124679971,2.3792246226336048e-05,1.355881937625222e-07,0.004174928249918682,0.39325628,0.029375881,0.14819069,0.03627809,0.105274245,0.5098711,1.4761685,0.022379406,0.002368927,0.0010727079,0.00024059703,0.0128328055,0.018132458,0.063825294,0.0010643543,0.00089887285,0.01348629,0.12447977,0.00020591581,0.08674968,0.0011035718,-6.498864,0.07064688,0.0050051464,0.36166447,8.5595486e-05,0.0055372803,0.0053716875,0.002059287,0.006031761,0.006492707,0.04669569,0.0024325803
CCCCCCCCCC(=O)N[C@H]1[C@H](Oc2c3cc4cc2Oc2ccc(cc2Cl)[C@@H](O[C@@H]2O[C@H](CO)[C@@H](O)[C@H](O)[C@H]2NC(C)=O)[C@@H]2NC(=O)[C@H](NC(=O)[C@@H]4NC(=O)[C@H]4NC(=O)[C@@H](Cc5ccc(c(Cl)c5)O3)NC(=O)[C@H](N)c3ccc(O)c(c3)Oc3cc(O)cc4c3)c3ccc(O)c(c3)-c3c(OC4O[C@H](CO)[C@@H](O)[C@H](O)[C@@H]4O)cc(O)cc3[C@@H](C(=O)O)NC2=O)O[C@H](CO)[C@@H](O)[C@@H]1O,antibiotic,4.619506028187111,1.1401085429266806,2.3848932840508166,6.854118772323405,2.40156293296712e-05,1.3992046110341788e-07,0.004121987931942822,0.4936871,0.68022954,0.90942174,0.27769747,0.012032026,0.12652306,4.6710043,0.03851636,0.08214141,8.6781925e-05,0.008066202,0.2305403,0.0073804064,0.09725745,5.2343374e-05,0.053659648,0.016544493,0.09634401,0.00019416715,0.00018858378,0.029352695,-9.438176,0.0012687792,2.1768037e-06,0.0147215845,1.051322e-07,0.004639251,8.870794e-07,0.000378233,3.5828072e-07,0.0016875822,0.10929476,0.008785801
CN(C)[C@@H]1C(O)=C(C(N)=O)C(=O)[C@@]2(O)C(O)=C3C(=O)c4c(O)c(NC(=O)CN5CCCC5)cc(F)c4C[C@H]3C[C@@H]12,antibiotic,4.6156988915598784,1.1397746711261345,2.381740536152655,6.8496572469671015,2.4227081955254503e-05,1.4136527847386448e-07,0.004152020258462081,0.3940666,0.13362302,0.83816415,0.30198723,0.051656567,0.20192675,2.8357406,0.01988523,0.014728576,0.00053487613,0.006002928,0.046837915,0.012416409,0.06994827,0.01644006,0.0032492392,0.010394838,0.080885366,0.0016518254,0.11993669,0.008321547,-5.7210684,0.616207,0.023233319,0.8345742,0.0044559687,0.009246623,0.0218493,0.008907897,0.0071164505,0.0065658614,0.15958534,0.0044265315
CO[C@@]1(NC(=O)Cc2cccs2)C(=O)N2C(C(=O)O)=C(COC(N)=O)CS[C@@H]21,antibiotic,4.610757285989159,1.1395435848686368,2.377251859646631,6.8442627123316875,2.4504323315296385e-05,1.4313218057358404e-07,0.004195156244628585,0.17430082,0.019105315,0.88342655,0.057350527,0.21441054,0.42941087,2.0785053,0.10166569,0.009591261,0.007621759,0.0022118227,0.04692048,0.012207108,0.038682073,0.0031143946,0.0048825555,0.012456156,0.07818364,0.014048763,0.14873818,0.013869062,-5.8076444,0.32966214,0.024088878,0.69544154,0.00088807,0.025033053,0.13069418,0.022884354,0.004040477,0.0064518377,0.1401864,0.005086126
CON(C)Cc1ccc(O)c2c1C[C@H]1C[C@H]3[C@H](N(C)C)C(O)=C(C(N)=O)C(=O)[C@@]3(O)C(O)=C1C2=O,antibiotic,4.585712943577401,1.1400344966703237,2.3512453301035667,6.820180557051236,2.5958946084261566e-05,1.512932119201386e-07,0.004454045711986765,0.34392136,0.11818725,0.70719033,0.31749442,0.030751359,0.20267244,2.638438,0.010058297,0.008933245,0.0003054047,0.0033434741,0.02743336,0.007582861,0.058788814,0.015175404,0.0017246306,0.009475355,0.07321284,0.0012304692,0.14404082,0.0049897516,-5.8298836,0.7002145,0.035110746,0.8604952,0.0029720129,0.0047894297,0.022266617,0.0032346365,0.013542896,0.0047147884,0.17670462,0.0029629613
CCCCCCCCCCNCCN[C@@]1(C)C[C@H](O[C@H]2[C@H](Oc3c4cc5cc3Oc3ccc(cc3Cl)[C@@H](O)[C@@H](NC(=O)[C@@H](CC(C)C)NC)C(=O)N[C@@H](CC(N)=O)C(=O)N[C@H]5C(=O)N[C@H]3C(=O)N[C@H](C(=O)N[C@H](C(=O)O)c5cc(O)c(CNCP(=O)(O)O)c(O)c5-c5cc3ccc5O)[C@H](O)c3ccc(c(Cl)c3)O4)O[C@H](CO)[C@@H](O)[C@@H]2O)O[C@@H](C)[C@H]1O,antibiotic,4.583668351758636,1.1400364617058456,2.3491968868151787,6.818139816702093,2.6081444948123003e-05,1.520058083673111e-07,0.004475103799574657,0.55318034,0.7112907,0.4668495,0.24561357,0.0673021,0.12216787,4.390409,0.05370132,0.07384209,0.00013233094,0.0015780724,0.15917069,0.008883909,0.1547755,0.0007088495,0.019475281,0.060075045,0.24046734,4.5903358e-05,0.0008170546,0.023890525,-9.452387,1.0043572e-05,3.3212095e-06,0.0039033,2.4465277e-05,0.09014526,1.4327726e-06,0.011136298,8.980397e-06,0.04037549,0.019055918,0.2825274
CCC(C)CCCC(=O)N[C@@H](CCN)C(=O)N[C@H](C(=O)N[C@@H](CCN)C(=O)N[C@H]1CCNC(=O)C([C@@H](C)O)NC(=O)[C@@H](CCN)NC(=O)[C@H](CCN)NC(=O)[C@@H](CC(C)C)NC(=O)[C@@H](CC(C)C)NC(=O)[C@H](CCN)NC1=O)[C@@H](C)O,antibiotic,4.554862848729067,1.140362548589495,2.319752253493657,6.789973443964477,2.7870011715281644e-05,1.6219092700750355e-07,0.004789032082996862,0.6558821,0.43230897,0.019550035,0.0148143945,0.0030098627,0.43945464,3.5779076,0.07862166,0.01671534,0.00021969434,0.00054957264,0.090272546,0.018327996,0.0642388,9.793241e-05,0.0011129028,0.07495312,0.26317292,4.8279402e-05,0.0025141337,0.009676513,-8.101736,0.009916926,0.0008368157,0.07527613,1.1423232e-06,0.003696638,1.3198505e-05,0.00045973845,0.0061017787,0.0144496085,0.1446218,0.27574295
O=C(O)C[C@@H]1CC[C@H](NC(=O)Cc2cccs2)B(O)O1,antibiotic,4.526442523324895,1.1390021551958882,2.293998299140954,6.758886747508836,2.975483022932094e-05,1.7422611496916894e-07,0.0050816143270621785,0.7258784,0.09265665,0.31606096,0.29896507,0.20452102,0.6617125,2.3183963,0.16523865,0.061482273,0.03624885,0.0075011924,0.13060549,0.08281194,0.046794824,0.011457543,0.014715031,0.0570141,0.14581871,0.037259158,0.51697856,0.010846401,-5.6432343,0.44860858,0.07188523,0.5935491,0.0049557793,0.03667356,0.08541386,0.011600172,0.030820107,0.043686144,0.27325347,0.0062987297
CCS(=O)(=O)CCn1c([N+](=O)[O-])cnc1C,antibiotic,4.491744391392641,1.1392018661785805,2.258908733682623,6.724580049102658,3.222965143368137e-05,1.8854714076144472e-07,0.0055092345995893756,0.99224216,0.05276867,0.52303874,0.0722687,0.5334113,0.9615512,1.7043793,0.19827993,0.007509634,0.020944346,0.002397691,0.063966975,0.03434769,0.0049676355,0.002052328,0.0021942798,0.006652941,0.07356508,0.0022333278,0.9668001,0.0020253933,-4.3507495,0.99753314,0.82360744,0.8977771,0.0037170313,0.009860822,0.121443346,0.0006062704,0.08034152,0.0037437542,0.6419906,0.0012709878
CCn1cc(C(=O)O)c(=O)c2ccc(-c3ccncc3)cc21,antibiotic,4.484650641638495,1.1397168450201984,2.2508056253989057,6.7184956578780834,3.276041226283451e-05,1.9120724416103818e-07,0.005612991371430321,0.235237,0.2664062,0.97301006,0.40076286,0.4289527,0.23792367,2.2899828,0.22755298,0.10989462,0.02268116,0.13440365,0.15800723,0.027063925,0.06893326,0.42036647,0.056530606,0.034449894,0.15594232,0.045499504,0.35792175,0.11919154,-5.0387177,0.94065607,0.29695252,0.86766213,0.20223995,0.07647328,0.3464711,0.1212554,0.04492508,0.040718127,0.24596784,0.059639145
CCn1cc(C(=O)O)c(=O)c2ccc(C)nc21,antibiotic,4.483419859700337,1.1414634085621953,2.2461515789184343,6.72068814048224,3.2853386301744925e-05,1.9024439023200842e-07,0.005673465536489088,0.4493185,0.05868295,0.9418874,0.20505679,0.42870903,0.42972678,1.9619732,0.08585116,0.022199024,0.0069781393,0.015862474,0.046028193,0.013587539,0.02932303,0.11178894,0.003739105,0.0081776865,0.07929371,0.009936253,0.69748956,0.011902675,-4.928294,0.9558567,0.30892903,0.9049737,0.06433953,0.012507354,0.27271873,0.012215634,0.043705203,0.0059287017,0.20471592,0.0017990668
OC(Cn1cncn1)(Cn1cncn1)c1ccc(F)cc1F,antibiotic,4.408379911311464,1.1399023588807669,2.174171287905161,6.642588534717767,3.904991462267245e-05,2.277253956454881e-07,0.0066962045568773115,0.021831324,0.36267197,0.8793496,0.06318924,0.090969756,0.08020147,2.5234942,0.05514144,0.001066735,0.019281259,0.0024445578,0.0017514859,0.00013253596,0.0010082483,0.059711218,0.13663916,0.0013057322,0.010446172,0.00010400555,0.48460674,0.01178186,-5.376172,0.9999995,0.6738334,0.8173267,0.114963666,0.8351723,0.07757365,0.54852915,0.01283402,0.09156383,0.360583,0.9226122
CC(=O)O[C@H]1C[C@@]2(C)[C@@H](C[C@@H](O)[C@H]3[C@@]4(C)CC[C@@H](O)[C@@H](C)[C@@H]4CC[C@@]32C)/C1=C(\CCC=C(C)C)C(=O)O,antibiotic,4.40241048542074,1.1400117339236235,2.167987486930438,6.636833483911042,3.9590365808371305e-05,2.307631805455584e-07,0.006792232023909079,0.34171838,0.6827053,0.124754384,0.29326716,0.02482811,0.5658749,2.3653183,0.27976838,0.02162762,0.09975214,0.28932756,0.1252905,0.06790204,0.07195946,0.0061471895,0.06513168,0.11429586,0.17371917,0.061435927,0.5900458,0.55494255,-4.9933615,0.99172163,0.81898785,0.6853007,0.0018230614,0.027728587,0.059275817,0.030479291,0.27063245,0.075974874,0.7860354,0.11811869
C=CC1=C(C(=O)O)N2C(=O)[C@@H](NC(=O)/C(=N\O)c3csc(N)n3)[C@H]2SC1,antibiotic,4.394360638687612,1.140032498248693,2.1598969421201737,6.62882433525505,4.033103444538567e-05,2.3505833996683633e-07,0.00691995161568986,0.31433553,0.034567002,0.9019802,0.12763521,0.31405854,0.53257567,2.4462934,0.27904433,0.03740789,0.025640646,0.017666679,0.12248923,0.009831616,0.036351897,0.032485943,0.007235081,0.034722727,0.06591322,0.0117911305,0.07575236,0.005492363,-5.9655066,0.12165856,0.009971759,0.41351542,0.0067283483,0.03959588,0.059846222,0.080272615,0.0024680202,0.016826335,0.13999844,0.018813636
CC(C)(O/N=C(\C(=O)N[C@@H]1C(=O)N2C(C(=O)[O-])=C(C[n+]3ccccc3)CS[C@H]12)c1csc(N)n1)C(=O)O,antibiotic,4.38495622968945,1.141585228680404,2.1474491814758587,6.622463277903043,4.12139054383018e-05,2.38526547485683e-07,0.007121161226631325,0.18069471,0.03861918,0.6444405,0.13383164,0.28215748,0.30874926,2.5321178,0.06643154,0.008377881,0.0036851573,0.0008623491,0.035971355,0.0063793496,0.036488645,0.0037052468,0.0029722364,0.027114356,0.096214645,0.0010648438,0.04656786,0.0013630185,-6.6232133,0.0061837705,0.00046231254,0.20911369,0.0007758435,0.029287308,0.012612949,0.026650598,0.0005175464,0.048052017,0.04014494,0.007865879
CO/N=C(\C(=O)N[C@@H]1C(=O)N2C(C(=O)[O-])=C(C[N+]3(C)CCCC3)CS[C@H]12)c1csc(N)n1,antibiotic,4.352856328555797,1.1444502250171966,2.1097338875220917,6.595978769589502,4.437554209236365e-05,2.5352525628509304e-07,0.007767229051833613,0.21531367,0.06256503,0.04474619,0.001257914,0.100291654,0.5448648,2.1540122,0.0137280915,0.0022415952,0.00014544316,0.00033775606,0.0030236375,0.011065445,0.085487485,0.0014518874,0.0005986248,0.012185817,0.11124317,3.3786405e-06,0.032789998,0.00013510913,-6.002025,0.0009848273,0.0018812995,0.09307605,0.00047279242,0.0060638287,0.00023040498,0.0012108722,0.0036475458,0.0058897333,0.0064613433,0.004135738
CC(C)(C)C(=O)OCOC(=O)[C@@H]1N2C(=O)[C@@H](N=CN3CCCCCC3)[C@H]2SC1(C)C,antibiotic,4.324223271870009,1.1391979627920943,2.0913952647975043,6.557051278942514,4.739982389403694e-05,2.7729926666284676e-07,0.00810223312965847,0.4061187,0.382555,0.5834857,0.21958217,0.097892165,0.41853842,2.4299297,0.27074558,0.031509828,0.029318932,0.041258514,0.10972905,0.04003477,0.050538868,0.008885745,0.034985848,0.035285622,0.102314755,0.030249199,0.45762935,0.2765121,-4.6664777,0.9787714,0.7571435,0.82495326,0.0013983161,0.05968942,0.112334706,0.026715135,0.09872718,0.02228336,0.67490494,0.27369872
CC1(C)S[C@@H]2[C@H](NC(=O)C3(N)CCCCC3)C(=O)N2[C@H]1C(=O)O,antibiotic,4.323987691070087,1.1390894513440495,2.0913723664357504,6.5566030157044235,4.7425542658709846e-05,2.7758563281541085e-07,0.008102660334617436,0.18956265,0.021938438,0.40115786,0.13787596,0.07351903,0.34057194,2.1960373,0.043102168,0.0057519684,0.003878362,0.00084094424,0.03181093,0.02042007,0.07676021,0.0013986955,0.002291649,0.018707955,0.13542716,0.0032025534,0.1681911,0.007954018,-5.9217916,0.3237644,0.016211549,0.67130184,0.00015604962,0.0064383736,0.03292336,0.0032713949,0.008296239,0.005179325,0.121153496,0.0014098265
Cn1nnc(-c2ccc(-c3ccc(N4C[C@H](CO)OC4=O)cc3F)cn2)n1,antibiotic,4.313783820650747,1.1391072771645836,2.0811335574081635,6.546434083893331,4.855301230040062e-05,2.84161944599262e-07,0.008295956049876275,0.68926096,0.19829352,0.9781655,0.18845038,0.3311361,0.42823315,2.8529723,0.20093384,0.062993735,0.015983252,0.035052083,0.13083051,0.015581399,0.022757407,0.08987311,0.029062504,0.007866553,0.10986867,0.014782895,0.78141767,0.043385055,-5.1420426,0.9881159,0.6569071,0.93350077,0.11151955,0.036401536,0.3192662,0.021361243,0.066603824,0.01702657,0.49640244,0.036159318
CN(C)c1cc(CNCC(C)(C)C)c(O)c2c1C[C@H]1C[C@H]3[C@H](N(C)C)C(O)=C(C(N)=O)C(=O)[C@@]3(O)C(O)=C1C2=O,antibiotic,4.31036136231893,1.140601692705076,2.074782044616981,6.545940680020879,4.8937145983499183e-05,2.844849656933687e-07,0.00841817510873874,0.40488368,0.40996486,0.46446005,0.2820789,0.065960616,0.23544796,3.4258523,0.059452195,0.026710529,0.0013471267,0.020018721,0.09060479,0.014954808,0.05594348,0.036140483,0.013142918,0.031228805,0.11419813,0.0021782792,0.12826225,0.04579189,-5.834462,0.4631296,0.10679026,0.6961199,0.011913746,0.031197319,0.008953385,0.010394054,0.041097652,0.02725577,0.22288387,0.024300452
C[C@H]1[C@H](NC(=O)/C(=N\OC(C)(C)C(=O)O)c2csc([NH3+])n2)C(=O)N1S(=O)(=O)[O-],antibiotic,4.306421130921365,1.139731052991064,2.0725482670588793,6.54029399478385,4.93831591289305e-05,2.882079824416309e-07,0.008461585223605548,0.5478941,0.008841209,0.6668963,0.037358206,0.3921148,0.6072942,2.1748497,0.0652875,0.0025485258,0.0006685857,0.00034290276,0.029706279,0.004702513,0.013589652,0.002306815,0.0008147723,0.009912157,0.10620312,0.00012450878,0.24006717,0.00017327876,-6.1319475,0.01670307,0.0046159243,0.3358215,0.0026237068,0.015451993,0.024457756,0.0101422155,0.0005838049,0.012855342,0.034117945,0.00056370837
O=C1CN(/N=C/c2ccc([N+](=O)[O-])o2)C(=O)N1,antibiotic,4.275318279829522,1.1393890024523337,2.042115835022948,6.508520724636096,5.304955193967596e-05,3.1008394122064794e-07,0.009075784285771257,0.9925907,0.044382416,0.97347707,0.018124178,0.47273454,0.98575056,2.2397904,0.787176,0.098329134,0.08845216,0.37667325,0.2314181,0.02821502,0.0040692408,0.10668925,0.013036725,0.026408711,0.10760202,0.029422993,0.9418734,0.009787062,-4.5529304,0.9983324,0.94382346,0.84439564,0.6310261,0.103211045,0.13139041,0.026782209,0.041402422,0.008770822,0.6831427,0.005449949
NCC[C@H](O)C(=O)N[C@@H]1C[C@H](N)[C@@H](O[C@H]2O[C@H](CN)[C@@H](O)[C@H](O)[C@H]2O)[C@H](O)[C@H]1O[C@H]1O[C@H](CO)[C@@H](O)[C@H](N)[C@H]1O,antibiotic,4.269140292204939,1.139746084928904,2.0352379657442867,6.5030426186655905,5.380959307587656e-05,3.1402005211309434e-07,0.009220660551793738,0.40821022,0.06062817,0.002877191,0.006433884,0.00012655024,0.3338973,1.2952654,0.007956889,0.0031623624,3.0470133e-05,0.00034574192,0.0037523974,0.015554501,0.16309825,0.00022906422,0.0013681215,0.0349485,0.30165482,5.5935498e-06,0.018269747,0.000109397944,-8.122779,0.00020282804,0.00019203949,0.01892106,5.352009e-07,0.0038052883,3.6472989e-06,7.830995e-05,0.0016248738,0.0011558125,0.0083666,0.000106402884
C=CC1=C(C(=O)O)N2C(=O)[C@@H](NC(=O)/C(=N\OCC(=O)O)c3csc(N)n3)[C@H]2SC1,antibiotic,4.257881058611586,1.1425269279139416,2.0185282799002606,6.497233837322911,5.522286589084579e-05,3.182483514669337e-07,0.009582343170488332,0.14033273,0.0073577054,0.94042456,0.123737596,0.32907495,0.41012973,2.5671122,0.11788815,0.006784212,0.003199039,0.0011212757,0.038749233,0.0024059578,0.027916595,0.008141415,0.0010617682,0.010839062,0.051237673,0.0022563362,0.06614292,0.0018854797,-6.300859,0.033864237,0.001347214,0.42215785,0.0008618411,0.01974262,0.04868359,0.039059345,0.000490812,0.0037480344,0.05453386,0.0010307481
NC[C@H]1O[C@H](O[C@H]2[C@H](O[C@@H]3O[C@H](CO)[C@@H](O)[C@H]3O)[C@@H](O)[C@H](N)C[C@@H]2N)[C@H](N)[C@@H](O)[C@@H]1O,antibiotic,4.250074675607026,1.1393778917292035,2.0168940078177875,6.483255343396264,5.622446406330461e-05,3.286583394216211e-07,0.009618469942886445,0.59842,0.12331216,0.0045056534,0.014708795,0.00048121676,0.49921918,1.0730557,0.030410046,0.008422996,0.00019202835,0.0047052214,0.01292294,0.03378105,0.14993969,0.0012701803,0.009666261,0.059369188,0.2837649,3.190361e-05,0.04385832,0.00043004687,-7.534217,0.0018182211,0.0014770355,0.04137333,7.812394e-06,0.009079253,2.736068e-05,0.00029398286,0.009187344,0.0043963743,0.02239303,0.00041690483
CN(C)c1cc(NC(=O)CNC(C)(C)C)c(O)c2c1C[C@H]1C[C@H]3[C@H](N(C)C)C(O)=C(C(N)=O)C(=O)[C@@]3(O)C(O)=C1C2=O,antibiotic,4.249555379523224,1.140427806162036,2.0143168794456336,6.484793879600815,5.629173318145663e-05,3.2749609084029294e-07,0.009675716178601914,0.4874671,0.21563828,0.7481555,0.32671785,0.034027882,0.17224367,2.7132227,0.011376815,0.009617855,0.00013924378,0.0030309977,0.03794764,0.007701247,0.07196547,0.020346882,0.0017689068,0.0075493036,0.07023955,0.00037561625,0.11957568,0.005424443,-6.11011,0.55694646,0.04662321,0.84301776,0.00576146,0.005913974,0.0072395876,0.0036474825,0.014880238,0.0053872955,0.14681551,0.004672575
Cc1cc(C)nc(NS(=O)(=O)c2ccc(N)cc2)n1,antibiotic,4.249307649320134,1.1391971874472837,2.0164811619234575,6.48213413671681,5.632385226454399e-05,3.295079242447044e-07,0.009627617730862993,0.012573816,0.08797394,0.8274215,0.08846592,0.16920404,0.12209801,1.8468256,0.018074863,0.0019562705,0.002531811,0.005279832,0.004246994,0.003271243,0.019878173,0.015335396,0.005315603,0.0039556283,0.04308858,0.00075020734,0.51243985,0.0058608064,-5.2224755,0.99930465,0.58610857,0.948486,0.013910035,0.031046037,0.3009399,0.027554322,0.06878057,0.014004037,0.26801172,0.03172405
CO[C@@]1(NC(=O)CSCC#N)C(=O)N2C(C(=O)O)=C(CSc3nnnn3C)CS[C@@H]21,antibiotic,4.243115306004136,1.1426133542607562,2.003593131653054,6.482637480355218,5.713269281562149e-05,3.2912624856423155e-07,0.009917606397555812,0.3955756,0.0062357066,0.91167223,0.012239267,0.22267306,0.6542524,2.4560866,0.18103334,0.0063432693,0.0087566385,0.0008953029,0.060973972,0.011181368,0.008299174,0.00026204588,0.0024428884,0.0062867366,0.033570103,0.010172807,0.14426951,0.0037565273,-5.99846,0.39976257,0.077545166,0.6684534,0.00012870601,0.016088132,0.0872488,0.007109682,0.0020648462,0.0013302665,0.22441146,0.0035852366
CO/N=C(\C(=O)N[C@@H]1C(=O)N2C(C(=O)O)=CCS[C@H]12)c1csc(N)n1,antibiotic,4.240331240472984,1.1411885778159587,2.0036016279537048,6.477060852992263,5.750012112335583e-05,3.3337969659639605e-07,0.009917412376804992,0.21632755,0.022078315,0.9488891,0.13169841,0.21697733,0.35712323,2.1653953,0.09142198,0.013584805,0.005835046,0.0047261016,0.059996016,0.006175731,0.039065264,0.02193217,0.002926643,0.011390499,0.06876409,0.0038993317,0.14033237,0.0057479506,-5.940326,0.38852122,0.013711898,0.6763896,0.0014368327,0.009071849,0.09140875,0.014646819,0.0035022392,0.0028590553,0.11226431,0.0029396282
NCc1ccccc1CC(=O)N[C@@H]1C(=O)N2C(C(=O)O)=C(CSc3nnnn3CC(=O)O)CS[C@H]12,antibiotic,4.214533678300408,1.143208364574702,1.9738452837339922,6.455222072866825,6.1019173617829755e-05,3.505725657504204e-07,0.010620738508253857,0.42208022,0.02209559,0.6695859,0.077588186,0.3287913,0.626406,2.254546,0.13583927,0.008199392,0.0072321445,0.00042495233,0.05389757,0.015194485,0.016023653,0.00026178677,0.0015657761,0.017613372,0.06595953,0.00680584,0.0869244,0.0024119248,-6.9706597,0.049289826,0.0028933391,0.4393041,0.00014732638,0.024858061,0.03449807,0.0106273005,0.0008186304,0.030260134,0.13896167,0.0034688725
COCC1=C(C(=O)O)N2C(=O)[C@@H](NC(=O)/C(=N\OC)c3csc(N)n3)[C@H]2SC1,antibiotic,4.21199106695309,1.1436585330309643,1.9704203422123996,6.4535617916937795,6.137746298270928e-05,3.5191534822405234e-07,0.01070482711596712,0.19040562,0.02746674,0.9569744,0.10357939,0.17379877,0.30181253,2.2605991,0.078489535,0.010895172,0.0052315956,0.0037962329,0.0630799,0.006418032,0.038094707,0.009585729,0.004360829,0.009956718,0.06828928,0.0054351306,0.09605917,0.009228369,-5.871402,0.42106706,0.017273454,0.73433936,0.0005754741,0.008629699,0.110395655,0.014035702,0.0044570332,0.0021430168,0.12758952,0.007208894
Cc1noc(NS(=O)(=O)c2ccc(N)cc2)c1C,antibiotic,4.198860134373194,1.139575545376627,1.9652920654350052,6.4324282033113835,6.326155539983142e-05,3.6946371830725026e-07,0.010831982122471379,0.044082116,0.061209094,0.8681782,0.059316773,0.15682916,0.18242618,1.9485509,0.017880097,0.0023911751,0.0021489882,0.0032984086,0.0041524316,0.0051117097,0.0275868,0.017072938,0.004939669,0.0025632982,0.042949222,0.00077801273,0.6871427,0.008127923,-4.9814067,0.99966824,0.7310052,0.96096814,0.026258443,0.037656084,0.35822827,0.026213223,0.09027744,0.0036735255,0.32777643,0.035103936
O=C(O)C1=C(CSc2nnnn2CS(=O)(=O)O)CS[C@@H]2[C@H](NC(=O)[C@H](O)c3ccccc3)C(=O)N12,antibiotic,4.184977680152646,1.1399671033386483,1.9506421576088955,6.419313202696397,6.531641200756838e-05,3.807911069922679e-07,0.011203606384718031,0.4308855,0.015679386,0.7356867,0.06457968,0.39223686,0.6571207,2.15064,0.20484522,0.010292443,0.01086192,0.00060184393,0.06566001,0.01385734,0.0149331,0.0002591723,0.0021990086,0.023858665,0.08664833,0.0073278123,0.098919936,0.0026331278,-7.0929413,0.011438255,0.001798988,0.29668778,0.00011748271,0.030352687,0.041189548,0.010233672,0.00043854062,0.017709011,0.10557397,0.0018045574
C[C@@H](O)[C@H]1C(=O)N2C(C(=O)O)=C(SCC/N=C/N)C[C@H]12,antibiotic,4.177377473772456,1.1393648610941192,1.9442223460279822,6.4105326015169295,6.646951749556938e-05,3.8856832790288165e-07,0.011370450031115462,0.155884,0.028366113,0.24242818,0.13141881,0.13473964,0.42531538,1.7968671,0.046097893,0.0069860197,0.0062598647,0.0010571228,0.024487345,0.021010691,0.04582245,0.0054773777,0.002026671,0.02219398,0.08777022,0.0045130993,0.26302567,0.0027795203,-5.7637076,0.29036945,0.026292806,0.5900278,0.002180856,0.012374839,0.046731047,0.0075942343,0.018597666,0.017982641,0.10195619,0.0017403623
Cc1ncc([N+](=O)[O-])n1CCO,antibiotic,4.172154909690427,1.139387882015285,1.9389546609404684,6.405355158440385,6.727366532004059e-05,3.9322836864023546e-07,0.011509205353730304,0.9524226,0.03560568,0.5708873,0.050029308,0.5152188,0.908065,1.7857258,0.0631639,0.0032506592,0.0072002606,0.0013306562,0.017665323,0.007968578,0.003108127,0.0042426647,0.0010316325,0.0026604221,0.047455706,0.0012389885,0.968057,0.00076665456,-4.503249,0.99805355,0.8327222,0.94346,0.0141097205,0.011693771,0.14781022,0.0009316465,0.08018117,0.0029765596,0.49461013,0.00061863376
COc1cc(NS(=O)(=O)c2ccc(N)cc2)nc(OC)n1,antibiotic,4.172054517318277,1.1399588917357515,1.9377350895162042,6.40637394512035,6.728921823123998e-05,3.9230699773379826e-07,0.011541570546350093,0.0086218435,0.13000765,0.9655792,0.06211614,0.13596763,0.060687184,1.8646387,0.019188212,0.0028037007,0.0014590938,0.007387954,0.0030771792,0.0008491477,0.011085758,0.05124725,0.006812294,0.0015590747,0.029434294,0.00025757335,0.52680403,0.006318651,-5.105523,0.9999747,0.77308196,0.9682417,0.086440444,0.07467286,0.33343711,0.08497481,0.066561,0.0071500414,0.38991007,0.14263323
CO[C@@]1(NC(=O)C(C(=O)O)c2ccsc2)C(=O)N2[C@@H](C(=O)O)C(C)(C)S[C@@H]21,antibiotic,4.165955874482014,1.1419025654340342,1.9278268462313073,6.404084902732722,6.824080251582564e-05,3.943801948798819e-07,0.011807913248337059,0.028336797,0.0029995535,0.82027453,0.045501444,0.16525538,0.2585656,2.0030024,0.035007305,0.0016833993,0.0007985858,0.00010922835,0.010605117,0.001744332,0.024010994,0.0005786461,0.0005011231,0.0047639916,0.050672024,0.0017315705,0.065863796,0.0020279218,-6.079409,0.07028113,0.0017968144,0.6738456,9.3939154e-05,0.012648878,0.04927058,0.010472489,0.00036386552,0.00092173426,0.03861053,0.00022311593
CO[C@@]1(NC(=O)C(C(=O)O)c2ccc(O)cc2)C(=O)N2C(C(=O)O)=C(CSc3nnnn3C)CO[C@@H]21,antibiotic,4.16230810660313,1.1420783931853697,1.9238344559598057,6.400781757246454,6.881639109690824e-05,3.9739119732378426e-07,0.011916961713029871,0.22500412,0.004316067,0.91768026,0.046353526,0.15447596,0.4773315,2.4732788,0.05841422,0.004350663,0.0013594835,0.0004372256,0.024537925,0.0025307443,0.022136321,0.00028293667,0.00087845634,0.008747326,0.0699645,0.0020483914,0.058123063,0.00071461604,-6.6685157,0.025254216,0.0014259742,0.4953974,3.1303207e-05,0.010849507,0.029765662,0.004316598,0.0001273102,0.0028581754,0.048140187,0.0003171436
CC1(C)S[C@@H]2[C@H](NC(=O)[C@H](N)c3ccccc3)C(=O)N2[C@H]1C(=O)OCOC(=O)[C@@H]1N2C(=O)C[C@H]2S(=O)(=O)C1(C)C,antibiotic,4.161873743808371,1.1423594800020784,1.9228491630042974,6.400898324612445,6.888525274305807e-05,3.972845493442338e-07,0.011944028664863706,0.49557456,0.14700742,0.7990275,0.057330064,0.08132623,0.2806018,2.718142,0.3616845,0.032934,0.020311814,0.01769779,0.19377074,0.047194697,0.050064974,0.0013768962,0.046248477,0.01828486,0.068187326,0.021626627,0.09724797,0.22691365,-5.970309,0.68393785,0.09020652,0.54140085,6.782643e-05,0.028812299,0.044970393,0.030737188,0.0059874547,0.0059960773,0.50617325,0.36076444
CN[C@@H]1[C@H](O[C@H]2[C@H](O[C@H]3[C@H](O)[C@@H](O)[C@H](NC(=N)N)[C@@H](O)[C@@H]3NC(=N)N)O[C@@H](C)[C@]2(O)C=O)O[C@@H](CO)[C@H](O)[C@H]1O,antibiotic,4.160342096888938,1.1400684307675517,1.9258079725845363,6.394876221193339,6.912862252623596e-05,4.0283182956297524e-07,0.011862931629705654,0.48703098,0.12686065,0.0005315625,0.0035649177,0.00018213122,0.43412274,1.6288627,0.047585525,0.0037173335,1.959296e-05,0.0009663608,0.0030280647,0.011673334,0.10439972,0.0004938223,0.006240729,0.089498274,0.32317528,4.763476e-06,0.024179783,2.8343089e-05,-9.61053,9.7683e-06,4.2633987e-05,0.0028193293,6.9924718e-06,0.047526583,3.8065025e-07,0.00042389863,0.00097417244,0.0065321624,0.0022890975,0.00037122166
CO/N=C(\C(=O)N[C@@H]1C(=O)N2C(C(=O)O)=C(COC(C)=O)CS[C@H]12)c1csc(N)n1,antibiotic,4.151628374613425,1.1442402886579968,1.9089174088437515,6.394339340383099,7.052963322437398e-05,4.033301237453704e-07,0.012333393589776016,0.2616081,0.027640203,0.95339453,0.10965826,0.20073745,0.3626271,2.1222885,0.12218193,0.015931744,0.008708065,0.00540842,0.08707233,0.010022644,0.044039104,0.010571504,0.005718867,0.013272268,0.07822837,0.0066982694,0.11551962,0.014516497,-5.815229,0.3603037,0.017480126,0.6633547,0.0009651539,0.012383299,0.10225803,0.01946731,0.0038995272,0.0050031035,0.14778927,0.009118831
C=C[C@]1(C)C[C@@H](OC(=O)CS[C@@H]2CC[C@@H](N)C[C@H]2O)[C@]2(C)C(C)CC[C@]3(CCC(=O)[C@H]32)[C@@H](C)[C@@H]1O,antibiotic,4.130391860663924,1.1400498400345984,1.8958941741961106,6.364889547131737,7.406416642841407e-05,4.3162883779223026e-07,0.012708837474330955,0.23273718,0.7730301,0.092272446,0.2583837,0.0072757765,0.30765876,2.0061522,0.1748386,0.015539223,0.042581223,0.13649699,0.051093005,0.073374346,0.13608672,0.0115742665,0.04606106,0.057814218,0.09806631,0.008757198,0.676849,0.49432284,-5.2511754,0.99948406,0.87731075,0.6725094,0.0010989029,0.024218816,0.041703857,0.029278431,0.29390144,0.070067905,0.75829285,0.5351285
CO/N=C(\C(=O)N[C@@H]1C(=O)N2C(C(=O)O)=C(CSc3nc(=O)c(=O)[nH]n3C)CS[C@H]12)c1csc(N)n1,antibiotic,4.128513198840249,1.1428020180151077,1.888621243530638,6.36840515414986,7.438524558072348e-05,4.2814891309220907e-07,0.01292345861663529,0.25548637,0.010235375,0.9878124,0.055911142,0.19037957,0.35430303,2.2806077,0.10181067,0.0066589094,0.0024737944,0.0013449772,0.068552695,0.0038407953,0.025165325,0.0029025855,0.0015768979,0.004032786,0.044084005,0.0015175287,0.060902745,0.008073728,-6.7022514,0.17942894,0.004686781,0.5926003,0.00017695277,0.0035388533,0.06128662,0.01103741,0.000609992,0.0011211133,0.10294318,0.0050858306
Cc1ncc([N+](=O)[O-])n1CC(C)O,antibiotic,4.120905361683056,1.1392560330202548,1.887963536963357,6.353847186402756,7.569978365502548e-05,4.4274413170213516e-07,0.01294304505716845,0.9207714,0.06501492,0.52303326,0.055460293,0.5207633,0.89520437,1.8901552,0.070696495,0.003689026,0.009038983,0.0027035014,0.01696515,0.007729086,0.0029224707,0.0048078387,0.0018113405,0.0041194214,0.057903994,0.0017516625,0.9627975,0.0016490351,-4.534276,0.9988756,0.8855284,0.9409922,0.023533087,0.03447365,0.16248228,0.0025387257,0.10632907,0.008016417,0.5455839,0.0012274651
N[C@@H](C(=O)N[C@@H]1C(=O)N2C(C(=O)O)=C(Cl)CC[C@H]12)c1ccccc1,antibiotic,4.09325753692341,1.1402549256355765,1.85835788267768,6.32815719116914,8.06756481230354e-05,4.697240630675761e-07,0.013856135360762821,0.2529831,0.05615717,0.71204376,0.18383023,0.17744361,0.3595926,2.4861097,0.07575909,0.021631332,0.011560457,0.0047560106,0.06192503,0.035047073,0.085905634,0.013160715,0.008947739,0.024721418,0.1266907,0.016024437,0.22851697,0.02048206,-5.9124784,0.5032106,0.041617278,0.71653163,0.004783043,0.019604446,0.1295304,0.021297947,0.017582739,0.012152072,0.17898576,0.011946596
CC(C)(O/N=C(\C(=O)N[C@@H]1C(=O)N2C(C(=O)[O-])=C(C[N+]3(CCNC(=O)c4ccc(O)c(O)c4Cl)CCCC3)CS[C@H]12)c1csc(N)n1)C(=O)O,antibiotic,4.090267839056738,1.1421743342249377,1.85160614397586,6.3289295341376155,8.123293800709677e-05,4.6888945499639274e-07,0.014073232287374844,0.27522728,0.13400562,0.03181266,0.0011378382,0.11158116,0.49983358,2.266935,0.033574127,0.003678678,0.00010040391,0.00021809684,0.0042377682,0.011513497,0.10211468,0.002717176,0.0009300299,0.040180366,0.113774575,1.8191331e-06,0.0075748637,6.211287e-05,-7.1140327,8.87776e-06,6.4300446e-05,0.008695698,0.0009807651,0.041332714,6.183517e-05,0.012618119,0.00023013118,0.021484755,0.0017856652,0.04403559
NC[C@@H]1CC[C@@H](N)[C@@H](O[C@H]2[C@H](O)[C@@H](O[C@H]3O[C@H](CO)[C@@H](O)[C@H](N)[C@H]3O)[C@H](N)C[C@@H]2N)O1,antibiotic,4.076851052818534,1.1401095826784855,1.8422362707687023,6.311465834868366,8.37816573413228e-05,4.881284998899539e-07,0.014380160364414925,0.75710535,0.2081515,0.006121847,0.022746671,0.0011658218,0.6194696,1.5142832,0.028571421,0.011017145,0.0003079176,0.0038487106,0.019679422,0.03499727,0.17378883,0.0048631234,0.008510565,0.04555516,0.26240474,2.0350426e-05,0.038972136,0.00045015942,-7.5052032,0.004809644,0.0042834054,0.06916779,1.663643e-05,0.0066451184,4.0073668e-05,0.0002613137,0.026440257,0.006864379,0.022376886,0.001223069
CCN1CCN(C(=O)N[C@@H](C(=O)N[C@@H]2C(=O)N3C(C(=O)O)=C(CSc4nnnn4C)CS[C@H]23)c2ccc(O)cc2)C(=O)C1=O,antibiotic,4.072432490013692,1.1429214983661333,1.8323063532160706,6.312558626811313,8.463841268683097e-05,4.869017922875852e-07,0.014712742930129002,0.34551448,0.0073597683,0.9612815,0.02125613,0.12148148,0.52042997,2.237675,0.11032387,0.009502144,0.0028520776,0.0011050368,0.0678898,0.0075814216,0.02492644,0.00019955906,0.0018578817,0.008928328,0.05829789,0.0035893046,0.037177123,0.004823682,-6.699559,0.053392183,0.0046599405,0.52279466,2.2365779e-05,0.00671398,0.027390396,0.0043509817,0.0002350936,0.0018511132,0.10297094,0.0021030612
Cc1ccnc(NS(=O)(=O)c2ccc(N)cc2)n1,antibiotic,4.070983025468333,1.1397743950307448,1.8370252112080734,6.304940839728593,8.492136661616101e-05,4.955176863992815e-07,0.014553745922492447,0.0082859,0.061634254,0.8764807,0.084273055,0.20426695,0.10793583,1.7470543,0.014298138,0.0015043877,0.0023968748,0.003515356,0.0033879043,0.0021431954,0.014331092,0.014394405,0.0048039025,0.0028804522,0.041638322,0.0005180593,0.49854153,0.0029899443,-5.224021,0.99937165,0.48379144,0.9510447,0.018203247,0.03158968,0.3119313,0.024242807,0.043307163,0.0096165035,0.20264955,0.020823615
Nc1ccc(S(N)(=O)=O)cc1,antibiotic,4.062536756144647,1.139834677340866,1.8284607885565496,6.2966127237327445,8.65891036306324e-05,5.051115232044058e-07,0.014843598934333313,0.12257445,0.027278041,0.64596784,0.057488132,0.37211388,0.34740588,1.8546045,0.012339992,0.0014560586,0.0023368953,0.0015993768,0.002927668,0.0067456327,0.020429406,0.0116222,0.0016767407,0.0020798265,0.049942147,0.0004430487,0.8178297,0.0015459976,-5.022259,0.99817467,0.57843435,0.94491756,0.031917743,0.0074186986,0.23323917,0.003618403,0.10294618,0.0049878038,0.16135286,0.0023641572
CC1(C)S[C@@H]2[C@H](NC(=O)C(C(=O)Oc3ccc4c(c3)CCC4)c3ccccc3)C(=O)N2[C@H]1C(=O)O,antibiotic,4.062529848323248,1.1425951499420894,1.8230433544367526,6.302016342209743,8.659048091458358e-05,4.988657151249267e-07,0.015029919190059427,0.10332964,0.09289007,0.91015327,0.080854766,0.26165855,0.31086302,2.483753,0.17962725,0.03613624,0.017108496,0.03239616,0.10223512,0.016147172,0.062081933,0.0074047744,0.030136615,0.033800244,0.11983184,0.117127776,0.10723424,0.118764,-5.495392,0.53342247,0.05946331,0.7751937,0.0035420228,0.099805936,0.17379475,0.124659404,0.006668146,0.011506276,0.2601666,0.043136556
COc1nccnc1NS(=O)(=O)c1ccc(N)cc1,antibiotic,4.0620065580748035,1.1408985644407104,1.825845371771011,6.2981677443785955,8.669487842773383e-05,5.033061713927215e-07,0.01493326005679939,0.008626317,0.032288767,0.94735926,0.047281407,0.16799216,0.0883409,1.9226013,0.009918464,0.0010235168,0.0014268026,0.0012634468,0.001794637,0.0008994491,0.008005729,0.014027147,0.002997116,0.001014742,0.026991824,0.0001735734,0.5189428,0.001476206,-5.2174935,0.9998978,0.5066467,0.95424986,0.020032514,0.020717015,0.29958895,0.024261476,0.02780808,0.0021201498,0.20340073,0.018992897
CC(=O)OCC1=C(C(=O)O)N2C(=O)[C@@H](NC(=O)Cc3cccs3)[C@H]2SC1,antibiotic,4.061047543798566,1.142594681477099,1.8215619681034516,6.30053311949368,8.688653062303205e-05,5.005723771972443e-07,0.015081274052667891,0.23653062,0.031919196,0.8243208,0.08577829,0.2892513,0.50203884,2.128394,0.1413739,0.018521506,0.017056245,0.0035670158,0.06901803,0.02172232,0.042273857,0.0063691223,0.007587292,0.021963801,0.09300483,0.030467968,0.20237198,0.018420707,-5.5399375,0.35361117,0.038714983,0.68071055,0.0049336376,0.04509815,0.16350813,0.043474283,0.008984929,0.014891761,0.18699922,0.009500182
CO/N=C(\C(=O)N[C@@H]1C(=O)N2C(C(=O)O)=C(COC(N)=O)CS[C@H]12)c1ccco1,antibiotic,4.059663027770633,1.1428161692048517,1.819743336129124,6.299582719412143,8.71639639146228e-05,5.016690177983523e-07,0.01514456012980957,0.21453635,0.016076759,0.9086393,0.101995036,0.20103161,0.38930452,2.1748319,0.070587635,0.010216846,0.0056175776,0.0016990375,0.043285586,0.009415248,0.044738837,0.0051944507,0.0026672047,0.011891787,0.085605465,0.005515559,0.15529333,0.0060584047,-5.918092,0.30013353,0.013933164,0.6863708,0.00085091154,0.010377752,0.112106524,0.010625001,0.0038878308,0.004108702,0.11202427,0.002526428
CC(=O)OCC1=C(C(=O)O)N2C(=O)[C@@H](NC(=O)CSc3ccncc3)[C@H]2SC1,antibiotic,4.046721348847045,1.1421017854852653,1.808201849295925,6.285240848398166,8.980047857242929e-05,5.185124057161324e-07,0.01555242625429516,0.07563187,0.07182625,0.8921331,0.12612008,0.26125956,0.24982122,1.9208702,0.11025336,0.011559633,0.0137912985,0.0032084,0.053993724,0.011425325,0.035845302,0.010015829,0.01174021,0.01483087,0.06831073,0.019382,0.1360417,0.039389946,-5.6880426,0.5961577,0.05722227,0.7329159,0.0038083703,0.062058557,0.2466151,0.09835453,0.0113657415,0.011539469,0.215904,0.097776055
Cc1nnc(SCC2=C(C(=O)O)N3C(=O)[C@@H](NC(=O)Cn4cnnn4)[C@H]3SC2)s1,antibiotic,4.037104095796286,1.1407726169880064,1.8011897664997933,6.273018425092778,9.181125082455736e-05,5.333122690512002e-07,0.01580557258314366,0.31191006,0.005425857,0.95118713,0.020473588,0.335712,0.60122144,2.0541725,0.19276504,0.004947398,0.0077465414,0.0005012342,0.06774339,0.0077818483,0.008936646,0.00018123607,0.0017274842,0.0057408432,0.033667658,0.00787322,0.122137725,0.002777956,-6.2670846,0.12926763,0.015201457,0.6035453,6.269496e-05,0.0071271295,0.087710194,0.004276327,0.00077106303,0.0019552044,0.14785512,0.0018511027
COc1cnc(NS(=O)(=O)c2ccc(N)cc2)nc1,antibiotic,4.036619903220821,1.1404789309378678,1.8012811985826,6.271958607859041,9.191366777435275e-05,5.346153105803516e-07,0.015802245383812974,0.0053806175,0.035646364,0.9581984,0.0758553,0.19195487,0.05589072,1.5769925,0.008167929,0.0011506497,0.0009948586,0.0010836888,0.00226831,0.0010490359,0.0103242425,0.011100068,0.0024922732,0.0012468458,0.02558504,0.00024563857,0.3887766,0.0011872178,-5.1386685,0.99932206,0.4025442,0.9675741,0.010372868,0.0120513635,0.3417617,0.016948104,0.02627762,0.0021096792,0.18385,0.012950094
CO/N=C(\C(=O)N[C@@H]1C(=O)N2C(C(=O)[O-])=C(C[n+]3cccc4c3CCC4)CS[C@H]12)c1csc(N)n1,antibiotic,4.032263052068199,1.1418589668348254,1.7942194770719415,6.270306627064457,9.28403882423852e-05,5.36652766995186e-07,0.016061293669010608,0.2499597,0.13355863,0.6986778,0.13644242,0.19291225,0.29806635,2.3100371,0.08153447,0.014357907,0.008562114,0.004836198,0.07711703,0.019823413,0.049908154,0.0057874992,0.0074641155,0.022562854,0.093033046,0.0036585126,0.079872124,0.008952012,-5.9942694,0.10482261,0.0064007575,0.42573795,0.0008670913,0.020157937,0.023295395,0.019285906,0.0035898103,0.04782484,0.11492966,0.027145013
CC1(C)S[C@@H]2[C@H](NC(=O)[C@H](C(=O)O)c3ccsc3)C(=O)N2[C@H]1C(=O)O,antibiotic,4.027867880355044,1.1396387519422957,1.794175926548144,6.261559834161943,9.378472723581396e-05,5.475706551763998e-07,0.01606290435681315,0.07298763,0.004427232,0.74524695,0.07754028,0.1653386,0.301724,1.8915966,0.043575283,0.004424637,0.0013314757,0.00018472383,0.019624049,0.004389561,0.030977776,0.001062946,0.00069794926,0.009649166,0.06714592,0.002180682,0.08148356,0.0015373778,-6.118007,0.04018172,0.0013722932,0.557411,0.00014667923,0.0116601605,0.03485896,0.009729268,0.0004224481,0.0013353212,0.04434643,0.00018122287
CCOc1ccc2ccccc2c1C(=O)N[C@@H]1C(=O)N2[C@@H]1SC(C)(C)[C@@H]2C(=O)O,antibiotic,4.022005010998946,1.1440648814542833,1.7796378433485507,6.2643721786493405,9.505938254023976e-05,5.440362286501323e-07,0.01660971408347669,0.10655892,0.068584695,0.94297266,0.13075726,0.24155554,0.25661004,2.0448203,0.10930766,0.02778762,0.007964001,0.01807475,0.07455609,0.013060567,0.06950758,0.02618377,0.018133417,0.022919478,0.10494711,0.04724057,0.117286645,0.0659555,-5.4070034,0.64243835,0.05828631,0.8472103,0.008342253,0.05603543,0.21539514,0.08831517,0.01088396,0.007322313,0.19569965,0.015320765
Nc1nc(/C(=C/CC(=O)O)C(=O)N[C@@H]2C(=O)N3C(C(=O)O)=CCS[C@H]23)cs1,antibiotic,4.014159096537075,1.1417693762952408,1.7762911189984028,6.252027074075746,9.67923208788255e-05,5.597227070905938e-07,0.016738204940456598,0.2055283,0.0067492635,0.80061424,0.14792612,0.18641123,0.4138775,2.3522232,0.07483306,0.009132884,0.0044733025,0.0007402796,0.037044626,0.0051632635,0.03526882,0.0045566466,0.00089049834,0.011844149,0.05790775,0.0015251271,0.08597796,0.0014291601,-6.36336,0.028424691,0.001302497,0.3710999,0.00028105787,0.007111666,0.025433883,0.009460505,0.0005303557,0.0030845883,0.049781196,0.0005498566
Cc1cc(O)c(C(=O)N[C@@H](C(=O)N[C@@H]2C(=O)N3C(C(=O)O)=C(CSc4nnnn4C)CS[C@H]23)c2ccc(O)cc2)cn1,antibiotic,4.002229429730672,1.1405127641312292,1.766824412033463,6.237634447427881,9.948797019817753e-05,5.785828448862845e-07,0.01710706824724262,0.24201843,0.023880001,0.9587015,0.04992173,0.105349265,0.3498664,2.0846038,0.07305658,0.010724068,0.00392593,0.0043446254,0.064014,0.006036108,0.029249828,0.0013283878,0.004876244,0.012175151,0.06981174,0.0046857344,0.027079102,0.0052994885,-6.8688917,0.1770146,0.0059363153,0.5851495,0.00010625341,0.011192851,0.045045782,0.011917166,0.0006299694,0.004389168,0.12354573,0.011625793
O=C(NC1CCNCC1)[C@@H]1CC[C@@H]2CN1C(=O)N2OS(=O)(=O)O,antibiotic,4.000767981273307,1.140474669994776,1.7654376280835455,6.236098334463068,9.982332203643053e-05,5.806329337134199e-07,0.01716178164173365,0.7546321,0.012151385,0.15322472,0.05945403,0.23087728,0.78308713,2.1392057,0.07812056,0.006876029,0.006832185,0.00023832789,0.04041441,0.021556947,0.030564552,0.00024487588,0.0009038737,0.021342939,0.20053251,0.0010563491,0.4782137,0.00049296225,-6.254166,0.08311717,0.014670683,0.37846732,4.4911085e-05,0.005764941,0.015534689,0.0006692055,0.004891304,0.017071493,0.086783394,0.00016760477
CCN[C@@H]1C[C@H](N)[C@@H](O[C@H]2OC(CN)=CC[C@H]2N)[C@H](O)[C@H]1O[C@H]1OC[C@](C)(O)[C@H](NC)[C@H]1O,antibiotic,4.00033604997855,1.1413632785747492,1.7632640239720416,6.2374080759850585,9.992265156222733e-05,5.78884503736113e-07,0.01724789008996825,0.6325331,0.2210066,0.0051775584,0.014254202,0.0010729746,0.5965539,2.1961837,0.009938399,0.0029112329,6.768253e-05,0.0009908514,0.00427092,0.011651122,0.16912092,0.0020656176,0.0023595258,0.017598346,0.1955559,5.3195354e-06,0.030956808,0.00037610513,-7.0780997,0.012785165,0.008064693,0.13854714,1.4160037e-05,0.0037297853,4.11146e-05,0.00017639765,0.052059256,0.01087853,0.017321588,0.0012352508
CO/N=C(\C(=O)N[C@@H]1C(=O)N2C(C(=O)O)=C(CSc3nnnn3C)CS[C@H]12)c1csc(N)n1,antibiotic,3.995703297801356,1.142044359221849,1.7572963537265318,6.23411024187618,0.00010099426251239529,5.832970206052505e-07,0.01748653036121954,0.45882693,0.017056651,0.9817065,0.032394085,0.17633736,0.4959972,2.2231631,0.17762783,0.015530054,0.0095916875,0.0070382864,0.11133812,0.0072733155,0.014217275,0.0029550218,0.005154523,0.008589652,0.047005273,0.006273395,0.09855136,0.009072561,-6.2098837,0.45889115,0.031047393,0.67865646,0.0003595369,0.008659107,0.08080248,0.01075729,0.0018998617,0.0018519002,0.21185386,0.011111384
CCC[C@@H]1C[C@@H](C(=O)N[C@@H]([C@H]2O[C@H](SC)[C@H](O)[C@@H](O)[C@H]2O)[C@H](C)Cl)N(C)C1,antibiotic,3.9883223577431153,1.1417839766441449,1.7504257635205915,6.226218951965639,0.000102725352984317,5.939926184498464e-07,0.017765369161138023,0.4679397,0.27731624,0.115411304,0.06617602,0.020942643,0.5040673,2.887617,0.045562547,0.0072241155,0.0022552875,0.011297956,0.018303705,0.019575413,0.050276972,0.0055478406,0.0071028722,0.017293686,0.10382424,0.0019327078,0.33567742,0.03827884,-5.4366903,0.83229434,0.33203405,0.76362,0.0011200808,0.016849672,0.012278449,0.0031075864,0.11153282,0.020800475,0.29023013,0.021898087
Cc1onc(-c2c(Cl)cccc2Cl)c1C(=O)N[C@@H]1C(=O)N2[C@@H]1SC(C)(C)[C@@H]2C(=O)O,antibiotic,3.9804255822470633,1.140805030440695,1.7444477225833013,6.216403441910826,0.00010461029281994866,6.075703309140378e-07,0.018011599327788286,0.052746855,0.05278169,0.9716123,0.062371157,0.23680118,0.21954124,2.4718997,0.14393261,0.018605327,0.007746031,0.022335952,0.09722135,0.0109058805,0.06199974,0.013147098,0.0216886,0.014398907,0.061952896,0.05587414,0.071949005,0.08675313,-5.2197104,0.6248401,0.069558606,0.8472597,0.0037396844,0.047363885,0.21152341,0.10535245,0.0068278783,0.005586163,0.222363,0.035387598
CC1(C)S[C@@H]2[C@H](NC(=O)[C@H](NC(=O)N3CCNC3=O)c3ccccc3)C(=O)N2[C@H]1C(=O)O,antibiotic,3.971637830762311,1.1400604510707644,1.7371193466636128,6.206156314861008,0.00010674859538964893,6.220763420090172e-07,0.018318109608318478,0.07621475,0.0045122514,0.86168754,0.040931664,0.115730464,0.2851529,1.8980129,0.032718927,0.0027023253,0.00077683537,0.00014481416,0.018908165,0.004429073,0.043343645,0.0003963091,0.0005853954,0.00401296,0.07198053,0.0016102113,0.063332915,0.004343561,-6.152546,0.12923266,0.0029695642,0.72324556,3.0355335e-05,0.0030461554,0.04533305,0.0024760156,0.0005359175,0.00037609585,0.052794464,0.00042674813
Cc1onc(-c2c(F)cccc2Cl)c1C(=O)N[C@@H]1C(=O)N2[C@@H]1SC(C)(C)[C@@H]2C(=O)O,antibiotic,3.9660900147666505,1.1427186614025748,1.7263614384176038,6.205818591115698,0.00010812098293223253,6.225602801407646e-07,0.01877753419731322,0.060417075,0.041180752,0.9660646,0.0643054,0.20183595,0.21973296,2.438059,0.11308645,0.015245706,0.0059667206,0.012700103,0.07796778,0.010865166,0.064197734,0.009668415,0.014476803,0.012068911,0.06274943,0.03785594,0.08253697,0.06391524,-5.2069116,0.62913704,0.05726441,0.85307825,0.002010794,0.032339606,0.18998602,0.065613404,0.00615934,0.0033397719,0.19508348,0.017836902
CN(C)[C@@H]1C(O)=C(C(=O)NCNCCCC[C@H](N)C(=O)O)C(=O)[C@@]2(O)C(O)=C3C(=O)c4c(O)cccc4[C@@](C)(O)[C@H]3C[C@@H]12,antibiotic,3.951145019520261,1.1403954078122145,1.7159700202083203,6.186320018832202,0.00011190641434122445,6.511484051266016e-07,0.019232244864786176,0.46453348,0.08107506,0.35689086,0.21269372,0.029940417,0.26103285,2.439899,0.008408607,0.007108976,0.00015474015,0.0005585223,0.021380158,0.0064940504,0.07829455,0.010598287,0.0007793721,0.014198271,0.11270966,0.00023016217,0.07951881,0.0013963111,-7.092412,0.05505978,0.0021232213,0.43783683,0.0018867517,0.008632638,0.001803055,0.0033238418,0.0036798846,0.010294019,0.052188247,0.005132761
CCO/N=C(\C(=O)N[C@@H]1C(=O)N2C(C(=O)[O-])=C(Sc3nc(-c4cc[n+](C)cc4)cs3)CS[C@H]12)c1nsc(NP(=O)(O)O)n1,antibiotic,3.945931277688974,1.141774066925257,1.7080541065154704,6.183808448862477,0.00011325795672796031,6.549249734117769e-07,0.01958600646325862,0.33063483,0.10260975,0.9390873,0.13148355,0.5635023,0.53873026,2.416469,0.562924,0.084697366,0.06348669,0.08881484,0.2896758,0.009085876,0.02647813,0.033787012,0.03654031,0.08688684,0.057599,0.03732028,0.020074056,0.0048745074,-7.360386,0.0060261926,0.002706936,0.12417302,0.024654415,0.263717,0.01632669,0.43808502,0.00028149862,0.18019044,0.11863847,0.10450015
CC1(C)S[C@@H]2[C@H](NC(=O)[C@H](N)c3ccc(O)cc3)C(=O)N2[C@H]1C(=O)O,antibiotic,3.942456023911979,1.1423911942006941,1.7033692832786187,6.181542764545339,0.00011416789036702072,6.583505996233187e-07,0.019798428372836234,0.1268594,0.03136915,0.56369746,0.20835023,0.07457913,0.1982638,1.9334838,0.02985245,0.009573509,0.0029802676,0.0013272638,0.026553268,0.013187086,0.09961438,0.0060717436,0.0041626096,0.030463677,0.1410272,0.0028651156,0.060295247,0.0041383267,-6.4472237,0.12069924,0.0031717524,0.52665675,0.000395635,0.011154361,0.030099045,0.011191009,0.0031529372,0.0066789584,0.0818664,0.0026980198
CC1=C(C(=O)O)N2C(=O)[C@@H](NC(=O)[C@H](N)C3=CCC=CC3)[C@H]2SC1,antibiotic,3.94073579091714,1.1420780561623967,1.7022628008388425,6.179208780995437,0.00011462100421850456,6.618982288926871e-07,0.019848934525837032,0.26298717,0.059391458,0.5767106,0.1721543,0.15749618,0.40287822,2.276573,0.09039599,0.022268709,0.017492458,0.004411274,0.06953569,0.034845553,0.07437588,0.007926816,0.008786747,0.03517819,0.12771776,0.016667917,0.18362081,0.014560856,-5.9355,0.38820475,0.032993387,0.6387334,0.0020869628,0.02314289,0.092750646,0.017460745,0.015816912,0.014699313,0.19554803,0.01297186
CC[C@H]1OC(=O)[C@H](C)C(=O)[C@H](C)[C@@H](O[C@@H]2O[C@H](C)C[C@H](N(C)C)[C@H]2O)[C@](C)(OC)C[C@@H](C)C(=O)[C@H](C)[C@H]2N(CCCCn3cnc(-c4cccnc4)c3)C(=O)O[C@]12C,antibiotic,3.938930340792684,1.1425926354882665,1.6994487752356817,6.178411906349686,0.00011509849878181201,6.631138421141994e-07,0.019977963933899185,0.22012512,0.96244603,0.9238285,0.54546225,0.0137109775,0.021957597,3.0224156,0.44783488,0.013979283,0.011416902,0.08385028,0.07709007,0.004707623,0.025799539,0.016446892,0.091402546,0.0050718086,0.0093898075,0.005343678,0.080336615,0.95814323,-5.8421545,0.9881153,0.71359444,0.88831675,8.83917e-06,0.04300101,0.051162235,0.20004527,0.05225156,0.009628262,0.8994196,0.98701304
CO[C@@H]1[C@@H](O[C@@H]2O[C@H](C)[C@@H](O[C@H]3C[C@@](C)(O)[C@@H](O)[C@H](C)O3)[C@H](N(C)C)[C@H]2O)[C@@H](CC=O)C[C@@H](C)[C@@H](O[C@H]2CC[C@H](N(C)C)[C@@H](C)O2)/C=C/C=C/C[C@@H](C)OC(=O)C[C@H]1O,antibiotic,3.9319559878281902,1.143286687129678,1.691114081054021,6.172797894602359,0.0001169617916164685,6.71741385045812e-07,0.020365070550478637,0.56370443,0.49017495,0.12500544,0.07112349,0.0009489384,0.2762473,2.0976682,0.061366223,0.0033942498,0.00040123062,0.02023809,0.02657867,0.0043704803,0.034394275,0.00011526061,0.008880795,0.013942687,0.08024992,0.0004554619,0.0145395575,0.11207928,-6.008583,0.51710683,0.11187589,0.61578274,2.9005503e-07,0.0033708767,0.00028016983,0.00030536333,0.016888289,0.0013946099,0.28279912,0.031332225
COc1cccc(OC)c1C(=O)N[C@@H]1C(=O)N2[C@@H]1SC(C)(C)[C@@H]2C(=O)O,antibiotic,3.928789836198999,1.1462542188577092,1.6821315672378891,6.175448105160109,0.00011781759785523538,6.676546757805972e-07,0.02079066749311508,0.052351713,0.028073054,0.90506494,0.093734816,0.116360046,0.1845978,1.822382,0.051122166,0.007854683,0.0029007425,0.00352662,0.03834689,0.008288522,0.060750853,0.0070337593,0.0052632648,0.009197427,0.06732707,0.010548493,0.11218111,0.022888403,-5.4845405,0.69620097,0.04287139,0.8746821,0.0011199985,0.014960745,0.1527519,0.020781497,0.00725234,0.0016758482,0.16177677,0.0056969756
CC1(C)S[C@@H]2[C@H](NC(=O)C(C(=O)O)c3ccccc3)C(=O)N2[C@H]1C(=O)O,antibiotic,3.9250936605950058,1.1409149659780295,1.688900327278068,6.1612869939119435,0.00011882459409125063,6.897838247962439e-07,0.020469143597446903,0.038190253,0.0056305556,0.73149973,0.08488692,0.18660259,0.2589941,1.9019533,0.030231362,0.0039957557,0.001011035,0.00020444591,0.010384227,0.0033722948,0.033312075,0.0009302447,0.00072207965,0.009930034,0.07384131,0.0030245068,0.09104141,0.0017555181,-6.088744,0.076436,0.0018385754,0.6426702,0.00017679013,0.013100147,0.054790627,0.009855899,0.00055857544,0.0015538454,0.044692706,0.00022979655
C1N2CN3CN1CN(C2)C3,antibiotic,3.9215780010480383,1.139223487662348,1.6886999652298362,6.15445603686624,0.00011979039554656622,7.007191122697177e-07,0.020478589229173692,0.93229693,0.058431923,0.013486932,0.010997379,0.32356846,0.97309387,2.2989838,0.089365266,0.0076843635,0.0028822792,0.0002134395,0.038452968,0.05531439,0.0210547,0.0012770463,0.00028953754,0.0065967673,0.09281603,0.000104444814,0.6623725,2.453171e-05,-5.110112,0.3111719,0.2401969,0.48245788,0.004076973,0.011913786,0.00058179285,0.00032717892,0.032826513,0.00084980717,0.05577751,1.9618607e-05
CC1(C)S[C@@H]2[C@H](NC(=O)Cc3ccccc3)C(=O)N2[C@H]1C(=O)O.CCN(CC)CCOC(=O)c1ccc(N)cc1,antibiotic,3.917146251863195,1.1397087582679017,1.6833170856581074,6.150975418068283,0.00012101905243555388,7.063575343732384e-07,0.02073399141327853,0.19487335,0.35976106,0.6441233,0.527066,0.17004542,0.25133356,2.178369,0.050590955,0.012895875,0.0031103038,0.0043609315,0.038748283,0.014782704,0.09146766,0.010076528,0.008578412,0.029566336,0.14487112,0.009528168,0.13646594,0.06980483,-6.1975775,0.4605762,0.031226808,0.7428244,0.006269225,0.042743504,0.07042075,0.060926102,0.023153212,0.117731534,0.2578745,0.08215697
CCC[C@@H]1C[C@@H](C(=O)N[C@@H]([C@H]2O[C@H](SC)[C@H](O)[C@@H](O)[C@H]2O)[C@@H](C)O)N(C)C1,antibiotic,3.9115268699419365,1.1428094706391922,1.6716203074891198,6.151433432394754,0.00012259510503381498,7.056129904106583e-07,0.021300004368549237,0.24200562,0.1758095,0.05040283,0.034108646,0.010334787,0.4679618,2.6899128,0.021075616,0.0035229113,0.00069934345,0.003819901,0.0059539424,0.010415332,0.058493596,0.0032174983,0.0027360201,0.011981054,0.10302967,0.00041972543,0.21365806,0.01371724,-5.6382594,0.5447172,0.1601518,0.6612569,0.0006208209,0.009572727,0.004379185,0.0013503747,0.09487279,0.015624352,0.13751319,0.0058315275
CN[C@@H]1[C@H](O)[C@H](NC)[C@H]2O[C@@]3(O)C(=O)C[C@@H](C)O[C@H]3O[C@@H]2[C@H]1O,antibiotic,3.9061268370472577,1.1407677500419944,1.6702220469649487,6.142031627129567,0.00012412897321422082,7.210549670506663e-07,0.021368692672959645,0.73416156,0.085061386,0.06647615,0.027836666,0.0120823905,0.5503828,1.7428204,0.029411012,0.012247829,0.00057911,0.0026830826,0.020063166,0.017795116,0.073849835,0.0024530136,0.0040781065,0.023669908,0.18849924,0.00021761796,0.2190466,0.0005695403,-6.1093435,0.078519486,0.02494435,0.3157208,0.00015333305,0.020177644,0.000516479,0.0010711186,0.014472248,0.0074527427,0.051104404,0.0003560634
CC1=C(C(=O)O)N2C(=O)[C@@H](NC(=O)[C@H](N)c3ccc(O)cc3)[C@H]2SC1,antibiotic,3.881313138314629,1.1403716514283257,1.6461847015151108,6.116441575114147,0.00013142768605658157,7.648185712385455e-07,0.022584750569295316,0.18388738,0.04409627,0.6151028,0.21752384,0.12414517,0.26048633,2.1032505,0.045709513,0.014155341,0.0065112994,0.0028048963,0.037655152,0.016129384,0.0894755,0.014005922,0.0073067085,0.03693158,0.13624275,0.0047814525,0.08000745,0.0055088806,-6.3959045,0.16449158,0.0058202585,0.51435,0.0020659212,0.017022392,0.047879726,0.021170327,0.0056661675,0.013150695,0.09859957,0.0072732368
CO[C@@]1(NC(=O)C2SC(=C(C(N)=O)C(=O)O)S2)C(=O)N2C(C(=O)O)=C(CSc3nnnn3C)CS[C@@H]21,antibiotic,3.8634353950093683,1.1423933870082725,1.6243443564731543,6.102526433545583,0.00013695080991936115,7.897207811963111e-07,0.02374956412968783,0.36630493,0.004957405,0.94027853,0.0059334426,0.24300817,0.7770497,2.1567543,0.4117468,0.020719618,0.020906333,0.004428453,0.11481959,0.009311235,0.0051603243,0.00013818344,0.0036870309,0.017563928,0.03178798,0.04299207,0.049288284,0.0023734923,-6.7380204,0.07737617,0.03325442,0.4031284,0.00048637512,0.08642473,0.049052157,0.054700155,0.0003280811,0.0069080023,0.18683612,0.007320395
Nc1ccc(S(=O)(=O)Nc2ncccn2)cc1,antibiotic,3.861822006186232,1.13960851162573,1.6281893233998015,6.095454688972662,0.00013746052359026617,8.026853026652627e-07,0.023540228633773717,0.0041136853,0.023714114,0.8792505,0.07816364,0.23876174,0.09194284,1.7537721,0.00897353,0.00066176977,0.0016571565,0.0012372839,0.0023857323,0.0016399787,0.009916158,0.0050099464,0.0024014818,0.0019994471,0.035557695,0.00032119188,0.41620255,0.00089254463,-5.2193975,0.9985207,0.26025862,0.9442326,0.0034274894,0.009753595,0.2870268,0.0093206065,0.019665798,0.004643938,0.11116246,0.0032597885
CC1(C)S[C@@H]2[C@H](NC(=O)[C@H](NC(=O)N3CCN(S(C)(=O)=O)C3=O)c3ccccc3)C(=O)N2[C@H]1C(=O)O,antibiotic,3.85784704559359,1.142009700485518,1.6195080326419746,6.0961860585452055,0.00013872443171661375,8.013346855324724e-07,0.024015518487521613,0.05715523,0.0049888073,0.9397913,0.024047201,0.26241907,0.34902057,1.9498914,0.077103294,0.0022884407,0.0010474082,0.00026665954,0.024365045,0.0036942505,0.035207458,0.00028329197,0.0012648066,0.004529802,0.081081636,0.0023830333,0.06072269,0.012817198,-6.133558,0.087625794,0.003230688,0.67474824,8.185953e-05,0.012524265,0.0724753,0.012174839,0.0003826465,0.0013103461,0.06099572,0.0014377022
C[C@]1(Cn2ccnn2)[C@H](C(=O)O)N2C(=O)C[C@H]2S1(=O)=O,antibiotic,3.8450375608478904,1.1401138108936202,1.6104144914963947,6.0796606301993865,0.0001428770383034024,8.324139884888602e-07,0.024523672543526803,0.35145175,0.005155147,0.8205307,0.06636906,0.19225545,0.44885832,2.0176792,0.07871828,0.00463196,0.0075392113,0.00026074445,0.047256213,0.012331841,0.022133524,0.00036177257,0.0015505768,0.0063765147,0.06342706,0.002356985,0.22585006,0.003095386,-5.7600555,0.31636477,0.010185118,0.61697626,2.4258825e-05,0.0020854278,0.07670487,0.0011665856,0.0023717247,0.0014425103,0.10442965,0.00053124677
CN(C)CCn1nnnc1SCC1=C(C(=O)O)N2C(=O)[C@@H](NC(=O)Cc3csc(N)n3)[C@H]2SC1,antibiotic,3.842595777944741,1.141929743863312,1.6044134799726493,6.080778075916832,0.0001436826145275068,8.302749288616721e-07,0.024864888725189507,0.6643504,0.045474682,0.7967517,0.10967684,0.17215703,0.5510752,2.3221474,0.08115398,0.0057004406,0.0047065215,0.0005732757,0.06717713,0.013974426,0.016537432,0.0007477723,0.0012562053,0.011070031,0.04840661,0.001809819,0.10050454,0.0032973369,-6.6127114,0.2797884,0.011951257,0.6634633,2.633059e-05,0.004450419,0.030447196,0.0024204948,0.0030370094,0.0034708742,0.22549243,0.014635472
CNC(C)[C@@H]1CC[C@@H](N)[C@@H](O[C@H]2[C@H](O)[C@@H](O[C@H]3OC[C@](C)(O)[C@H](NC)[C@H]3O)[C@H](N)C[C@@H]2N)O1.CN[C@@H]1[C@@H](O)[C@@H](O[C@@H]2[C@@H](O)[C@H](O[C@H]3O[C@H](C(C)N)CC[C@H]3N)[C@@H](N)C[C@H]2N)OC[C@]1(C)O.CN[C@@H]1[C@@H](O)[C@@H](O[C@@H]2[C@@H](O)[C@H](O[C@H]3O[C@H](CN)CC[C@H]3N)[C@@H](N)C[C@H]2N)OC[C@]1(C)O,antibiotic,3.830177552803187,1.1420784909564001,1.591703710528643,6.068651395077731,0.0001478503807232228,8.53785165984863e-07,0.025603320309256213,0.49835047,0.21841851,1.0047042e-05,0.0021753,5.2144045e-09,0.39515042,1.0636065,0.00016863321,0.00017688343,1.451437e-08,4.3038876e-06,0.00037421755,0.0021357145,0.57421625,2.0027728e-07,5.6585668e-05,0.013398808,0.4771948,6.2155927e-12,4.5114484e-06,1.6118169e-07,-12.721254,6.038137e-10,2.5445695e-08,5.5399927e-05,1.8194682e-13,0.00047612702,1.0280645e-12,5.9941993e-07,3.7733585e-05,9.149503e-06,6.4315056e-05,1.5049947e-05
CC1(C)S[C@@H]2[C@H](N3C(=O)[C@@H](c4ccccc4)NC3(C)C)C(=O)N2[C@H]1C(=O)O,antibiotic,3.827695065510577,1.1407187272104204,1.5918863601781528,6.063503770843001,0.0001486979339953843,8.639651591128712e-07,0.02559255467801452,0.095696725,0.022293748,0.79464924,0.08358894,0.12203626,0.23290077,1.8824403,0.02733903,0.0030854542,0.0010062044,0.0005970836,0.0142886415,0.00562509,0.047171246,0.0021538998,0.001518632,0.0062333783,0.073471464,0.003585503,0.09477799,0.009538187,-5.8061304,0.50904065,0.016463477,0.8593806,0.0003421767,0.010828306,0.07327955,0.011242118,0.0046949787,0.0015495676,0.11719079,0.0027438193
CN[C@@H]1[C@@H](O)[C@@H](O[C@@H]2[C@@H](O)[C@H](O[C@H]3OC(CNCCO)=CC[C@H]3N)[C@@H](N)C[C@H]2NC(=O)[C@@H](O)CCN)OC[C@]1(C)O,antibiotic,3.827257935877525,1.1418505020615632,1.589230951836861,6.06528491991819,0.00014884767800391806,8.604290804520659e-07,0.025749514690411878,0.5387602,0.071407914,0.0023856966,0.0070973276,0.00051539217,0.4961566,2.0784461,0.0041308007,0.0012014686,2.1410886e-05,6.792954e-05,0.001987631,0.008628676,0.19890131,0.00023617661,0.00040629282,0.013855429,0.21800797,1.3319204e-06,0.007883595,4.746964e-05,-7.7370834,0.0007038989,0.0005434204,0.052922893,4.470618e-07,0.0010402941,7.5698126e-06,4.4253055e-05,0.008793115,0.0010674351,0.0054020463,0.00024589428
Cc1nnc(NS(=O)(=O)c2ccc(N)cc2)s1,antibiotic,3.8154257889544296,1.1394221624982634,1.5821583504578332,6.048693227451026,0.00015295870957211883,8.939367107505433e-07,0.02617228552379772,0.0229479,0.01871355,0.93409777,0.02913838,0.2608662,0.19809197,1.9465039,0.020021062,0.0010328684,0.0024763194,0.0022755603,0.0056022108,0.0056564105,0.020007614,0.003901501,0.003241598,0.002425466,0.042972874,0.0011170089,0.47793418,0.004525904,-5.4676676,0.9964019,0.3640388,0.9320542,0.0035238091,0.0155592915,0.3681847,0.015786663,0.025014991,0.0019684876,0.17957589,0.0062111537
Cc1onc(-c2ccccc2)c1C(=O)N[C@@H]1C(=O)N2[C@@H]1SC(C)(C)[C@@H]2C(=O)O,antibiotic,3.792000348015775,1.139587949485756,1.5584079670236934,6.025592729007856,0.00016143572631834794,9.427732923793996e-07,0.02764343659561864,0.067745455,0.029797366,0.9611031,0.08478162,0.21640296,0.23025167,2.1638207,0.07367201,0.012935229,0.0038684742,0.0057757036,0.044167135,0.00842783,0.06104193,0.009953855,0.0069808834,0.010426045,0.076608084,0.021714581,0.10892836,0.035000864,-5.462613,0.6209766,0.033607695,0.85829866,0.0016862958,0.021828301,0.19788583,0.039694138,0.005180473,0.0021352312,0.13629495,0.004893799
Cc1oc(=O)oc1COC(=O)N1CC[C@@H](N2CC/C(=C\C3=C(C(=O)O)N4C(=O)[C@@H](NC(=O)/C(=N\O)c5nsc(N)n5)[C@H]4SC3)C2=O)C1,antibiotic,3.76527139280258,1.141321711632614,1.5282808380026567,6.002261947602504,0.00017168351929370147,9.948052129867314e-07,0.02962914790984702,0.25376728,0.03648911,0.9815488,0.047213692,0.21317533,0.40557665,3.1421618,0.36064997,0.029863328,0.00975832,0.012657469,0.17541052,0.011617141,0.052447338,0.0017296004,0.012050626,0.018818056,0.06527563,0.015645396,0.030415025,0.06566836,-6.347661,0.10840766,0.0057042493,0.44775692,0.00056835276,0.06514488,0.043701265,0.126532,0.0005253794,0.022523269,0.18715537,0.08503272
Cn1nnnc1SCC1=C(C(=O)O)N2C(=O)[C@@H](NC(=O)[C@H](O)c3ccccc3)[C@H]2SC1,antibiotic,3.763490369555797,1.1426934189792606,1.5238112683564462,6.003169470755148,0.00017238903177282843,9.927285894499586e-07,0.029935652696412296,0.27687743,0.015224351,0.90610504,0.05145874,0.24281283,0.5002944,2.2425165,0.07733711,0.00904174,0.0048322235,0.0013176814,0.042408917,0.0115574505,0.023891827,0.0010395698,0.0030013116,0.01018483,0.071126595,0.009805445,0.1068081,0.0054744342,-6.3472533,0.20116511,0.01413428,0.68734026,0.00038888108,0.013343978,0.086953685,0.008620414,0.0018276522,0.003909132,0.12296069,0.0022647749
Nc1ccc(S(=O)(=O)Nc2nccs2)cc1,antibiotic,3.7559574791632295,1.1396611326258368,1.5222216592165894,5.98969329910987,0.00017540522289084663,1.0240159020347639e-06,0.03004542425195957,0.017567687,0.05598749,0.8934927,0.04877775,0.23034783,0.21314228,1.9104372,0.04617838,0.003528222,0.0123734195,0.01878713,0.010737257,0.0045199255,0.015675442,0.046884708,0.020232704,0.0080434345,0.07141958,0.0019913898,0.45174247,0.0103275385,-5.120386,0.99930465,0.47939405,0.88385403,0.07549398,0.18134752,0.2861098,0.1440431,0.03199749,0.017191079,0.20589721,0.073832795
Nc1ccc(S(=O)(=O)Nc2ccnn2-c2ccccc2)cc1,antibiotic,3.7307969749934555,1.139616106247981,1.497149406747413,5.964444543239498,0.0001858673148924544,1.085314128789459e-06,0.031831022769291284,0.017866481,0.2626448,0.9420433,0.070506595,0.19917919,0.14628065,1.8569428,0.0902458,0.008782367,0.010537038,0.12251685,0.014743345,0.0037425675,0.021122823,0.11076228,0.05166431,0.016142963,0.116724685,0.007243869,0.5381416,0.14865918,-5.2239685,0.99985236,0.68601805,0.92140883,0.18678392,0.49536818,0.46002722,0.5412342,0.06096985,0.052706026,0.36474898,0.3462269
Cc1cc(NS(=O)(=O)c2ccc(N)cc2)no1,antibiotic,3.729926228492956,1.1407930431564144,1.493971863906384,5.965880593079528,0.0001862403467281391,1.0817313265967748e-06,0.03206477051796319,0.024700725,0.054920346,0.91379136,0.052382253,0.21876952,0.18581174,1.8686638,0.025884336,0.0030463557,0.0036654505,0.009518182,0.0062038987,0.0035179728,0.018768895,0.03076368,0.0077485666,0.0040084845,0.055386495,0.0014577506,0.61590636,0.008440991,-5.1382,0.9997215,0.68581796,0.94933623,0.061932284,0.0705711,0.38326326,0.061299585,0.062725745,0.0076385895,0.27728128,0.030950736
Cc1onc(-c2ccccc2Cl)c1C(=O)N[C@@H]1C(=O)N2[C@@H]1SC(C)(C)[C@@H]2C(=O)O,antibiotic,3.724314636021119,1.1414709643416918,1.4870315459114032,5.961597726130835,0.00018866240396269072,1.0924517730459509e-06,0.0325813034013762,0.065566726,0.043909483,0.96458405,0.07992369,0.23203912,0.22592635,2.3086107,0.10442956,0.016703317,0.0057753464,0.011994961,0.06714629,0.010248738,0.0616364,0.0124673415,0.01261839,0.013165755,0.07084253,0.038096435,0.09386046,0.059090488,-5.3397465,0.63711095,0.052610744,0.85714626,0.0026928224,0.035708252,0.21153621,0.06889875,0.006710928,0.003644216,0.18327543,0.013614598
CO/N=C(\C(=O)N[C@@H]1C(=O)N2C(C(=O)O)=C(/C=C\c3scnc3C)CS[C@H]12)c1csc(N)n1,antibiotic,3.7175461918174753,1.140966133393827,1.4812525703655743,5.953839813269376,0.00019162572376450667,1.1121418580220874e-06,0.03301774656119613,0.22646351,0.084495105,0.97496766,0.14262581,0.18694532,0.30880874,2.5316541,0.26362237,0.05560243,0.02518399,0.042708077,0.20443046,0.014283279,0.053890508,0.059157062,0.02455543,0.02229404,0.0668296,0.018921327,0.07436723,0.043148268,-5.812392,0.5098291,0.04194957,0.60811424,0.0040662205,0.031611778,0.11367593,0.097649544,0.0058092307,0.013056507,0.2202349,0.09585379
CC[C@H]1OC(=O)[C@H](C)[C@@H](O[C@H]2C[C@@](C)(OC)[C@@H](O)[C@H](C)O2)[C@H](C)[C@@H](O[C@@H]2O[C@H](C)C[C@H](N(C)C)[C@H]2O)[C@](C)(O)C[C@@H](C)C(=NOCOCCOC)[C@H](C)[C@@H](O)[C@]1(C)O,antibiotic,3.7114709548770612,1.1469566978202042,1.463435827149461,5.959506082604662,0.0001943251649951495,1.0977259157299205e-06,0.034400453892247274,0.36989316,0.38813233,0.28699574,0.046421804,0.00031946335,0.100026116,2.4366596,0.047407024,0.00080260634,0.00038483326,0.014357361,0.026105996,0.004180887,0.026515197,1.5643014e-05,0.0045935363,0.0039918083,0.020411547,0.00088652736,0.00981308,0.18483548,-5.73936,0.8151482,0.21039334,0.8557932,9.70431e-09,0.00053819595,0.0004335926,0.00010890783,0.010630765,7.09604e-05,0.5593662,0.03123883
C[C@@H]1O[C@@H]1P(=O)(O)O,antibiotic,3.6991096077767076,1.1405785344325086,1.463575680288991,5.934643535264424,0.00019993572057153396,1.1624023110359844e-06,0.03438937791239562,0.11530842,0.025879184,0.1351514,0.10571339,0.2533326,0.42399687,1.8133821,0.10512686,0.0042961272,0.009859016,0.003613475,0.014187401,0.012001498,0.02154661,0.0069966028,0.003262847,0.023547698,0.078047276,0.004801239,0.6717319,0.0037922035,-5.6491785,0.2760702,0.027675813,0.41712213,0.003424263,0.039373767,0.04668567,0.011608673,0.016642751,0.025644641,0.08249611,0.00069627806
Nc1ccc(S(=O)(=O)Nc2ccccn2)cc1,antibiotic,3.666537676432443,1.1394318897343416,1.4332511725531334,5.899824180311752,0.00021550746758497693,1.259435178077427e-06,0.03687642634834733,0.0095489705,0.058563728,0.8527373,0.06436058,0.22403327,0.1512788,1.9041798,0.016375076,0.0013948831,0.003220756,0.007214629,0.0031489562,0.0021754254,0.013525428,0.016512454,0.0061594723,0.004148102,0.060353346,0.00091339916,0.5598437,0.004981802,-5.0399055,0.9996816,0.52861345,0.9492275,0.032666646,0.06006672,0.3568544,0.041999232,0.046023153,0.014548248,0.18145534,0.015665404
CC1(C)[C@H](C(=O)O)N2C(=O)C[C@H]2S1(=O)=O,antibiotic,3.66487843332373,1.1405878414641832,1.4293262640539308,5.900430602593529,0.00021633239914781152,1.2576778069669576e-06,0.03721120517655572,0.2805875,0.0037067935,0.61969584,0.0653119,0.26635346,0.51000464,1.7532837,0.079641744,0.0053453175,0.006354739,0.00038677355,0.029092502,0.012258096,0.023684645,0.00076572347,0.001186506,0.008666672,0.08176459,0.003929967,0.39445382,0.002478809,-5.3720155,0.27994466,0.01383782,0.6271011,9.956826e-05,0.004933742,0.08270779,0.0018796145,0.00359831,0.0011372244,0.08112573,0.00013317892
CCOC(=O)OC(C)OC(=O)[C@@H]1N2C(=O)[C@@H](NC(=O)[C@H](N)c3ccccc3)[C@H]2SC1(C)C,antibiotic,3.620095981816715,1.141969391742466,1.3818359740014818,5.858355989631948,0.0002398302820410584,1.385619575838739e-06,0.041511079366121584,0.17720184,0.2467297,0.7390717,0.12441093,0.17247255,0.24979833,2.8224206,0.23749216,0.036155056,0.035568897,0.048138406,0.13010821,0.03922679,0.057378702,0.013936314,0.066170074,0.037892867,0.106580794,0.079107955,0.1683111,0.2690668,-5.2913857,0.91056013,0.26731482,0.68318766,0.005385728,0.15238032,0.17090027,0.15552005,0.03714011,0.033066504,0.48596016,0.461172
O=C(O)C(O)c1ccccc1,antibiotic,3.618634952025581,1.1400207294097402,1.3841943223824904,5.853075581668672,0.00024063846464504753,1.4025695896135323e-06,0.04128627277786737,0.012970014,0.013009173,0.38725156,0.0829619,0.31272388,0.28541213,1.746384,0.014538763,0.0009021416,0.0016204361,0.0011562395,0.0016602557,0.0016105848,0.0144046,0.004029301,0.0005033524,0.0047443165,0.046800558,0.0049146577,0.74233925,0.0020611768,-5.282001,0.9502452,0.13827465,0.88341236,0.006727255,0.011578637,0.23051664,0.0082872715,0.02686938,0.006790685,0.075724185,0.00010375453
CC1(C)S[C@@H]2[C@H](NC(=O)Cc3ccccc3)C(=O)N2[C@H]1C(=O)O,antibiotic,3.6100171645319534,1.140807030109352,1.3740353855176233,5.845998943546284,0.00024546119006439444,1.4256110615031979e-06,0.0422634177405291,0.06919096,0.016860422,0.7759265,0.08122563,0.18465284,0.2921924,2.0074525,0.040324807,0.005180909,0.0029519368,0.0011008899,0.017279575,0.0081376955,0.048888844,0.0020696907,0.0024082728,0.009686202,0.08718328,0.010747264,0.14765176,0.0110597,-5.6072783,0.5249537,0.022473076,0.82287276,0.00048365668,0.012205094,0.13260792,0.012019034,0.0049321377,0.0020680649,0.110813215,0.0018029988
CC(C)(C)C(=O)OCOC(=O)[C@@H]1N2C(=O)[C@@H](NC(=O)[C@H](N)c3ccccc3)[C@H]2SC1(C)C,antibiotic,3.582013322314269,1.1426995530894513,1.3423221982589446,5.821704446369593,0.000261810269469137,1.5076327175750815e-06,0.04546506347364975,0.38852987,0.33161348,0.7202656,0.16667007,0.12689401,0.27162978,2.591084,0.2358189,0.04132565,0.030144876,0.047700256,0.11959676,0.046462715,0.065715656,0.017288512,0.05964631,0.03687363,0.09495781,0.04079517,0.19562523,0.2888505,-5.2872124,0.9014524,0.44626322,0.75190985,0.0021028363,0.08210236,0.12899734,0.07307037,0.055989884,0.012495489,0.5951162,0.53659654
CC=CC1=C(C(=O)O)N2C(=O)[C@@H](NC(=O)[C@H](N)c3ccc(O)cc3)[C@H]2SC1,antibiotic,3.5371477445634216,1.1491014623705207,1.284908878317201,5.789386610809642,0.00029030348901603074,1.6241023291823549e-06,0.05189089026016546,0.24042916,0.07638865,0.6584387,0.18739708,0.13934715,0.32553536,2.1388848,0.083924636,0.036621287,0.015725505,0.009628574,0.07140725,0.026584398,0.092548266,0.018857742,0.0145349745,0.057223827,0.1424918,0.012109542,0.069141455,0.009403137,-6.375741,0.19838409,0.011294942,0.49979305,0.0058775777,0.031473953,0.05273673,0.039635666,0.0070406436,0.023850748,0.14806831,0.025526498
CO[C@H]1C[C@H](O[C@H]2[C@H](C)[C@@H](O[C@@H]3O[C@H](C)C[C@H](N(C)C)[C@H]3OC(C)=O)[C@@H](C)C[C@@]3(CO3)C(=O)[C@H](C)[C@@H](OC(C)=O)[C@@H](C)[C@@H](C)OC(=O)[C@@H]2C)O[C@@H](C)[C@@H]1OC(C)=O,antibiotic,3.5313940995872297,1.146552059133988,1.2841520636846133,5.778636135489846,0.00029417509367051116,1.6648068897080594e-06,0.05198139572285744,0.85668194,0.88029957,0.42715532,0.44682112,0.009486765,0.4079341,2.7257166,0.34494108,0.008129945,0.013102779,0.11870716,0.16515373,0.008990478,0.017051715,0.00023595733,0.04846253,0.021089878,0.05491527,0.0079451045,0.27264717,0.72872984,-4.965934,0.87617284,0.6569045,0.80403185,7.363316e-07,0.010328222,0.008774409,0.0012831517,0.051647197,0.031323876,0.8447072,0.35428268
CC(Oc1ccccc1)C(=O)N[C@@H]1C(=O)N2[C@@H]1SC(C)(C)[C@@H]2C(=O)O,antibiotic,3.3543437816176254,1.1439802776174337,1.1121424374874556,5.596545125747795,0.000442238164042242,2.5319485372861994e-06,0.07724272071701516,0.044256203,0.023241334,0.80923927,0.07329352,0.19446047,0.25985184,1.829497,0.05208718,0.0067816204,0.003889143,0.0021933792,0.021165807,0.0076368065,0.049486738,0.002909816,0.0040422226,0.012725276,0.09123166,0.018634398,0.14068054,0.015659224,-5.4971523,0.57996994,0.03466066,0.8239187,0.00065773487,0.021564916,0.1698511,0.018239418,0.005537564,0.0026583276,0.12928666,0.003156855
CC1(C)S[C@@H]2[C@H](NC(=O)COc3ccccc3)C(=O)N2[C@H]1C(=O)O,antibiotic,3.3104168922267534,1.1427388541461232,1.0706487381003518,5.550185046353155,0.0004893088916561437,2.8171823164457847e-06,0.084986757887869,0.054601066,0.020898921,0.8293274,0.08591198,0.21576181,0.2793647,1.9648192,0.04807069,0.0071392534,0.0030628312,0.0016058721,0.019030798,0.006990841,0.047808267,0.003286605,0.0028568953,0.01085757,0.0954528,0.015408237,0.1908072,0.013160899,-5.499892,0.5838609,0.03174823,0.8398771,0.0010019488,0.021126468,0.17317048,0.018160911,0.006308593,0.0031646504,0.117856815,0.0019109478
