jobName,jobDir,jobIndex,starterSmiles,targetSmiles,targetCanonical,generationRun,maxAtoms,targetInNetwork,numMolecules,seconds,status,searchDepth,maxNumRxns,minRxnAtomEconomy,targetUsedForPathwaySearch,runRanking,runVisualization,pathwaysTxtFound,numPathwayBlocksOriginal,numPathwayBlocksExact,exactPathwaysTxt,backupPathwaysTxt
high_pPotency_molecule_pathway1_wGen1,/mnt/data.ese/nfs/users/sghosh6/DTRA_project/MACAW/DrugDesignData/Results/BacillusAnthracis_bestMACAW_allDB_generative/DORAnet/BasidalinPrecursor/PATHWAY_reconstruction/high_pPotency_molecule_pathway1_wGen1,1,Nc1ccc(C=C2C=C(O)C(=O)O2)cc1,NC(=O)c1cc(C=C2C=C(O)C(=O)O2)ccc1N,NC(=O)c1cc(C=C2C=C(O)C(=O)O2)ccc1N,1,"{'C': 17, 'N': 2, 'O': 5, 'S': 1}",False,65,26.88,ok,1,1,0.0,NC(=O)c1cc(C=C2C=C(O)C(=O)O2)ccc1N,True,False,False,0,0,high_pPotency_molecule_pathway1_wGen1_pathways_exact1.txt,
high_pPotency_molecule_pathway1_wGen2,/mnt/data.ese/nfs/users/sghosh6/DTRA_project/MACAW/DrugDesignData/Results/BacillusAnthracis_bestMACAW_allDB_generative/DORAnet/BasidalinPrecursor/PATHWAY_reconstruction/high_pPotency_molecule_pathway1_wGen2,1,Nc1ccc(C=C2C=C(O)C(=O)O2)cc1,NC(=O)c1cc(C=C2C=C(O)C(=O)O2)ccc1N,NC(=O)c1cc(C=C2C=C(O)C(=O)O2)ccc1N,2,"{'C': 17, 'N': 2, 'O': 5, 'S': 1}",True,524,348.42,ok,2,2,0.0,NC(=O)c1cc(C=C2C=C(O)C(=O)O2)ccc1N,True,False,True,1,1,high_pPotency_molecule_pathway1_wGen2_pathways_exact2.txt,high_pPotency_molecule_pathway1_wGen2_pathways_unfiltered.txt
high_pPotency_molecule_pathway2_wGen1,/mnt/data.ese/nfs/users/sghosh6/DTRA_project/MACAW/DrugDesignData/Results/BacillusAnthracis_bestMACAW_allDB_generative/DORAnet/BasidalinPrecursor/PATHWAY_reconstruction/high_pPotency_molecule_pathway2_wGen1,2,C=CCC1=CC(=CCNC(N)=[NH2+])OC1=O,CC(CNC(N)=[NH2+])=C1C=C(CCCO)C(=O)O1,CC(CNC(N)=[NH2+])=C1C=C(CCCO)C(=O)O1,1,"{'C': 15, 'N': 5, 'O': 3, 'S': 1}",False,87,31.5,ok,1,1,0.0,CC(CNC(N)=[NH2+])=C1C=C(CCCO)C(=O)O1,True,False,False,0,0,high_pPotency_molecule_pathway2_wGen1_pathways_exact1.txt,
high_pPotency_molecule_pathway2_wGen2,/mnt/data.ese/nfs/users/sghosh6/DTRA_project/MACAW/DrugDesignData/Results/BacillusAnthracis_bestMACAW_allDB_generative/DORAnet/BasidalinPrecursor/PATHWAY_reconstruction/high_pPotency_molecule_pathway2_wGen2,2,C=CCC1=CC(=CCNC(N)=[NH2+])OC1=O,CC(CNC(N)=[NH2+])=C1C=C(CCCO)C(=O)O1,CC(CNC(N)=[NH2+])=C1C=C(CCCO)C(=O)O1,2,"{'C': 15, 'N': 5, 'O': 3, 'S': 1}",True,1134,696.97,ok,2,2,0.0,CC(CNC(N)=[NH2+])=C1C=C(CCCO)C(=O)O1,True,False,True,2,2,high_pPotency_molecule_pathway2_wGen2_pathways_exact2.txt,high_pPotency_molecule_pathway2_wGen2_pathways_unfiltered.txt
high_pPotency_molecule_pathway3_wGen1,/mnt/data.ese/nfs/users/sghosh6/DTRA_project/MACAW/DrugDesignData/Results/BacillusAnthracis_bestMACAW_allDB_generative/DORAnet/BasidalinPrecursor/PATHWAY_reconstruction/high_pPotency_molecule_pathway3_wGen1,3,C=CCC1=CC(=CCNC(N)=[NH2+])OC1=O,NC(=[NH2+])NCC=C1C=C(CC2(O)CO2)C(=O)O1,NC(=[NH2+])NCC=C1C=C(CC2(O)CO2)C(=O)O1,1,"{'C': 15, 'N': 5, 'O': 3, 'S': 1}",False,87,29.8,ok,1,1,0.0,NC(=[NH2+])NCC=C1C=C(CC2(O)CO2)C(=O)O1,True,False,False,0,0,high_pPotency_molecule_pathway3_wGen1_pathways_exact1.txt,
high_pPotency_molecule_pathway3_wGen2,/mnt/data.ese/nfs/users/sghosh6/DTRA_project/MACAW/DrugDesignData/Results/BacillusAnthracis_bestMACAW_allDB_generative/DORAnet/BasidalinPrecursor/PATHWAY_reconstruction/high_pPotency_molecule_pathway3_wGen2,3,C=CCC1=CC(=CCNC(N)=[NH2+])OC1=O,NC(=[NH2+])NCC=C1C=C(CC2(O)CO2)C(=O)O1,NC(=[NH2+])NCC=C1C=C(CC2(O)CO2)C(=O)O1,2,"{'C': 15, 'N': 5, 'O': 3, 'S': 1}",False,1134,716.39,ok,2,2,0.0,NC(=[NH2+])NCC=C1C=C(CC2(O)CO2)C(=O)O1,True,False,False,0,0,high_pPotency_molecule_pathway3_wGen2_pathways_exact2.txt,
high_pPotency_molecule_pathway4_wGen1,/mnt/data.ese/nfs/users/sghosh6/DTRA_project/MACAW/DrugDesignData/Results/BacillusAnthracis_bestMACAW_allDB_generative/DORAnet/BasidalinPrecursor/PATHWAY_reconstruction/high_pPotency_molecule_pathway4_wGen1,4,C=CC[C@H]1CC(=CCNC(N)=[NH2+])OC1=O,C=CC1(C[C@H]2CC(=CCNC(N)=[NH2+])OC2=O)CO1,C=CC1(C[C@H]2CC(=CCNC(N)=[NH2+])OC2=O)CO1,1,"{'C': 15, 'N': 5, 'O': 3, 'S': 1}",False,90,30.44,ok,1,1,0.0,C=CC1(C[C@H]2CC(=CCNC(N)=[NH2+])OC2=O)CO1,True,False,False,0,0,high_pPotency_molecule_pathway4_wGen1_pathways_exact1.txt,
high_pPotency_molecule_pathway4_wGen2,/mnt/data.ese/nfs/users/sghosh6/DTRA_project/MACAW/DrugDesignData/Results/BacillusAnthracis_bestMACAW_allDB_generative/DORAnet/BasidalinPrecursor/PATHWAY_reconstruction/high_pPotency_molecule_pathway4_wGen2,4,C=CC[C@H]1CC(=CCNC(N)=[NH2+])OC1=O,C=CC1(C[C@H]2CC(=CCNC(N)=[NH2+])OC2=O)CO1,C=CC1(C[C@H]2CC(=CCNC(N)=[NH2+])OC2=O)CO1,2,"{'C': 15, 'N': 5, 'O': 3, 'S': 1}",True,1279,800.74,ok,2,2,0.0,C=CC1(C[C@H]2CC(=CCNC(N)=[NH2+])OC2=O)CO1,True,False,True,1,1,high_pPotency_molecule_pathway4_wGen2_pathways_exact2.txt,high_pPotency_molecule_pathway4_wGen2_pathways_unfiltered.txt
high_pPotency_molecule_pathway5_wGen1,/mnt/data.ese/nfs/users/sghosh6/DTRA_project/MACAW/DrugDesignData/Results/BacillusAnthracis_bestMACAW_allDB_generative/DORAnet/BasidalinPrecursor/PATHWAY_reconstruction/high_pPotency_molecule_pathway5_wGen1,5,Nc1cc(O)cc(C=C2C=C(O)C(=O)O2)c1,NC(=O)c1cc(N)cc(C=C2C=C(O)C(=O)O2)c1,NC(=O)c1cc(N)cc(C=C2C=C(O)C(=O)O2)c1,1,"{'C': 17, 'N': 2, 'O': 6, 'S': 1}",False,83,30.71,ok,1,1,0.0,NC(=O)c1cc(N)cc(C=C2C=C(O)C(=O)O2)c1,True,False,False,0,0,high_pPotency_molecule_pathway5_wGen1_pathways_exact1.txt,
high_pPotency_molecule_pathway5_wGen2,/mnt/data.ese/nfs/users/sghosh6/DTRA_project/MACAW/DrugDesignData/Results/BacillusAnthracis_bestMACAW_allDB_generative/DORAnet/BasidalinPrecursor/PATHWAY_reconstruction/high_pPotency_molecule_pathway5_wGen2,5,Nc1cc(O)cc(C=C2C=C(O)C(=O)O2)c1,NC(=O)c1cc(N)cc(C=C2C=C(O)C(=O)O2)c1,NC(=O)c1cc(N)cc(C=C2C=C(O)C(=O)O2)c1,2,"{'C': 17, 'N': 2, 'O': 6, 'S': 1}",True,1234,925.4,ok,2,2,0.0,NC(=O)c1cc(N)cc(C=C2C=C(O)C(=O)O2)c1,True,False,True,1,1,high_pPotency_molecule_pathway5_wGen2_pathways_exact2.txt,high_pPotency_molecule_pathway5_wGen2_pathways_unfiltered.txt
high_pPotency_molecule_pathway6_wGen1,/mnt/data.ese/nfs/users/sghosh6/DTRA_project/MACAW/DrugDesignData/Results/BacillusAnthracis_bestMACAW_allDB_generative/DORAnet/BasidalinPrecursor/PATHWAY_reconstruction/high_pPotency_molecule_pathway6_wGen1,6,C=CCC1=CC(=CCNC(N)=[NH2+])OC1=O,C=CC1(CC2=CC(=CCNC(N)=[NH2+])OC2=O)CO1,C=CC1(CC2=CC(=CCNC(N)=[NH2+])OC2=O)CO1,1,"{'C': 15, 'N': 5, 'O': 3, 'S': 1}",False,87,29.5,ok,1,1,0.0,C=CC1(CC2=CC(=CCNC(N)=[NH2+])OC2=O)CO1,True,False,False,0,0,high_pPotency_molecule_pathway6_wGen1_pathways_exact1.txt,
high_pPotency_molecule_pathway6_wGen2,/mnt/data.ese/nfs/users/sghosh6/DTRA_project/MACAW/DrugDesignData/Results/BacillusAnthracis_bestMACAW_allDB_generative/DORAnet/BasidalinPrecursor/PATHWAY_reconstruction/high_pPotency_molecule_pathway6_wGen2,6,C=CCC1=CC(=CCNC(N)=[NH2+])OC1=O,C=CC1(CC2=CC(=CCNC(N)=[NH2+])OC2=O)CO1,C=CC1(CC2=CC(=CCNC(N)=[NH2+])OC2=O)CO1,2,"{'C': 15, 'N': 5, 'O': 3, 'S': 1}",True,1134,690.68,ok,2,2,0.0,C=CC1(CC2=CC(=CCNC(N)=[NH2+])OC2=O)CO1,True,False,True,1,1,high_pPotency_molecule_pathway6_wGen2_pathways_exact2.txt,high_pPotency_molecule_pathway6_wGen2_pathways_unfiltered.txt
high_pPotency_molecule_pathway7_wGen1,/mnt/data.ese/nfs/users/sghosh6/DTRA_project/MACAW/DrugDesignData/Results/BacillusAnthracis_bestMACAW_allDB_generative/DORAnet/BasidalinPrecursor/PATHWAY_reconstruction/high_pPotency_molecule_pathway7_wGen1,7,C=CC[C@H]1CC(=CCNC(N)=[NH2+])OC1=O,NC(=[NH2+])NCC=C1OC(=O)[C@@H](CCCO)C1CO,NC(=[NH2+])NCC=C1OC(=O)[C@@H](CCCO)C1CO,1,"{'C': 15, 'N': 5, 'O': 3, 'S': 1}",False,90,30.06,ok,1,1,0.0,NC(=[NH2+])NCC=C1OC(=O)[C@@H](CCCO)C1CO,True,False,False,0,0,high_pPotency_molecule_pathway7_wGen1_pathways_exact1.txt,
high_pPotency_molecule_pathway7_wGen2,/mnt/data.ese/nfs/users/sghosh6/DTRA_project/MACAW/DrugDesignData/Results/BacillusAnthracis_bestMACAW_allDB_generative/DORAnet/BasidalinPrecursor/PATHWAY_reconstruction/high_pPotency_molecule_pathway7_wGen2,7,C=CC[C@H]1CC(=CCNC(N)=[NH2+])OC1=O,NC(=[NH2+])NCC=C1OC(=O)[C@@H](CCCO)C1CO,NC(=[NH2+])NCC=C1OC(=O)[C@@H](CCCO)C1CO,2,"{'C': 15, 'N': 5, 'O': 3, 'S': 1}",False,1279,803.41,ok,2,2,0.0,NC(=[NH2+])NCC=C1OC(=O)[C@@H](CCCO)C1CO,True,False,False,0,0,high_pPotency_molecule_pathway7_wGen2_pathways_exact2.txt,
high_pPotency_molecule_pathway8_wGen1,/mnt/data.ese/nfs/users/sghosh6/DTRA_project/MACAW/DrugDesignData/Results/BacillusAnthracis_bestMACAW_allDB_generative/DORAnet/BasidalinPrecursor/PATHWAY_reconstruction/high_pPotency_molecule_pathway8_wGen1,8,CCCC[C@H]1C(=O)OC(=CCNC(N)=[NH2+])C1=O,C[C@]1(CCCO)C(=O)OC(=CCNC(N)=[NH2+])C1=O,C[C@]1(CCCO)C(=O)OC(=CCNC(N)=[NH2+])C1=O,1,"{'C': 17, 'N': 5, 'O': 5, 'S': 1}",False,123,36.56,ok,1,1,0.0,C[C@]1(CCCO)C(=O)OC(=CCNC(N)=[NH2+])C1=O,True,False,False,0,0,high_pPotency_molecule_pathway8_wGen1_pathways_exact1.txt,
high_pPotency_molecule_pathway8_wGen2,/mnt/data.ese/nfs/users/sghosh6/DTRA_project/MACAW/DrugDesignData/Results/BacillusAnthracis_bestMACAW_allDB_generative/DORAnet/BasidalinPrecursor/PATHWAY_reconstruction/high_pPotency_molecule_pathway8_wGen2,8,CCCC[C@H]1C(=O)OC(=CCNC(N)=[NH2+])C1=O,C[C@]1(CCCO)C(=O)OC(=CCNC(N)=[NH2+])C1=O,C[C@]1(CCCO)C(=O)OC(=CCNC(N)=[NH2+])C1=O,2,"{'C': 17, 'N': 5, 'O': 5, 'S': 1}",True,3766,2297.62,ok,2,2,0.0,C[C@]1(CCCO)C(=O)OC(=CCNC(N)=[NH2+])C1=O,True,False,True,2,2,high_pPotency_molecule_pathway8_wGen2_pathways_exact2.txt,high_pPotency_molecule_pathway8_wGen2_pathways_unfiltered.txt
high_pPotency_molecule_pathway9_wGen1,/mnt/data.ese/nfs/users/sghosh6/DTRA_project/MACAW/DrugDesignData/Results/BacillusAnthracis_bestMACAW_allDB_generative/DORAnet/BasidalinPrecursor/PATHWAY_reconstruction/high_pPotency_molecule_pathway9_wGen1,9,CCCC[C@H]1C(=O)OC(=CCNC(N)=[NH2+])C1=O,C[C@@]1(CCCO)C(=O)OC(=CCNC(N)=[NH2+])C1=O,C[C@@]1(CCCO)C(=O)OC(=CCNC(N)=[NH2+])C1=O,1,"{'C': 17, 'N': 5, 'O': 5, 'S': 1}",False,123,37.91,ok,1,1,0.0,C[C@@]1(CCCO)C(=O)OC(=CCNC(N)=[NH2+])C1=O,True,False,False,0,0,high_pPotency_molecule_pathway9_wGen1_pathways_exact1.txt,
high_pPotency_molecule_pathway9_wGen2,/mnt/data.ese/nfs/users/sghosh6/DTRA_project/MACAW/DrugDesignData/Results/BacillusAnthracis_bestMACAW_allDB_generative/DORAnet/BasidalinPrecursor/PATHWAY_reconstruction/high_pPotency_molecule_pathway9_wGen2,9,CCCC[C@H]1C(=O)OC(=CCNC(N)=[NH2+])C1=O,C[C@@]1(CCCO)C(=O)OC(=CCNC(N)=[NH2+])C1=O,C[C@@]1(CCCO)C(=O)OC(=CCNC(N)=[NH2+])C1=O,2,"{'C': 17, 'N': 5, 'O': 5, 'S': 1}",True,3766,2212.74,ok,2,2,0.0,C[C@@]1(CCCO)C(=O)OC(=CCNC(N)=[NH2+])C1=O,True,False,True,2,2,high_pPotency_molecule_pathway9_wGen2_pathways_exact2.txt,high_pPotency_molecule_pathway9_wGen2_pathways_unfiltered.txt
high_pPotency_molecule_pathway10_wGen1,/mnt/data.ese/nfs/users/sghosh6/DTRA_project/MACAW/DrugDesignData/Results/BacillusAnthracis_bestMACAW_allDB_generative/DORAnet/BasidalinPrecursor/PATHWAY_reconstruction/high_pPotency_molecule_pathway10_wGen1,10,CCCC[C@H]1CC(=CCNC(N)=[NH2+])OC1=O,CC(CNC(N)=[NH2+])=C1C[C@H](CCCO)C(=O)O1,CC(CNC(N)=[NH2+])=C1C[C@H](CCCO)C(=O)O1,1,"{'C': 17, 'N': 5, 'O': 3, 'S': 1}",False,117,33.32,ok,1,1,0.0,CC(CNC(N)=[NH2+])=C1C[C@H](CCCO)C(=O)O1,True,False,False,0,0,high_pPotency_molecule_pathway10_wGen1_pathways_exact1.txt,
high_pPotency_molecule_pathway10_wGen2,/mnt/data.ese/nfs/users/sghosh6/DTRA_project/MACAW/DrugDesignData/Results/BacillusAnthracis_bestMACAW_allDB_generative/DORAnet/BasidalinPrecursor/PATHWAY_reconstruction/high_pPotency_molecule_pathway10_wGen2,10,CCCC[C@H]1CC(=CCNC(N)=[NH2+])OC1=O,CC(CNC(N)=[NH2+])=C1C[C@H](CCCO)C(=O)O1,CC(CNC(N)=[NH2+])=C1C[C@H](CCCO)C(=O)O1,2,"{'C': 17, 'N': 5, 'O': 3, 'S': 1}",True,2843,1652.97,ok,2,2,0.0,CC(CNC(N)=[NH2+])=C1C[C@H](CCCO)C(=O)O1,True,False,True,2,2,high_pPotency_molecule_pathway10_wGen2_pathways_exact2.txt,high_pPotency_molecule_pathway10_wGen2_pathways_unfiltered.txt
high_pPotency_molecule_pathway11_wGen1,/mnt/data.ese/nfs/users/sghosh6/DTRA_project/MACAW/DrugDesignData/Results/BacillusAnthracis_bestMACAW_allDB_generative/DORAnet/BasidalinPrecursor/PATHWAY_reconstruction/high_pPotency_molecule_pathway11_wGen1,11,CCCCC1=CC(=CCNC(N)=[NH2+])OC1=O,CCCC1=CC(=C(C)CNC(N)=[NH2+])OC1=O,CCCC1=CC(=C(C)CNC(N)=[NH2+])OC1=O,1,"{'C': 17, 'N': 5, 'O': 3, 'S': 1}",True,110,35.56,ok,1,1,0.0,CCCC1=CC(=C(C)CNC(N)=[NH2+])OC1=O,True,False,True,1,1,high_pPotency_molecule_pathway11_wGen1_pathways_exact1.txt,high_pPotency_molecule_pathway11_wGen1_pathways_unfiltered.txt
high_pPotency_molecule_pathway11_wGen2,/mnt/data.ese/nfs/users/sghosh6/DTRA_project/MACAW/DrugDesignData/Results/BacillusAnthracis_bestMACAW_allDB_generative/DORAnet/BasidalinPrecursor/PATHWAY_reconstruction/high_pPotency_molecule_pathway11_wGen2,11,CCCCC1=CC(=CCNC(N)=[NH2+])OC1=O,CCCC1=CC(=C(C)CNC(N)=[NH2+])OC1=O,CCCC1=CC(=C(C)CNC(N)=[NH2+])OC1=O,2,"{'C': 17, 'N': 5, 'O': 3, 'S': 1}",True,2349,1392.02,ok,2,2,0.0,CCCC1=CC(=C(C)CNC(N)=[NH2+])OC1=O,True,False,True,35,34,high_pPotency_molecule_pathway11_wGen2_pathways_exact2.txt,high_pPotency_molecule_pathway11_wGen2_pathways_unfiltered.txt
high_pPotency_molecule_pathway12_wGen1,/mnt/data.ese/nfs/users/sghosh6/DTRA_project/MACAW/DrugDesignData/Results/BacillusAnthracis_bestMACAW_allDB_generative/DORAnet/BasidalinPrecursor/PATHWAY_reconstruction/high_pPotency_molecule_pathway12_wGen1,12,C=CC[C@H]1CC(=CCNC(N)=[NH2+])OC1=O,C=CC1C(=CCNC(N)=[NH2+])OC(=O)[C@H]1CCCO,C=CC1C(=CCNC(N)=[NH2+])OC(=O)[C@H]1CCCO,1,"{'C': 15, 'N': 5, 'O': 3, 'S': 1}",False,90,30.33,ok,1,1,0.0,C=CC1C(=CCNC(N)=[NH2+])OC(=O)[C@H]1CCCO,True,False,False,0,0,high_pPotency_molecule_pathway12_wGen1_pathways_exact1.txt,
high_pPotency_molecule_pathway12_wGen2,/mnt/data.ese/nfs/users/sghosh6/DTRA_project/MACAW/DrugDesignData/Results/BacillusAnthracis_bestMACAW_allDB_generative/DORAnet/BasidalinPrecursor/PATHWAY_reconstruction/high_pPotency_molecule_pathway12_wGen2,12,C=CC[C@H]1CC(=CCNC(N)=[NH2+])OC1=O,C=CC1C(=CCNC(N)=[NH2+])OC(=O)[C@H]1CCCO,C=CC1C(=CCNC(N)=[NH2+])OC(=O)[C@H]1CCCO,2,"{'C': 15, 'N': 5, 'O': 3, 'S': 1}",True,1279,765.35,ok,2,2,0.0,C=CC1C(=CCNC(N)=[NH2+])OC(=O)[C@H]1CCCO,True,False,True,1,1,high_pPotency_molecule_pathway12_wGen2_pathways_exact2.txt,high_pPotency_molecule_pathway12_wGen2_pathways_unfiltered.txt
high_pPotency_molecule_pathway13_wGen1,/mnt/data.ese/nfs/users/sghosh6/DTRA_project/MACAW/DrugDesignData/Results/BacillusAnthracis_bestMACAW_allDB_generative/DORAnet/BasidalinPrecursor/PATHWAY_reconstruction/high_pPotency_molecule_pathway13_wGen1,13,CCCCC1=CC(=CCNC(N)=[NH2+])OC1=O,CC1=CC(=CCNC(N)=[NH2+])OC1(O)CCCO,CC1=CC(=CCNC(N)=[NH2+])OC1(O)CCCO,1,"{'C': 17, 'N': 5, 'O': 3, 'S': 1}",False,110,34.43,ok,1,1,0.0,CC1=CC(=CCNC(N)=[NH2+])OC1(O)CCCO,True,False,False,0,0,high_pPotency_molecule_pathway13_wGen1_pathways_exact1.txt,
high_pPotency_molecule_pathway13_wGen2,/mnt/data.ese/nfs/users/sghosh6/DTRA_project/MACAW/DrugDesignData/Results/BacillusAnthracis_bestMACAW_allDB_generative/DORAnet/BasidalinPrecursor/PATHWAY_reconstruction/high_pPotency_molecule_pathway13_wGen2,13,CCCCC1=CC(=CCNC(N)=[NH2+])OC1=O,CC1=CC(=CCNC(N)=[NH2+])OC1(O)CCCO,CC1=CC(=CCNC(N)=[NH2+])OC1(O)CCCO,2,"{'C': 17, 'N': 5, 'O': 3, 'S': 1}",True,2349,1384.92,ok,2,2,0.0,CC1=CC(=CCNC(N)=[NH2+])OC1(O)CCCO,True,False,True,1,1,high_pPotency_molecule_pathway13_wGen2_pathways_exact2.txt,high_pPotency_molecule_pathway13_wGen2_pathways_unfiltered.txt
high_pPotency_molecule_pathway14_wGen1,/mnt/data.ese/nfs/users/sghosh6/DTRA_project/MACAW/DrugDesignData/Results/BacillusAnthracis_bestMACAW_allDB_generative/DORAnet/BasidalinPrecursor/PATHWAY_reconstruction/high_pPotency_molecule_pathway14_wGen1,14,Nc1cc(O)cc(C=C2C=CC(=O)O2)c1,Nc1cc(O)cc(C(CO)=C2C=CC(=O)O2)c1,Nc1cc(O)cc(C(CO)=C2C=CC(=O)O2)c1,1,"{'C': 17, 'N': 2, 'O': 5, 'S': 1}",False,81,29.77,ok,1,1,0.0,Nc1cc(O)cc(C(CO)=C2C=CC(=O)O2)c1,True,False,False,0,0,high_pPotency_molecule_pathway14_wGen1_pathways_exact1.txt,
high_pPotency_molecule_pathway14_wGen2,/mnt/data.ese/nfs/users/sghosh6/DTRA_project/MACAW/DrugDesignData/Results/BacillusAnthracis_bestMACAW_allDB_generative/DORAnet/BasidalinPrecursor/PATHWAY_reconstruction/high_pPotency_molecule_pathway14_wGen2,14,Nc1cc(O)cc(C=C2C=CC(=O)O2)c1,Nc1cc(O)cc(C(CO)=C2C=CC(=O)O2)c1,Nc1cc(O)cc(C(CO)=C2C=CC(=O)O2)c1,2,"{'C': 17, 'N': 2, 'O': 5, 'S': 1}",True,1114,792.87,ok,2,2,0.0,Nc1cc(O)cc(C(CO)=C2C=CC(=O)O2)c1,True,False,True,1,1,high_pPotency_molecule_pathway14_wGen2_pathways_exact2.txt,high_pPotency_molecule_pathway14_wGen2_pathways_unfiltered.txt
high_pPotency_molecule_pathway15_wGen1,/mnt/data.ese/nfs/users/sghosh6/DTRA_project/MACAW/DrugDesignData/Results/BacillusAnthracis_bestMACAW_allDB_generative/DORAnet/BasidalinPrecursor/PATHWAY_reconstruction/high_pPotency_molecule_pathway15_wGen1,15,C=CC[C@H]1C(=O)OC(=CCNC(N)=[NH2+])C1=O,NC(=[NH2+])NCC=C1OC(=O)[C@H](CC2(O)CO2)C1=O,NC(=[NH2+])NCC=C1OC(=O)[C@H](CC2(O)CO2)C1=O,1,"{'C': 15, 'N': 5, 'O': 5, 'S': 1}",False,96,31.87,ok,1,1,0.0,NC(=[NH2+])NCC=C1OC(=O)[C@H](CC2(O)CO2)C1=O,True,False,False,0,0,high_pPotency_molecule_pathway15_wGen1_pathways_exact1.txt,
high_pPotency_molecule_pathway15_wGen2,/mnt/data.ese/nfs/users/sghosh6/DTRA_project/MACAW/DrugDesignData/Results/BacillusAnthracis_bestMACAW_allDB_generative/DORAnet/BasidalinPrecursor/PATHWAY_reconstruction/high_pPotency_molecule_pathway15_wGen2,15,C=CC[C@H]1C(=O)OC(=CCNC(N)=[NH2+])C1=O,NC(=[NH2+])NCC=C1OC(=O)[C@H](CC2(O)CO2)C1=O,NC(=[NH2+])NCC=C1OC(=O)[C@H](CC2(O)CO2)C1=O,2,"{'C': 15, 'N': 5, 'O': 5, 'S': 1}",True,1828,1135.99,ok,2,2,0.0,NC(=[NH2+])NCC=C1OC(=O)[C@H](CC2(O)CO2)C1=O,True,False,True,1,1,high_pPotency_molecule_pathway15_wGen2_pathways_exact2.txt,high_pPotency_molecule_pathway15_wGen2_pathways_unfiltered.txt
high_pPotency_molecule_pathway16_wGen1,/mnt/data.ese/nfs/users/sghosh6/DTRA_project/MACAW/DrugDesignData/Results/BacillusAnthracis_bestMACAW_allDB_generative/DORAnet/BasidalinPrecursor/PATHWAY_reconstruction/high_pPotency_molecule_pathway16_wGen1,16,C=CC[C@@H]1C(=O)OC(=CCNC(N)=[NH2+])C1=O,NC(=[NH2+])NCC=C1OC(=O)[C@@H](CC2(O)CO2)C1=O,NC(=[NH2+])NCC=C1OC(=O)[C@@H](CC2(O)CO2)C1=O,1,"{'C': 15, 'N': 5, 'O': 5, 'S': 1}",False,96,31.68,ok,1,1,0.0,NC(=[NH2+])NCC=C1OC(=O)[C@@H](CC2(O)CO2)C1=O,True,False,False,0,0,high_pPotency_molecule_pathway16_wGen1_pathways_exact1.txt,
high_pPotency_molecule_pathway16_wGen2,/mnt/data.ese/nfs/users/sghosh6/DTRA_project/MACAW/DrugDesignData/Results/BacillusAnthracis_bestMACAW_allDB_generative/DORAnet/BasidalinPrecursor/PATHWAY_reconstruction/high_pPotency_molecule_pathway16_wGen2,16,C=CC[C@@H]1C(=O)OC(=CCNC(N)=[NH2+])C1=O,NC(=[NH2+])NCC=C1OC(=O)[C@@H](CC2(O)CO2)C1=O,NC(=[NH2+])NCC=C1OC(=O)[C@@H](CC2(O)CO2)C1=O,2,"{'C': 15, 'N': 5, 'O': 5, 'S': 1}",True,1828,1147.21,ok,2,2,0.0,NC(=[NH2+])NCC=C1OC(=O)[C@@H](CC2(O)CO2)C1=O,True,False,True,1,1,high_pPotency_molecule_pathway16_wGen2_pathways_exact2.txt,high_pPotency_molecule_pathway16_wGen2_pathways_unfiltered.txt
high_pPotency_molecule_pathway17_wGen1,/mnt/data.ese/nfs/users/sghosh6/DTRA_project/MACAW/DrugDesignData/Results/BacillusAnthracis_bestMACAW_allDB_generative/DORAnet/BasidalinPrecursor/PATHWAY_reconstruction/high_pPotency_molecule_pathway17_wGen1,17,CCCC[C@H]1CC(=CCNC(N)=[NH2+])OC1=O,C[C@@]1(CCCO)CC(=CCNC(N)=[NH2+])OC1=O,C[C@@]1(CCCO)CC(=CCNC(N)=[NH2+])OC1=O,1,"{'C': 17, 'N': 5, 'O': 3, 'S': 1}",False,117,33.88,ok,1,1,0.0,C[C@@]1(CCCO)CC(=CCNC(N)=[NH2+])OC1=O,True,False,False,0,0,high_pPotency_molecule_pathway17_wGen1_pathways_exact1.txt,
high_pPotency_molecule_pathway17_wGen2,/mnt/data.ese/nfs/users/sghosh6/DTRA_project/MACAW/DrugDesignData/Results/BacillusAnthracis_bestMACAW_allDB_generative/DORAnet/BasidalinPrecursor/PATHWAY_reconstruction/high_pPotency_molecule_pathway17_wGen2,17,CCCC[C@H]1CC(=CCNC(N)=[NH2+])OC1=O,C[C@@]1(CCCO)CC(=CCNC(N)=[NH2+])OC1=O,C[C@@]1(CCCO)CC(=CCNC(N)=[NH2+])OC1=O,2,"{'C': 17, 'N': 5, 'O': 3, 'S': 1}",True,2843,1655.5,ok,2,2,0.0,C[C@@]1(CCCO)CC(=CCNC(N)=[NH2+])OC1=O,True,False,True,2,2,high_pPotency_molecule_pathway17_wGen2_pathways_exact2.txt,high_pPotency_molecule_pathway17_wGen2_pathways_unfiltered.txt
high_pPotency_molecule_pathway18_wGen1,/mnt/data.ese/nfs/users/sghosh6/DTRA_project/MACAW/DrugDesignData/Results/BacillusAnthracis_bestMACAW_allDB_generative/DORAnet/BasidalinPrecursor/PATHWAY_reconstruction/high_pPotency_molecule_pathway18_wGen1,18,CCCC[C@H]1CC(=CCNC(N)=[NH2+])OC1=O,C[C@]1(CCCO)CC(=CCNC(N)=[NH2+])OC1=O,C[C@]1(CCCO)CC(=CCNC(N)=[NH2+])OC1=O,1,"{'C': 17, 'N': 5, 'O': 3, 'S': 1}",False,117,33.14,ok,1,1,0.0,C[C@]1(CCCO)CC(=CCNC(N)=[NH2+])OC1=O,True,False,False,0,0,high_pPotency_molecule_pathway18_wGen1_pathways_exact1.txt,
high_pPotency_molecule_pathway18_wGen2,/mnt/data.ese/nfs/users/sghosh6/DTRA_project/MACAW/DrugDesignData/Results/BacillusAnthracis_bestMACAW_allDB_generative/DORAnet/BasidalinPrecursor/PATHWAY_reconstruction/high_pPotency_molecule_pathway18_wGen2,18,CCCC[C@H]1CC(=CCNC(N)=[NH2+])OC1=O,C[C@]1(CCCO)CC(=CCNC(N)=[NH2+])OC1=O,C[C@]1(CCCO)CC(=CCNC(N)=[NH2+])OC1=O,2,"{'C': 17, 'N': 5, 'O': 3, 'S': 1}",True,2843,1581.27,ok,2,2,0.0,C[C@]1(CCCO)CC(=CCNC(N)=[NH2+])OC1=O,True,False,True,2,2,high_pPotency_molecule_pathway18_wGen2_pathways_exact2.txt,high_pPotency_molecule_pathway18_wGen2_pathways_unfiltered.txt
high_pPotency_molecule_pathway19_wGen1,/mnt/data.ese/nfs/users/sghosh6/DTRA_project/MACAW/DrugDesignData/Results/BacillusAnthracis_bestMACAW_allDB_generative/DORAnet/BasidalinPrecursor/PATHWAY_reconstruction/high_pPotency_molecule_pathway19_wGen1,19,CC[C@@H]1C(=O)OC(=CCNC(N)=[NH2+])C1=O,C[C@]1(CC(=O)O)C(=O)OC(=CCNC(N)=[NH2+])C1=O,C[C@]1(CC(=O)O)C(=O)OC(=CCNC(N)=[NH2+])C1=O,1,"{'C': 14, 'N': 5, 'O': 5, 'S': 1}",False,87,27.99,ok,1,1,0.0,C[C@]1(CC(=O)O)C(=O)OC(=CCNC(N)=[NH2+])C1=O,True,False,False,0,0,high_pPotency_molecule_pathway19_wGen1_pathways_exact1.txt,
high_pPotency_molecule_pathway19_wGen2,/mnt/data.ese/nfs/users/sghosh6/DTRA_project/MACAW/DrugDesignData/Results/BacillusAnthracis_bestMACAW_allDB_generative/DORAnet/BasidalinPrecursor/PATHWAY_reconstruction/high_pPotency_molecule_pathway19_wGen2,19,CC[C@@H]1C(=O)OC(=CCNC(N)=[NH2+])C1=O,C[C@]1(CC(=O)O)C(=O)OC(=CCNC(N)=[NH2+])C1=O,C[C@]1(CC(=O)O)C(=O)OC(=CCNC(N)=[NH2+])C1=O,2,"{'C': 14, 'N': 5, 'O': 5, 'S': 1}",True,1275,770.6,ok,2,2,0.0,C[C@]1(CC(=O)O)C(=O)OC(=CCNC(N)=[NH2+])C1=O,True,False,True,1,1,high_pPotency_molecule_pathway19_wGen2_pathways_exact2.txt,high_pPotency_molecule_pathway19_wGen2_pathways_unfiltered.txt
high_pPotency_molecule_pathway20_wGen1,/mnt/data.ese/nfs/users/sghosh6/DTRA_project/MACAW/DrugDesignData/Results/BacillusAnthracis_bestMACAW_allDB_generative/DORAnet/BasidalinPrecursor/PATHWAY_reconstruction/high_pPotency_molecule_pathway20_wGen1,20,CC[C@@H]1C(=O)OC(=CCNC(N)=[NH2+])C1=O,C[C@@]1(CC(=O)O)C(=O)OC(=CCNC(N)=[NH2+])C1=O,C[C@@]1(CC(=O)O)C(=O)OC(=CCNC(N)=[NH2+])C1=O,1,"{'C': 14, 'N': 5, 'O': 5, 'S': 1}",False,87,28.06,ok,1,1,0.0,C[C@@]1(CC(=O)O)C(=O)OC(=CCNC(N)=[NH2+])C1=O,True,False,False,0,0,high_pPotency_molecule_pathway20_wGen1_pathways_exact1.txt,
high_pPotency_molecule_pathway20_wGen2,/mnt/data.ese/nfs/users/sghosh6/DTRA_project/MACAW/DrugDesignData/Results/BacillusAnthracis_bestMACAW_allDB_generative/DORAnet/BasidalinPrecursor/PATHWAY_reconstruction/high_pPotency_molecule_pathway20_wGen2,20,CC[C@@H]1C(=O)OC(=CCNC(N)=[NH2+])C1=O,C[C@@]1(CC(=O)O)C(=O)OC(=CCNC(N)=[NH2+])C1=O,C[C@@]1(CC(=O)O)C(=O)OC(=CCNC(N)=[NH2+])C1=O,2,"{'C': 14, 'N': 5, 'O': 5, 'S': 1}",True,1275,798.19,ok,2,2,0.0,C[C@@]1(CC(=O)O)C(=O)OC(=CCNC(N)=[NH2+])C1=O,True,False,True,1,1,high_pPotency_molecule_pathway20_wGen2_pathways_exact2.txt,high_pPotency_molecule_pathway20_wGen2_pathways_unfiltered.txt
