molecule_chembl_id,smiles,molecular_formula,inchi_key,inchi,molecular_weight,type,standard_value,standard_units,standard_relation,standard_type,pchembl_value,AlogP,polar_surface_area,hba,hbd,rotatable_bonds,qed_weighted,heavy_atoms,aromatic_rings,ro5_violations,Target ChEMBL ID,Target Name,Target Organism
CHEMBL2323111,CNc1ccc2c(c1)ncn2-c1ccc(OC)cc1,C15H15N3O,NLELCMUNWBNDCQ-UHFFFAOYSA-N,"InChI=1S/C15H15N3O/c1-16-11-3-8-15-14(9-11)17-10-18(15)12-4-6-13(19-2)7-5-12/h3-10,16H,1-2H3",253.31,Small molecule,,,,Activity,,3.08,39.08,4,1,3,0.78,19,3,0,CHEMBL615051,Lassa virus,Mammarenavirus lassaense
CHEMBL2314859,COc1ccc(-n2cnc3cc(NCc4ccc(C(C)C)cc4)ccc32)cc1,C24H25N3O,JPSZEXYTKSIPDW-UHFFFAOYSA-N,"InChI=1S/C24H25N3O/c1-17(2)19-6-4-18(5-7-19)15-25-20-8-13-24-23(14-20)26-16-27(24)21-9-11-22(28-3)12-10-21/h4-14,16-17,25H,15H2,1-3H3",371.48,Small molecule,2.0,,'=',FC,,5.77,39.08,4,1,6,0.47,28,4,1,CHEMBL615051,Lassa virus,Mammarenavirus lassaense
CHEMBL2314868,CCOc1ccc(Cn2cnc3cc(NCc4ccc(CC)cc4)cnc32)cc1,C24H26N4O,YCELCDDRHIAHGC-UHFFFAOYSA-N,"InChI=1S/C24H26N4O/c1-3-18-5-7-19(8-6-18)14-25-21-13-23-24(26-15-21)28(17-27-23)16-20-9-11-22(12-10-20)29-4-2/h5-13,15,17,25H,3-4,14,16H2,1-2H3",386.5,Small molecule,1600.0,nM,'=',EC50,5.8,5.05,51.97,5,1,8,0.46,29,4,1,CHEMBL615051,Lassa virus,Mammarenavirus lassaense
CHEMBL2315151,CCOc1ccc(-n2cnc3cc(NCc4ccc(CC)cc4)cnc32)nc1,C22H23N5O,ZPHWVWUIDMOUMV-UHFFFAOYSA-N,"InChI=1S/C22H23N5O/c1-3-16-5-7-17(8-6-16)12-23-18-11-20-22(25-13-18)27(15-26-20)21-10-9-19(14-24-21)28-4-2/h5-11,13-15,23H,3-4,12H2,1-2H3",373.46,Small molecule,0.98,nM,'=',EC50,9.01,4.39,64.86,6,1,7,0.52,28,4,0,CHEMBL615051,Lassa virus,Mammarenavirus lassaense
CHEMBL2315139,CCOc1ccc(-n2ccc3cc(NCc4ccc(CC)cc4)ccc32)cc1,C25H26N2O,YAZYNFTXSMINHB-UHFFFAOYSA-N,"InChI=1S/C25H26N2O/c1-3-19-5-7-20(8-6-19)18-26-22-9-14-25-21(17-22)15-16-27(25)23-10-12-24(13-11-23)28-4-2/h5-17,26H,3-4,18H2,1-2H3",370.5,Small molecule,69.0,nM,'=',EC50,7.16,6.2,26.19,3,1,7,0.42,28,4,1,CHEMBL615051,Lassa virus,Mammarenavirus lassaense
CHEMBL2323039,COC(=O)c1ccc(COc2ccccc2CN2CCN(C(=O)CNC(=O)CC34CC5CC(CC(C5)C3)C4)CC2)cc1,C34H43N3O5,KSISWIVDFITFKQ-UHFFFAOYSA-N,"InChI=1S/C34H43N3O5/c1-41-33(40)28-8-6-24(7-9-28)23-42-30-5-3-2-4-29(30)22-36-10-12-37(13-11-36)32(39)21-35-31(38)20-34-17-25-14-26(18-34)16-27(15-25)19-34/h2-9,25-27H,10-23H2,1H3,(H,35,38)",573.73,Small molecule,,%,,Inhibition,,4.42,88.18,6,1,10,0.42,42,2,1,CHEMBL615051,Lassa virus,Mammarenavirus lassaense
CHEMBL2314867,CCOc1ccc(-n2cnc3cc(/N=C/c4ccc(CC)cc4)cnc32)cc1,C23H22N4O,ASDSCMPUBXZHDD-ZVHZXABRSA-N,"InChI=1S/C23H22N4O/c1-3-17-5-7-18(8-6-17)14-24-19-13-22-23(25-15-19)27(16-26-22)20-9-11-21(12-10-20)28-4-2/h5-16H,3-4H2,1-2H3/b24-14+",370.46,Small molecule,4300.0,nM,'=',EC50,5.37,5.13,52.3,5,0,6,0.44,28,4,1,CHEMBL615051,Lassa virus,Mammarenavirus lassaense
CHEMBL2322815,COc1ccc(-n2cnc3cc(NCc4ccccc4OC)ccc32)cc1,C22H21N3O2,CWVNGHGRVCDVIO-UHFFFAOYSA-N,"InChI=1S/C22H21N3O2/c1-26-19-10-8-18(9-11-19)25-15-24-20-13-17(7-12-21(20)25)23-14-16-5-3-4-6-22(16)27-2/h3-13,15,23H,14H2,1-2H3",359.43,Small molecule,460.0,nM,'=',EC50,6.34,4.65,48.31,5,1,6,0.54,27,4,0,CHEMBL615051,Lassa virus,Mammarenavirus lassaense
CHEMBL559853,COc1ccc(C(=O)N2CC(=O)N(Cc3ccc(C)cc3)C(CCc3ccccc3)C2)cc1,C28H30N2O3,NJYGDAJNEQOZCU-UHFFFAOYSA-N,"InChI=1S/C28H30N2O3/c1-21-8-10-23(11-9-21)18-30-25(15-12-22-6-4-3-5-7-22)19-29(20-27(30)31)28(32)24-13-16-26(33-2)17-14-24/h3-11,13-14,16-17,25H,12,15,18-20H2,1-2H3",442.56,Small molecule,400.0,nM,'=',IC50,6.4,4.49,49.85,3,0,7,0.54,33,3,0,CHEMBL615051,Lassa virus,Mammarenavirus lassaense
CHEMBL564725,Cc1ccc(CN2C(=O)CN(C(=O)c3cc4ccccc4o3)C[C@@H]2Cc2ccccc2)cc1,C28H26N2O3,AUWNHKXYVROESW-DEOSSOPVSA-N,"InChI=1S/C28H26N2O3/c1-20-11-13-22(14-12-20)17-30-24(15-21-7-3-2-4-8-21)18-29(19-27(30)31)28(32)26-16-23-9-5-6-10-25(23)33-26/h2-14,16,24H,15,17-19H2,1H3/t24-/m0/s1",438.53,Small molecule,200.0,nM,'=',IC50,6.7,4.84,53.76,3,0,5,0.45,33,4,0,CHEMBL615051,Lassa virus,Mammarenavirus lassaense
CHEMBL2315150,CCOc1ccc(-n2cnc3cc(NCc4ccc(CC)cc4)cnc32)cn1,C22H23N5O,WFUALLAHVBHOCP-UHFFFAOYSA-N,"InChI=1S/C22H23N5O/c1-3-16-5-7-17(8-6-16)12-23-18-11-20-22(25-13-18)27(15-26-20)19-9-10-21(24-14-19)28-4-2/h5-11,13-15,23H,3-4,12H2,1-2H3",373.46,Small molecule,9.0,nM,'=',EC50,8.05,4.39,64.86,6,1,7,0.52,28,4,0,CHEMBL615051,Lassa virus,Mammarenavirus lassaense
CHEMBL2322804,COc1ccc(-n2cnc3cc(NCc4ccc(Oc5ccccc5)cc4)ccc32)cc1,C27H23N3O2,YGAREEBFOUZSFW-UHFFFAOYSA-N,"InChI=1S/C27H23N3O2/c1-31-23-14-10-22(11-15-23)30-19-29-26-17-21(9-16-27(26)30)28-18-20-7-12-25(13-8-20)32-24-5-3-2-4-6-24/h2-17,19,28H,18H2,1H3",421.5,Small molecule,380.0,nM,'=',EC50,6.42,6.44,48.31,5,1,7,0.33,32,5,1,CHEMBL615051,Lassa virus,Mammarenavirus lassaense
CHEMBL2322788,CC(C)c1ccc(CNc2ccc3c(c2)ncn3-c2ccc(Oc3ccccc3)cc2)cc1,C29H27N3O,CKXYATFOQOWDBV-UHFFFAOYSA-N,"InChI=1S/C29H27N3O/c1-21(2)23-10-8-22(9-11-23)19-30-24-12-17-29-28(18-24)31-20-32(29)25-13-15-27(16-14-25)33-26-6-4-3-5-7-26/h3-18,20-21,30H,19H2,1-2H3",433.56,Small molecule,130.0,nM,'=',EC50,6.89,7.55,39.08,4,1,7,0.29,33,5,1,CHEMBL615051,Lassa virus,Mammarenavirus lassaense
CHEMBL2314859,COc1ccc(-n2cnc3cc(NCc4ccc(C(C)C)cc4)ccc32)cc1,C24H25N3O,JPSZEXYTKSIPDW-UHFFFAOYSA-N,"InChI=1S/C24H25N3O/c1-17(2)19-6-4-18(5-7-19)15-25-20-8-13-24-23(14-20)26-16-27(24)21-9-11-22(28-3)12-10-21/h4-14,16-17,25H,15H2,1-3H3",371.48,Small molecule,1.4,nM,'=',EC50,8.85,5.77,39.08,4,1,6,0.47,28,4,1,CHEMBL615051,Lassa virus,Mammarenavirus lassaense
CHEMBL2314859,COc1ccc(-n2cnc3cc(NCc4ccc(C(C)C)cc4)ccc32)cc1,C24H25N3O,JPSZEXYTKSIPDW-UHFFFAOYSA-N,"InChI=1S/C24H25N3O/c1-17(2)19-6-4-18(5-7-19)15-25-20-8-13-24-23(14-20)26-16-27(24)21-9-11-22(28-3)12-10-21/h4-14,16-17,25H,15H2,1-3H3",371.48,Small molecule,63.0,%,'=',Activity,,5.77,39.08,4,1,6,0.47,28,4,1,CHEMBL615051,Lassa virus,Mammarenavirus lassaense
CHEMBL2322825,CC(C)c1ccc(CNc2ccc3ncn(-c4ccc(OC(C)(C)C)cc4)c3c2)cc1,C27H31N3O,WESVCIORFMHABH-UHFFFAOYSA-N,"InChI=1S/C27H31N3O/c1-19(2)21-8-6-20(7-9-21)17-28-22-10-15-25-26(16-22)30(18-29-25)23-11-13-24(14-12-23)31-27(3,4)5/h6-16,18-19,28H,17H2,1-5H3",413.57,Small molecule,180.0,nM,'=',EC50,6.75,6.94,39.08,4,1,6,0.37,31,4,1,CHEMBL615051,Lassa virus,Mammarenavirus lassaense
CHEMBL2322821,COc1ccc(-n2cnc3cc(N(C)Cc4ccc(C(C)C)cc4)ccc32)cc1,C25H27N3O,RSWBAJDUHXONLP-UHFFFAOYSA-N,"InChI=1S/C25H27N3O/c1-18(2)20-7-5-19(6-8-20)16-27(3)22-11-14-25-24(15-22)26-17-28(25)21-9-12-23(29-4)13-10-21/h5-15,17-18H,16H2,1-4H3",385.51,Small molecule,57.0,nM,'=',EC50,7.24,5.79,30.29,4,0,6,0.42,29,4,1,CHEMBL615051,Lassa virus,Mammarenavirus lassaense
CHEMBL2322814,COc1ccc(-n2cnc3cc(NCc4cccc(OC)c4OC)ccc32)cc1,C23H23N3O3,DGGFGNOCHBWENN-UHFFFAOYSA-N,"InChI=1S/C23H23N3O3/c1-27-19-10-8-18(9-11-19)26-15-25-20-13-17(7-12-21(20)26)24-14-16-5-4-6-22(28-2)23(16)29-3/h4-13,15,24H,14H2,1-3H3",389.46,Small molecule,160.0,nM,'=',EC50,6.8,4.66,57.54,6,1,7,0.5,29,4,0,CHEMBL615051,Lassa virus,Mammarenavirus lassaense
CHEMBL2322812,COc1ccc(-n2cnc3cc(NCc4ccc(OC)c(OC)c4)ccc32)cc1,C23H23N3O3,FLPMDKMKNCSOHN-UHFFFAOYSA-N,"InChI=1S/C23H23N3O3/c1-27-19-8-6-18(7-9-19)26-15-25-20-13-17(5-10-21(20)26)24-14-16-4-11-22(28-2)23(12-16)29-3/h4-13,15,24H,14H2,1-3H3",389.46,Small molecule,700.0,nM,'=',EC50,6.16,4.66,57.54,6,1,7,0.5,29,4,0,CHEMBL615051,Lassa virus,Mammarenavirus lassaense
CHEMBL2322795,Cc1ccc(CNc2ccc3c(c2)ncn3C2CCCCC2)cc1,C21H25N3,TWSLNIMQJKXKHA-UHFFFAOYSA-N,"InChI=1S/C21H25N3/c1-16-7-9-17(10-8-16)14-22-18-11-12-21-20(13-18)23-15-24(21)19-5-3-2-4-6-19/h7-13,15,19,22H,2-6,14H2,1H3",319.45,Small molecule,320.0,nM,'=',EC50,6.5,5.46,29.85,3,1,4,0.69,24,3,1,CHEMBL615051,Lassa virus,Mammarenavirus lassaense
CHEMBL2322791,CCc1ccc(CNc2ccc3c(c2)ncn3-c2ccc(OC)nc2)cc1,C22H22N4O,RAUKTMKCVQXPNQ-UHFFFAOYSA-N,"InChI=1S/C22H22N4O/c1-3-16-4-6-17(7-5-16)13-23-18-8-10-21-20(12-18)25-15-26(21)19-9-11-22(27-2)24-14-19/h4-12,14-15,23H,3,13H2,1-2H3",358.45,Small molecule,32.0,nM,'=',EC50,7.5,4.6,51.97,5,1,6,0.55,27,4,0,CHEMBL615051,Lassa virus,Mammarenavirus lassaense
CHEMBL2322785,CCCCOc1ccc(-n2cnc3cc(NCc4ccc(C(C)C)cc4)ccc32)cc1,C27H31N3O,YTRBYWWZMNOWSA-UHFFFAOYSA-N,"InChI=1S/C27H31N3O/c1-4-5-16-31-25-13-11-24(12-14-25)30-19-29-26-17-23(10-15-27(26)30)28-18-21-6-8-22(9-7-21)20(2)3/h6-15,17,19-20,28H,4-5,16,18H2,1-3H3",413.57,Small molecule,5.6,nM,'=',EC50,8.25,6.94,39.08,4,1,9,0.3,31,4,1,CHEMBL615051,Lassa virus,Mammarenavirus lassaense
CHEMBL563427,O=C(c1cc2ccccc2o1)N1CCN[C@@H](Cc2ccccc2)C1,C20H20N2O2,HCKHQWJMBUCPFW-KRWDZBQOSA-N,"InChI=1S/C20H20N2O2/c23-20(19-13-16-8-4-5-9-18(16)24-19)22-11-10-21-17(14-22)12-15-6-2-1-3-7-15/h1-9,13,17,21H,10-12,14H2/t17-/m0/s1",320.39,Small molecule,,,,IC50,,3.09,45.48,3,1,3,0.81,24,3,0,CHEMBL615051,Lassa virus,Mammarenavirus lassaense
CHEMBL2322817,CCOc1ccc(-n2cnc3cc(NCc4ccc(C)nc4)ccc32)cc1,C22H22N4O,IBYKLOHNGXSCRZ-UHFFFAOYSA-N,"InChI=1S/C22H22N4O/c1-3-27-20-9-7-19(8-10-20)26-15-25-21-12-18(6-11-22(21)26)24-14-17-5-4-16(2)23-13-17/h4-13,15,24H,3,14H2,1-2H3",358.45,Small molecule,240.0,nM,'=',EC50,6.62,4.74,51.97,5,1,6,0.54,27,4,0,CHEMBL615051,Lassa virus,Mammarenavirus lassaense
CHEMBL551961,COc1ccc(CN2C(=O)CN(C(=O)c3cc4ccccc4o3)CC2CCc2ccccc2)cc1,C29H28N2O4,ZOHNJGGAOGJSFT-UHFFFAOYSA-N,"InChI=1S/C29H28N2O4/c1-34-25-15-12-22(13-16-25)18-31-24(14-11-21-7-3-2-4-8-21)19-30(20-28(31)32)29(33)27-17-23-9-5-6-10-26(23)35-27/h2-10,12-13,15-17,24H,11,14,18-20H2,1H3",468.55,Small molecule,1000.0,nM,'=',IC50,6.0,4.93,62.99,4,0,7,0.39,35,4,0,CHEMBL615051,Lassa virus,Mammarenavirus lassaense
CHEMBL563809,O=C(c1cc2ccccc2o1)N1CC(=O)N(Cc2ccc(Cl)cc2)C(Cc2ccccc2)C1,C27H23ClN2O3,YZHRYHBDHPSVDA-UHFFFAOYSA-N,"InChI=1S/C27H23ClN2O3/c28-22-12-10-20(11-13-22)16-30-23(14-19-6-2-1-3-7-19)17-29(18-26(30)31)27(32)25-15-21-8-4-5-9-24(21)33-25/h1-13,15,23H,14,16-18H2",458.95,Small molecule,800.0,nM,'=',IC50,6.1,5.18,53.76,3,0,5,0.41,33,4,1,CHEMBL615051,Lassa virus,Mammarenavirus lassaense
CHEMBL563380,CCC1CN(C(=O)c2cc3ccccc3[nH]2)CC(=O)N1Cc1cccc(C(F)(F)F)c1,C23H22F3N3O2,WEKIESZILYKISQ-UHFFFAOYSA-N,"InChI=1S/C23H22F3N3O2/c1-2-18-13-28(22(31)20-11-16-7-3-4-9-19(16)27-20)14-21(30)29(18)12-15-6-5-8-17(10-15)23(24,25)26/h3-11,18,27H,2,12-14H2,1H3",429.44,Small molecule,2400.0,nM,'=',IC50,5.62,4.45,56.41,2,1,4,0.67,31,3,0,CHEMBL615051,Lassa virus,Mammarenavirus lassaense
CHEMBL564774,Cc1ccc(CN2CCN(C(=O)c3cc4ccccc4o3)C[C@@H]2Cc2ccccc2)cc1,C28H28N2O2,HULWOOGEHDFSNJ-VWLOTQADSA-N,"InChI=1S/C28H28N2O2/c1-21-11-13-23(14-12-21)19-29-15-16-30(20-25(29)17-22-7-3-2-4-8-22)28(31)27-18-24-9-5-6-10-26(24)32-27/h2-14,18,25H,15-17,19-20H2,1H3/t25-/m0/s1",424.54,Small molecule,3100.0,nM,'=',IC50,5.51,5.31,36.69,3,0,5,0.44,32,4,1,CHEMBL615051,Lassa virus,Mammarenavirus lassaense
CHEMBL549969,O=C(c1cc2ccccc2s1)N1CC(=O)N(Cc2ccc(Cl)cc2)C(Cc2ccccc2)C1,C27H23ClN2O2S,ROYNSRXQTNXWFN-UHFFFAOYSA-N,"InChI=1S/C27H23ClN2O2S/c28-22-12-10-20(11-13-22)16-30-23(14-19-6-2-1-3-7-19)17-29(18-26(30)31)27(32)25-15-21-8-4-5-9-24(21)33-25/h1-13,15,23H,14,16-18H2",475.01,Small molecule,2100.0,nM,'=',IC50,5.68,5.65,40.62,3,0,5,0.37,33,4,1,CHEMBL615051,Lassa virus,Mammarenavirus lassaense
CHEMBL550698,COc1ccc(CN2C(=O)CN(C(=O)c3cc4ccccc4[nH]3)CC2CCc2ccccc2)cc1,C29H29N3O3,VOZZSJSBAWXSMW-UHFFFAOYSA-N,"InChI=1S/C29H29N3O3/c1-35-25-15-12-22(13-16-25)18-32-24(14-11-21-7-3-2-4-8-21)19-31(20-28(32)33)29(34)27-17-23-9-5-6-10-26(23)30-27/h2-10,12-13,15-17,24,30H,11,14,18-20H2,1H3",467.57,Small molecule,1700.0,nM,'=',IC50,5.77,4.66,65.64,3,1,7,0.43,35,4,0,CHEMBL615051,Lassa virus,Mammarenavirus lassaense
CHEMBL559776,COc1ccc(CN2C(=O)CN(C(=O)c3cc4ccccc4[nH]3)CC2Cc2ccccc2)cc1,C28H27N3O3,VBDROVXNVIMRJQ-UHFFFAOYSA-N,"InChI=1S/C28H27N3O3/c1-34-24-13-11-21(12-14-24)17-31-23(15-20-7-3-2-4-8-20)18-30(19-27(31)32)28(33)26-16-22-9-5-6-10-25(22)29-26/h2-14,16,23,29H,15,17-19H2,1H3",453.54,Small molecule,1200.0,nM,'=',IC50,5.92,4.27,65.64,3,1,6,0.47,34,4,0,CHEMBL615051,Lassa virus,Mammarenavirus lassaense
CHEMBL563908,COc1ccc(CN2C(=O)CN(C(=O)c3cc4ccccc4o3)CC2Cc2ccccc2)cc1,C28H26N2O4,OFBSJEXCAHSCKK-UHFFFAOYSA-N,"InChI=1S/C28H26N2O4/c1-33-24-13-11-21(12-14-24)17-30-23(15-20-7-3-2-4-8-20)18-29(19-27(30)31)28(32)26-16-22-9-5-6-10-25(22)34-26/h2-14,16,23H,15,17-19H2,1H3",454.53,Small molecule,600.0,nM,'=',IC50,6.22,4.54,62.99,4,0,6,0.43,34,4,0,CHEMBL615051,Lassa virus,Mammarenavirus lassaense
CHEMBL2314869,CCc1ccc(CNc2cnc3c(c2)ncn3-c2ccc(O)cc2)cc1,C21H20N4O,NMWXGNOBEGGAOE-UHFFFAOYSA-N,"InChI=1S/C21H20N4O/c1-2-15-3-5-16(6-4-15)12-22-17-11-20-21(23-13-17)25(14-24-20)18-7-9-19(26)10-8-18/h3-11,13-14,22,26H,2,12H2,1H3",344.42,Small molecule,19.0,nM,'=',EC50,7.72,4.3,62.97,5,2,5,0.57,26,4,0,CHEMBL615051,Lassa virus,Mammarenavirus lassaense
CHEMBL2314882,CCOc1ccc(-n2c(C(=O)O)nc3cc(NCc4ccc(CC)cc4)ccc32)cc1,C25H25N3O3,LFJLIAFKBPAFIB-UHFFFAOYSA-N,"InChI=1S/C25H25N3O3/c1-3-17-5-7-18(8-6-17)16-26-19-9-14-23-22(15-19)27-24(25(29)30)28(23)20-10-12-21(13-11-20)31-4-2/h5-15,26H,3-4,16H2,1-2H3,(H,29,30)",415.49,Small molecule,1.5,nM,'=',EC50,8.82,5.3,76.38,5,2,8,0.41,31,4,1,CHEMBL615051,Lassa virus,Mammarenavirus lassaense
CHEMBL2314879,CCOc1ccc(-n2c(C)nc3cc(NCc4ccc(CC)cc4)ccc32)cc1,C25H27N3O,WQCVQWQEINYQSG-UHFFFAOYSA-N,"InChI=1S/C25H27N3O/c1-4-19-6-8-20(9-7-19)17-26-21-10-15-25-24(16-21)27-18(3)28(25)22-11-13-23(14-12-22)29-5-2/h6-16,26H,4-5,17H2,1-3H3",385.51,Small molecule,1.9,nM,'=',EC50,8.72,5.91,39.08,4,1,7,0.43,29,4,1,CHEMBL615051,Lassa virus,Mammarenavirus lassaense
CHEMBL2314877,CCOc1ccc(-n2cnc3cc(NCc4ccc(CC)c(CN)c4)cnc32)cc1,C24H27N5O,CYPBJHYRANASMX-UHFFFAOYSA-N,"InChI=1S/C24H27N5O/c1-3-18-6-5-17(11-19(18)13-25)14-26-20-12-23-24(27-15-20)29(16-28-23)21-7-9-22(10-8-21)30-4-2/h5-12,15-16,26H,3-4,13-14,25H2,1-2H3",401.51,Small molecule,26.0,nM,'=',EC50,7.58,4.45,77.99,6,2,8,0.46,30,4,0,CHEMBL615051,Lassa virus,Mammarenavirus lassaense
CHEMBL2314871,CCc1ccc(CNc2cnc3c(c2)ncn3-c2ccc(OCCN(C)C)cc2)cc1,C25H29N5O,GVWZCRYRWNQTNW-UHFFFAOYSA-N,"InChI=1S/C25H29N5O/c1-4-19-5-7-20(8-6-19)16-26-21-15-24-25(27-17-21)30(18-28-24)22-9-11-23(12-10-22)31-14-13-29(2)3/h5-12,15,17-18,26H,4,13-14,16H2,1-3H3",415.54,Small molecule,80.0,nM,'=',EC50,7.1,4.54,55.21,6,1,9,0.44,31,4,0,CHEMBL615051,Lassa virus,Mammarenavirus lassaense
CHEMBL2322802,COc1ccc(-n2cnc3cc(NCc4ccc(Cl)cc4)ccc32)cc1,C21H18ClN3O,WZZXYDZGTLLJGD-UHFFFAOYSA-N,"InChI=1S/C21H18ClN3O/c1-26-19-9-7-18(8-10-19)25-14-24-20-12-17(6-11-21(20)25)23-13-15-2-4-16(22)5-3-15/h2-12,14,23H,13H2,1H3",363.85,Small molecule,47.0,nM,'=',EC50,7.33,5.3,39.08,4,1,5,0.52,26,4,1,CHEMBL615051,Lassa virus,Mammarenavirus lassaense
CHEMBL2322799,CCOc1ccc(CNc2ccc3c(c2)ncn3-c2ccc(OC)cc2)cc1,C23H23N3O2,XDOLHGQIESJYPU-UHFFFAOYSA-N,"InChI=1S/C23H23N3O2/c1-3-28-21-9-4-17(5-10-21)15-24-18-6-13-23-22(14-18)25-16-26(23)19-7-11-20(27-2)12-8-19/h4-14,16,24H,3,15H2,1-2H3",373.46,Small molecule,4.0,nM,'=',EC50,8.4,5.04,48.31,5,1,7,0.49,28,4,1,CHEMBL615051,Lassa virus,Mammarenavirus lassaense
CHEMBL2322796,CCc1ccc(CNc2ccc3c(c2)ncn3-c2ccc(OC)cc2)cc1,C23H23N3O,QCOOXQIBLRSNNZ-UHFFFAOYSA-N,"InChI=1S/C23H23N3O/c1-3-17-4-6-18(7-5-17)15-24-19-8-13-23-22(14-19)25-16-26(23)20-9-11-21(27-2)12-10-20/h4-14,16,24H,3,15H2,1-2H3",357.46,Small molecule,1.2,nM,'=',EC50,8.92,5.21,39.08,4,1,6,0.51,27,4,1,CHEMBL615051,Lassa virus,Mammarenavirus lassaense
CHEMBL1444012,COc1ccc(-n2cnc3cc(NCc4ccco4)ccc32)cc1,C19H17N3O2,JLKSRLWXOIXKNK-UHFFFAOYSA-N,"InChI=1S/C19H17N3O2/c1-23-16-7-5-15(6-8-16)22-13-21-18-11-14(4-9-19(18)22)20-12-17-3-2-10-24-17/h2-11,13,20H,12H2,1H3",319.36,Small molecule,1200.0,nM,'=',EC50,5.92,4.24,52.22,5,1,5,0.6,24,4,0,CHEMBL615051,Lassa virus,Mammarenavirus lassaense
CHEMBL2322806,COc1ccc(-n2cnc3cc(NCc4ccc(OCCN(C)C)cc4)ccc32)cc1,C25H28N4O2,PSZMBCZQDUQQCV-UHFFFAOYSA-N,"InChI=1S/C25H28N4O2/c1-28(2)14-15-31-23-9-4-19(5-10-23)17-26-20-6-13-25-24(16-20)27-18-29(25)21-7-11-22(30-3)12-8-21/h4-13,16,18,26H,14-15,17H2,1-3H3",416.53,Small molecule,3300.0,nM,'=',EC50,5.48,4.59,51.55,6,1,9,0.43,31,4,0,CHEMBL615051,Lassa virus,Mammarenavirus lassaense
CHEMBL2435291,CC(C)/C(=N\NC(=O)[C@H]1C[C@H]1c1ccccc1)c1ccccc1,C20H22N2O,RBWJKFBVGTZIHP-MDYJUBHLSA-N,"InChI=1S/C20H22N2O/c1-14(2)19(16-11-7-4-8-12-16)21-22-20(23)18-13-17(18)15-9-5-3-6-10-15/h3-12,14,17-18H,13H2,1-2H3,(H,22,23)/b21-19+/t17-,18-/m0/s1",306.41,Small molecule,850.0,nM,'=',EC50,6.07,3.97,41.46,2,1,5,0.66,23,2,0,CHEMBL615051,Lassa virus,Mammarenavirus lassaense
CHEMBL2435312,C/C(=N\NC(=O)[C@@H]1C[C@H]1c1ccccc1)c1ccc(C2CCCCC2)cc1,C24H28N2O,XDQVGZCHPZGOBG-ZILGIFHJSA-N,"InChI=1S/C24H28N2O/c1-17(18-12-14-20(15-13-18)19-8-4-2-5-9-19)25-26-24(27)23-16-22(23)21-10-6-3-7-11-21/h3,6-7,10-15,19,22-23H,2,4-5,8-9,16H2,1H3,(H,26,27)/b25-17+/t22-,23+/m0/s1",360.5,Small molecule,24.0,nM,'=',EC50,7.62,5.38,41.46,2,1,5,0.56,27,2,1,CHEMBL615051,Lassa virus,Mammarenavirus lassaense
CHEMBL2435306,C/C(=N\NC(=O)[C@@H]1C[C@H]1c1ccccc1)c1ccc(C)cc1,C19H20N2O,DHSJROPFTIYQDU-TZGKDVFTSA-N,"InChI=1S/C19H20N2O/c1-13-8-10-15(11-9-13)14(2)20-21-19(22)18-12-17(18)16-6-4-3-5-7-16/h3-11,17-18H,12H2,1-2H3,(H,21,22)/b20-14+/t17-,18+/m0/s1",292.38,Small molecule,9.0,nM,'=',EC50,8.05,3.64,41.46,2,1,4,0.68,22,2,0,CHEMBL615051,Lassa virus,Mammarenavirus lassaense
CHEMBL2435297,C/C(=N\NC(=O)[C@@H]1C[C@H]1c1ccccc1)c1ccc(Br)cc1,C18H17BrN2O,BRYQZWFFSUNEHV-QWSZEGLUSA-N,"InChI=1S/C18H17BrN2O/c1-12(13-7-9-15(19)10-8-13)20-21-18(22)17-11-16(17)14-5-3-2-4-6-14/h2-10,16-17H,11H2,1H3,(H,21,22)/b20-12+/t16-,17+/m0/s1",357.25,Small molecule,470.0,nM,'=',EC50,6.33,4.09,41.46,2,1,4,0.65,22,2,0,CHEMBL615051,Lassa virus,Mammarenavirus lassaense
CHEMBL2322784,CC(C)c1ccc(CNc2ccc3c(c2)ncn3-c2ccc(C(C)(C)C)cc2)cc1,C27H31N3,LAMFXYORUSJJHT-UHFFFAOYSA-N,"InChI=1S/C27H31N3/c1-19(2)21-8-6-20(7-9-21)17-28-23-12-15-26-25(16-23)29-18-30(26)24-13-10-22(11-14-24)27(3,4)5/h6-16,18-19,28H,17H2,1-5H3",397.57,Small molecule,4.0,nM,'=',EC50,8.4,7.06,29.85,3,1,5,0.39,30,4,1,CHEMBL615051,Lassa virus,Mammarenavirus lassaense
CHEMBL4859320,CC(C)Oc1ccc(-c2cnc3ccc(-c4ccc(O)cc4)cn23)cc1,C22H20N2O2,XMNMRQXUAYDCAP-UHFFFAOYSA-N,"InChI=1S/C22H20N2O2/c1-15(2)26-20-10-5-17(6-11-20)21-13-23-22-12-7-18(14-24(21)22)16-3-8-19(25)9-4-16/h3-15,25H,1-2H3",344.41,Unknown,2.69,nM,'=',EC50,8.57,5.16,46.76,4,1,4,0.56,26,4,1,CHEMBL615051,Lassa virus,Mammarenavirus lassaense
CHEMBL4854571,CC(C)Oc1ccc(-c2cnc3ccc(-c4ccc(OC(F)F)cc4)cn23)cc1,C23H20F2N2O2,JQVLSHNSQDIEEQ-UHFFFAOYSA-N,"InChI=1S/C23H20F2N2O2/c1-15(2)28-19-10-5-17(6-11-19)21-13-26-22-12-7-18(14-27(21)22)16-3-8-20(9-4-16)29-23(24)25/h3-15,23H,1-2H3",394.42,Unknown,4.35,nM,'=',EC50,8.36,6.06,35.76,4,0,6,0.4,29,4,1,CHEMBL615051,Lassa virus,Mammarenavirus lassaense
CHEMBL4850426,CC(C)Oc1ccc(-c2cnc3ccc(-c4ccc(OC(C)(C)O)cc4)cn23)cc1,C25H26N2O3,QDGCHKAKSPZJNP-UHFFFAOYSA-N,"InChI=1S/C25H26N2O3/c1-17(2)29-21-10-7-19(8-11-21)23-15-26-24-14-9-20(16-27(23)24)18-5-12-22(13-6-18)30-25(3,4)28/h5-17,28H,1-4H3",402.49,Unknown,1.11,nM,'=',EC50,8.96,5.56,55.99,5,1,6,0.43,30,4,1,CHEMBL615051,Lassa virus,Mammarenavirus lassaense
CHEMBL4865537,CC(C)Oc1ccc(-c2cnc3ccc(-c4ccc(C(N)=O)cc4)cn23)cc1,C23H21N3O2,UJCWRRKRMRZDJJ-UHFFFAOYSA-N,"InChI=1S/C23H21N3O2/c1-15(2)28-20-10-7-17(8-11-20)21-13-25-22-12-9-19(14-26(21)22)16-3-5-18(6-4-16)23(24)27/h3-15H,1-2H3,(H2,24,27)",371.44,Unknown,25.0,nM,'>',EC50,,4.55,69.62,4,1,5,0.56,28,4,0,CHEMBL615051,Lassa virus,Mammarenavirus lassaense
CHEMBL4868358,Cc1cc(OC(C)C)ccc1-c1ccc2ncc(-c3ccc(OC(C)C)cc3)n2c1,C26H28N2O2,SARQVHPWAQYFRD-UHFFFAOYSA-N,"InChI=1S/C26H28N2O2/c1-17(2)29-22-9-6-20(7-10-22)25-15-27-26-13-8-21(16-28(25)26)24-12-11-23(14-19(24)5)30-18(3)4/h6-18H,1-5H3",400.52,Unknown,18.13,nM,'=',EC50,7.74,6.55,35.76,4,0,6,0.37,30,4,1,CHEMBL615051,Lassa virus,Mammarenavirus lassaense
CHEMBL4874472,CC(C)Oc1ccc(-c2cn3c(-c4ccc(OC(C)C)cc4)cnc3cc2C#N)cc1,C26H25N3O2,IQYKBLJKDWXZIU-UHFFFAOYSA-N,"InChI=1S/C26H25N3O2/c1-17(2)30-22-9-5-19(6-10-22)24-16-29-25(15-28-26(29)13-21(24)14-27)20-7-11-23(12-8-20)31-18(3)4/h5-13,15-18H,1-4H3",411.51,Unknown,1.4,nM,'=',EC50,8.85,6.11,59.55,5,0,6,0.38,31,4,1,CHEMBL615051,Lassa virus,Mammarenavirus lassaense
CHEMBL4846159,CC(C)Oc1ccc(-c2ccc3ncn(-c4ccc(OC(C)C)cc4)c3n2)cc1,C24H25N3O2,AIGFXGSSYIGCDV-UHFFFAOYSA-N,"InChI=1S/C24H25N3O2/c1-16(2)28-20-9-5-18(6-10-20)22-13-14-23-24(26-22)27(15-25-23)19-7-11-21(12-8-19)29-17(3)4/h5-17H,1-4H3",387.48,Unknown,0.82,nM,'=',EC50,9.09,5.66,49.17,5,0,6,0.43,29,4,1,CHEMBL615051,Lassa virus,Mammarenavirus lassaense
CHEMBL4861968,CC(C)Oc1ccc(-c2cnc3ncc(-c4ccc(OC(C)C)cc4)n3c2)cc1,C24H25N3O2,RTIDRXNVEIDIIT-UHFFFAOYSA-N,"InChI=1S/C24H25N3O2/c1-16(2)28-21-9-5-18(6-10-21)20-13-25-24-26-14-23(27(24)15-20)19-7-11-22(12-8-19)29-17(3)4/h5-17H,1-4H3",387.48,Unknown,1.24,nM,'=',EC50,8.91,5.64,48.65,5,0,6,0.43,29,4,1,CHEMBL615051,Lassa virus,Mammarenavirus lassaense
CHEMBL4877127,CC(C)Oc1ccc(-c2ccc3ccn(-c4ccc(OC(C)C)cc4)c3c2)cc1,C26H27NO2,YNJMEMFHKOOQNV-UHFFFAOYSA-N,"InChI=1S/C26H27NO2/c1-18(2)28-24-11-7-20(8-12-24)22-6-5-21-15-16-27(26(21)17-22)23-9-13-25(14-10-23)29-19(3)4/h5-19H,1-4H3",385.51,Unknown,25.0,nM,'>',EC50,,6.87,23.39,3,0,6,0.36,29,4,1,CHEMBL615051,Lassa virus,Mammarenavirus lassaense
CHEMBL2435319,C/C(=N\NC(=O)[C@@H]1C[C@H]1c1ccc(C(C)(C)C)cc1)c1ccccc1,C22H26N2O,MGZTVXXLNUOWSZ-MTAMYTDCSA-N,"InChI=1S/C22H26N2O/c1-15(16-8-6-5-7-9-16)23-24-21(25)20-14-19(20)17-10-12-18(13-11-17)22(2,3)4/h5-13,19-20H,14H2,1-4H3,(H,24,25)/b23-15+/t19-,20+/m0/s1",334.46,Small molecule,15.0,nM,'=',EC50,7.82,4.63,41.46,2,1,4,0.64,25,2,0,CHEMBL615051,Lassa virus,Mammarenavirus lassaense
CHEMBL2435305,C/C(=N\NC(=O)[C@@H]1C[C@H]1c1ccccc1)c1cccc(C)c1,C19H20N2O,AACQGPALHLAWFZ-TZGKDVFTSA-N,"InChI=1S/C19H20N2O/c1-13-7-6-10-16(11-13)14(2)20-21-19(22)18-12-17(18)15-8-4-3-5-9-15/h3-11,17-18H,12H2,1-2H3,(H,21,22)/b20-14+/t17-,18+/m0/s1",292.38,Small molecule,58.0,nM,'=',EC50,7.24,3.64,41.46,2,1,4,0.68,22,2,0,CHEMBL615051,Lassa virus,Mammarenavirus lassaense
CHEMBL2315138,CCOc1ccc(-n2c(C(N)=O)nc3cc(NCc4ccc(CC)cc4)ccc32)cc1,C25H26N4O2,YMQDIPBWGURVRJ-UHFFFAOYSA-N,"InChI=1S/C25H26N4O2/c1-3-17-5-7-18(8-6-17)16-27-19-9-14-23-22(15-19)28-25(24(26)30)29(23)20-10-12-21(13-11-20)31-4-2/h5-15,27H,3-4,16H2,1-2H3,(H2,26,30)",414.51,Small molecule,9.2,nM,'=',EC50,8.04,4.7,82.17,5,2,8,0.44,31,4,0,CHEMBL615051,Lassa virus,Mammarenavirus lassaense
CHEMBL2314872,CCc1ccc(CNc2cnc3c(c2)ncn3-c2ccc(NC(C)=O)cc2)cc1,C23H23N5O,MDKUCGLTNHPIOL-UHFFFAOYSA-N,"InChI=1S/C23H23N5O/c1-3-17-4-6-18(7-5-17)13-24-20-12-22-23(25-14-20)28(15-26-22)21-10-8-19(9-11-21)27-16(2)29/h4-12,14-15,24H,3,13H2,1-2H3,(H,27,29)",385.47,Small molecule,11.0,nM,'=',EC50,7.96,4.55,71.84,5,2,6,0.51,29,4,0,CHEMBL615051,Lassa virus,Mammarenavirus lassaense
CHEMBL2314866,CCOc1ccc(-n2cnc3cc(NCCCc4ccc(CC)cc4)cnc32)cc1,C25H28N4O,VQTSWULCRQZZGQ-UHFFFAOYSA-N,"InChI=1S/C25H28N4O/c1-3-19-7-9-20(10-8-19)6-5-15-26-21-16-24-25(27-17-21)29(18-28-24)22-11-13-23(14-12-22)30-4-2/h7-14,16-18,26H,3-6,15H2,1-2H3",400.53,Small molecule,210.0,nM,'=',EC50,6.68,5.43,51.97,5,1,9,0.38,30,4,1,CHEMBL615051,Lassa virus,Mammarenavirus lassaense
CHEMBL4858248,Cc1cc2ncc(-c3ccc(OC(C)C)cc3)n2cc1-c1ccc(OC(C)C)cc1,C26H28N2O2,MJQQLLCMNOALHJ-UHFFFAOYSA-N,"InChI=1S/C26H28N2O2/c1-17(2)29-22-10-6-20(7-11-22)24-16-28-25(15-27-26(28)14-19(24)5)21-8-12-23(13-9-21)30-18(3)4/h6-18H,1-5H3",400.52,Unknown,1.0,nM,'<',EC50,,6.55,35.76,4,0,6,0.37,30,4,1,CHEMBL615051,Lassa virus,Mammarenavirus lassaense
CHEMBL4874618,Cc1cc2ncn(-c3ccc(OC(C)(C)C)cc3)c2cc1-c1ccc(OC(C)(C)O)cc1,C27H30N2O3,JFMDUXOMXORZSY-UHFFFAOYSA-N,"InChI=1S/C27H30N2O3/c1-18-15-24-25(16-23(18)19-7-11-22(12-8-19)32-27(5,6)30)29(17-28-24)20-9-13-21(14-10-20)31-26(2,3)4/h7-17,30H,1-6H3",430.55,Unknown,0.3,nM,'<',EC50,,6.29,56.51,5,1,5,0.38,32,4,1,CHEMBL615051,Lassa virus,Mammarenavirus lassaense
CHEMBL4874618,Cc1cc2ncn(-c3ccc(OC(C)(C)C)cc3)c2cc1-c1ccc(OC(C)(C)O)cc1,C27H30N2O3,JFMDUXOMXORZSY-UHFFFAOYSA-N,"InChI=1S/C27H30N2O3/c1-18-15-24-25(16-23(18)19-7-11-22(12-8-19)32-27(5,6)30)29(17-28-24)20-9-13-21(14-10-20)31-26(2,3)4/h7-17,30H,1-6H3",430.55,Unknown,0.3,nM,'<',EC90,,6.29,56.51,5,1,5,0.38,32,4,1,CHEMBL615051,Lassa virus,Mammarenavirus lassaense
CHEMBL4860462,CC(C)Oc1ccc(-c2cnc3ccc(-c4ccc(OC5CC5)cc4)cn23)cc1,C25H24N2O2,VBZWBVPMNIGJLL-UHFFFAOYSA-N,"InChI=1S/C25H24N2O2/c1-17(2)28-21-10-5-19(6-11-21)24-15-26-25-14-7-20(16-27(24)25)18-3-8-22(9-4-18)29-23-12-13-23/h3-11,14-17,23H,12-13H2,1-2H3",384.48,Unknown,7.25,nM,'=',EC50,8.14,6.0,35.76,4,0,6,0.41,29,4,1,CHEMBL615051,Lassa virus,Mammarenavirus lassaense
CHEMBL4852706,CC(C)Nc1ccc(-c2ccc3ncc(-c4ccc(OC(C)C)cc4)n3c2)cc1,C25H27N3O,CCOSDLSFBBKEJE-UHFFFAOYSA-N,"InChI=1S/C25H27N3O/c1-17(2)27-22-10-5-19(6-11-22)21-9-14-25-26-15-24(28(25)16-21)20-7-12-23(13-8-20)29-18(3)4/h5-18,27H,1-4H3",385.51,Unknown,0.56,nM,'=',EC50,9.25,6.28,38.56,4,1,6,0.42,29,4,1,CHEMBL615051,Lassa virus,Mammarenavirus lassaense
CHEMBL4853959,CC(C)Oc1ccc(-c2ccc3ncc(-c4ccc(OC(C)(C)O)cc4)n3c2)cc1,C25H26N2O3,FPAUWMDCYCIXMC-UHFFFAOYSA-N,"InChI=1S/C25H26N2O3/c1-17(2)29-21-10-5-18(6-11-21)20-9-14-24-26-15-23(27(24)16-20)19-7-12-22(13-8-19)30-25(3,4)28/h5-17,28H,1-4H3",402.49,Unknown,0.85,nM,'=',EC50,9.07,5.56,55.99,5,1,6,0.43,30,4,1,CHEMBL615051,Lassa virus,Mammarenavirus lassaense
CHEMBL4869681,CC(=O)c1ccc(-c2cnc3ccc(-c4ccc(OC(C)C)cc4)cn23)cc1,C24H22N2O2,QLNYVYRMBOZGJA-UHFFFAOYSA-N,"InChI=1S/C24H22N2O2/c1-16(2)28-22-11-8-19(9-12-22)21-10-13-24-25-14-23(26(24)15-21)20-6-4-18(5-7-20)17(3)27/h4-16H,1-3H3",370.45,Unknown,0.67,nM,'=',EC50,9.17,5.66,43.6,4,0,5,0.43,28,4,1,CHEMBL615051,Lassa virus,Mammarenavirus lassaense
CHEMBL2314864,CCOc1ccc(-n2cnc3cc(NCc4ccc(CC)cc4)cc(N)c32)cc1,C24H26N4O,NFFJMBRFWIPREV-UHFFFAOYSA-N,"InChI=1S/C24H26N4O/c1-3-17-5-7-18(8-6-17)15-26-19-13-22(25)24-23(14-19)27-16-28(24)20-9-11-21(12-10-20)29-4-2/h5-14,16,26H,3-4,15,25H2,1-2H3",386.5,Small molecule,620.0,nM,'=',EC50,6.21,5.18,65.1,5,2,7,0.43,29,4,1,CHEMBL615051,Lassa virus,Mammarenavirus lassaense
CHEMBL2314861,CCOc1ccc(-n2c(O)nc3cc(NCc4ccc(CC)cc4)ccc32)cc1,C24H25N3O2,ZJZCZWSUYCMLLQ-UHFFFAOYSA-N,"InChI=1S/C24H25N3O2/c1-3-17-5-7-18(8-6-17)16-25-19-9-14-23-22(15-19)26-24(28)27(23)20-10-12-21(13-11-20)29-4-2/h5-15,25H,3-4,16H2,1-2H3,(H,26,28)",387.48,Small molecule,1800.0,nM,'=',EC50,5.75,5.3,59.31,5,2,7,0.45,29,4,1,CHEMBL615051,Lassa virus,Mammarenavirus lassaense
CHEMBL2435324,C/C(=N\NC(=O)[C@@H]1C[C@H]1c1ccc(C(C)(C)C)cc1)c1cccc(NC(=O)c2ccccc2F)c1,C29H30FN3O2,FWPPNHQXHLKRAG-PHCKCDHCSA-N,"InChI=1S/C29H30FN3O2/c1-18(20-8-7-9-22(16-20)31-27(34)23-10-5-6-11-26(23)30)32-33-28(35)25-17-24(25)19-12-14-21(15-13-19)29(2,3)4/h5-16,24-25H,17H2,1-4H3,(H,31,34)(H,33,35)/b32-18+/t24-,25+/m0/s1",471.58,Small molecule,770.0,nM,'=',EC50,6.11,6.02,70.56,3,2,6,0.34,35,3,1,CHEMBL615051,Lassa virus,Mammarenavirus lassaense
CHEMBL2435320,C/C(=N\NC(=O)[C@@H]1C[C@H]1c1ccc(C(C)(C)C)cc1)c1ccc(Cl)cc1,C22H25ClN2O,DZXGDLAKZTXDBZ-MJEARJAWSA-N,"InChI=1S/C22H25ClN2O/c1-14(15-7-11-18(23)12-8-15)24-25-21(26)20-13-19(20)16-5-9-17(10-6-16)22(2,3)4/h5-12,19-20H,13H2,1-4H3,(H,25,26)/b24-14+/t19-,20+/m0/s1",368.91,Small molecule,6.6,nM,'=',EC50,8.18,5.28,41.46,2,1,4,0.58,26,2,1,CHEMBL615051,Lassa virus,Mammarenavirus lassaense
CHEMBL2435317,C/C(=N\NC(=O)[C@@H]1C[C@H]1c1ccccc1)c1ccc(NC(=O)c2ccc(Cl)s2)cc1,C23H20ClN3O2S,MHBOIXIRRGUIRO-BMUMKFGQSA-N,"InChI=1S/C23H20ClN3O2S/c1-14(26-27-22(28)19-13-18(19)16-5-3-2-4-6-16)15-7-9-17(10-8-15)25-23(29)20-11-12-21(24)30-20/h2-12,18-19H,13H2,1H3,(H,25,29)(H,27,28)/b26-14+/t18-,19+/m0/s1",437.95,Small molecule,0.95,nM,'=',EC50,9.02,5.3,70.56,4,2,6,0.41,30,3,1,CHEMBL615051,Lassa virus,Mammarenavirus lassaense
CHEMBL2435308,C/C(=N\NC(=O)[C@@H]1C[C@H]1c1ccccc1)c1ccc(C)cc1C,C20H22N2O,UPULGZMUAHGMHN-CDDVYSJNSA-N,"InChI=1S/C20H22N2O/c1-13-9-10-17(14(2)11-13)15(3)21-22-20(23)19-12-18(19)16-7-5-4-6-8-16/h4-11,18-19H,12H2,1-3H3,(H,22,23)/b21-15+/t18-,19+/m0/s1",306.41,Small molecule,170.0,nM,'=',EC50,6.77,3.95,41.46,2,1,4,0.67,23,2,0,CHEMBL615051,Lassa virus,Mammarenavirus lassaense
CHEMBL2435296,C/C(=N\NC(=O)[C@@H]1C[C@H]1c1ccccc1)c1cccc(Br)c1,C18H17BrN2O,JIOAKYSLHBPASE-QWSZEGLUSA-N,"InChI=1S/C18H17BrN2O/c1-12(14-8-5-9-15(19)10-14)20-21-18(22)17-11-16(17)13-6-3-2-4-7-13/h2-10,16-17H,11H2,1H3,(H,21,22)/b20-12+/t16-,17+/m0/s1",357.25,Small molecule,56.0,nM,'=',EC50,7.25,4.09,41.46,2,1,4,0.65,22,2,0,CHEMBL615051,Lassa virus,Mammarenavirus lassaense
CHEMBL563061,CCC1CN(C(=O)c2cc3ccccc3o2)CC(=O)N1Cc1cccc(C(F)(F)F)c1,C23H21F3N2O3,NGFKCWKFEQBOMP-UHFFFAOYSA-N,"InChI=1S/C23H21F3N2O3/c1-2-18-13-27(22(30)20-11-16-7-3-4-9-19(16)31-20)14-21(29)28(18)12-15-6-5-8-17(10-15)23(24,25)26/h3-11,18H,2,12-14H2,1H3",430.43,Small molecule,1600.0,nM,'=',IC50,5.8,4.71,53.76,3,0,4,0.6,31,3,0,CHEMBL615051,Lassa virus,Mammarenavirus lassaense
CHEMBL557292,Cc1ccc(CN2C(=O)CN(C(=O)c3cc4ccccc4o3)C[C@H]2Cc2ccccc2)cc1,C28H26N2O3,AUWNHKXYVROESW-XMMPIXPASA-N,"InChI=1S/C28H26N2O3/c1-20-11-13-22(14-12-20)17-30-24(15-21-7-3-2-4-8-21)18-29(19-27(30)31)28(32)26-16-23-9-5-6-10-25(23)33-26/h2-14,16,24H,15,17-19H2,1H3/t24-/m1/s1",438.53,Small molecule,3000.0,nM,'=',IC50,5.52,4.84,53.76,3,0,5,0.45,33,4,0,CHEMBL615051,Lassa virus,Mammarenavirus lassaense
CHEMBL2435315,C/C(=N\NC(=O)[C@@H]1C[C@H]1c1ccccc1)c1ccc(NC(=O)C2CC2)cc1,C22H23N3O2,PFIVUVPFOSVBPJ-MJEARJAWSA-N,"InChI=1S/C22H23N3O2/c1-14(15-9-11-18(12-10-15)23-21(26)17-7-8-17)24-25-22(27)20-13-19(20)16-5-3-2-4-6-16/h2-6,9-12,17,19-20H,7-8,13H2,1H3,(H,23,26)(H,25,27)/b24-14+/t19-,20+/m0/s1",361.45,Small molecule,2.1,nM,'=',EC50,8.68,3.68,70.56,3,2,6,0.61,27,2,0,CHEMBL615051,Lassa virus,Mammarenavirus lassaense
CHEMBL2435300,C/C(=N\NC(=O)[C@@H]1C[C@H]1c1ccccc1)c1ccccc1O,C18H18N2O2,ILGFDBLGQSZAHN-LNKBOXHWSA-N,"InChI=1S/C18H18N2O2/c1-12(14-9-5-6-10-17(14)21)19-20-18(22)16-11-15(16)13-7-3-2-4-8-13/h2-10,15-16,21H,11H2,1H3,(H,20,22)/b19-12+/t15-,16+/m0/s1",294.35,Small molecule,570.0,nM,'=',EC50,6.24,3.04,61.69,3,2,4,0.67,22,2,0,CHEMBL615051,Lassa virus,Mammarenavirus lassaense
CHEMBL2435298,C/C(=N\NC(=O)[C@@H]1C[C@H]1c1ccccc1)c1cccc([N+](=O)[O-])c1,C18H17N3O3,NVQHPGOTTFSGEK-LJNFXEMMSA-N,"InChI=1S/C18H17N3O3/c1-12(14-8-5-9-15(10-14)21(23)24)19-20-18(22)17-11-16(17)13-6-3-2-4-7-13/h2-10,16-17H,11H2,1H3,(H,20,22)/b19-12+/t16-,17+/m0/s1",323.35,Small molecule,250.0,nM,'=',EC50,6.6,3.24,84.6,4,1,5,0.52,24,2,0,CHEMBL615051,Lassa virus,Mammarenavirus lassaense
CHEMBL4858248,Cc1cc2ncc(-c3ccc(OC(C)C)cc3)n2cc1-c1ccc(OC(C)C)cc1,C26H28N2O2,MJQQLLCMNOALHJ-UHFFFAOYSA-N,"InChI=1S/C26H28N2O2/c1-17(2)29-22-10-6-20(7-11-22)24-16-28-25(15-27-26(28)14-19(24)5)21-8-12-23(13-9-21)30-18(3)4/h6-18H,1-5H3",400.52,Unknown,3.3,nM,'<',EC90,,6.55,35.76,4,0,6,0.37,30,4,1,CHEMBL615051,Lassa virus,Mammarenavirus lassaense
CHEMBL4874618,Cc1cc2ncn(-c3ccc(OC(C)(C)C)cc3)c2cc1-c1ccc(OC(C)(C)O)cc1,C27H30N2O3,JFMDUXOMXORZSY-UHFFFAOYSA-N,"InChI=1S/C27H30N2O3/c1-18-15-24-25(16-23(18)19-7-11-22(12-8-19)32-27(5,6)30)29(17-28-24)20-9-13-21(14-10-20)31-26(2,3)4/h7-17,30H,1-6H3",430.55,Unknown,3.3,nM,'<',EC90,,6.29,56.51,5,1,5,0.38,32,4,1,CHEMBL615051,Lassa virus,Mammarenavirus lassaense
CHEMBL4865651,Cc1cc(-c2ccc(OC(C)C)cc2)cn2c(-c3ccc(OC(C)C)cc3)cnc12,C26H28N2O2,YCCMWVSKUZBERI-UHFFFAOYSA-N,"InChI=1S/C26H28N2O2/c1-17(2)29-23-10-6-20(7-11-23)22-14-19(5)26-27-15-25(28(26)16-22)21-8-12-24(13-9-21)30-18(3)4/h6-18H,1-5H3",400.52,Unknown,15.48,nM,'=',EC50,7.81,6.55,35.76,4,0,6,0.37,30,4,1,CHEMBL615051,Lassa virus,Mammarenavirus lassaense
CHEMBL4865002,CC(C)Oc1ccc(-c2ccc3cnn(-c4ccc(OC(C)C)cc4)c3c2)cc1,C25H26N2O2,VIWCOGHNVAGBPG-UHFFFAOYSA-N,"InChI=1S/C25H26N2O2/c1-17(2)28-23-11-7-19(8-12-23)20-5-6-21-16-26-27(25(21)15-20)22-9-13-24(14-10-22)29-18(3)4/h5-18H,1-4H3",386.5,Unknown,25.0,nM,'>',EC50,,6.27,36.28,4,0,6,0.39,29,4,1,CHEMBL615051,Lassa virus,Mammarenavirus lassaense
CHEMBL4853054,CC(C)Oc1ccc(-c2ccc3ncc(-c4ccc(OC(C)C)cc4)n3n2)cc1,C24H25N3O2,KMKRHBSPYFQDKY-UHFFFAOYSA-N,"InChI=1S/C24H25N3O2/c1-16(2)28-20-9-5-18(6-10-20)22-13-14-24-25-15-23(27(24)26-22)19-7-11-21(12-8-19)29-17(3)4/h5-17H,1-4H3",387.48,Unknown,1.5,nM,'=',EC50,8.82,5.64,48.65,5,0,6,0.43,29,4,1,CHEMBL615051,Lassa virus,Mammarenavirus lassaense
CHEMBL561108,COc1ccc(CN2C(=O)CN(C(=O)c3cc4ccccc4s3)CC2CCc2ccccc2)cc1,C29H28N2O3S,YCOKNBKGMBFVCL-UHFFFAOYSA-N,"InChI=1S/C29H28N2O3S/c1-34-25-15-12-22(13-16-25)18-31-24(14-11-21-7-3-2-4-8-21)19-30(20-28(31)32)29(33)27-17-23-9-5-6-10-26(23)35-27/h2-10,12-13,15-17,24H,11,14,18-20H2,1H3",484.62,Small molecule,500.0,nM,'=',IC50,6.3,5.4,49.85,4,0,7,0.35,35,4,1,CHEMBL615051,Lassa virus,Mammarenavirus lassaense
CHEMBL562312,Cc1ccc(CN2C(=O)CN(Cc3cc4ccccc4o3)C[C@@H]2Cc2ccccc2)cc1,C28H28N2O2,QFUNALOZTHXHBW-VWLOTQADSA-N,"InChI=1S/C28H28N2O2/c1-21-11-13-23(14-12-21)17-30-25(15-22-7-3-2-4-8-22)18-29(20-28(30)31)19-26-16-24-9-5-6-10-27(24)32-26/h2-14,16,25H,15,17-20H2,1H3/t25-/m0/s1",424.54,Small molecule,10000.0,nM,'=',IC50,5.0,5.2,36.69,3,0,6,0.43,32,4,1,CHEMBL615051,Lassa virus,Mammarenavirus lassaense
CHEMBL2322826,COc1ccc(CNc2ccc3c(c2)ncn3-c2ccc(OC)cc2)cc1,C22H21N3O2,NPIICRVNFVQQQJ-UHFFFAOYSA-N,"InChI=1S/C22H21N3O2/c1-26-19-8-3-16(4-9-19)14-23-17-5-12-22-21(13-17)24-15-25(22)18-6-10-20(27-2)11-7-18/h3-13,15,23H,14H2,1-2H3",359.43,Small molecule,11.0,nM,'=',EC50,7.96,4.65,48.31,5,1,6,0.54,27,4,0,CHEMBL615051,Lassa virus,Mammarenavirus lassaense
CHEMBL2322816,COc1ccc(-n2cnc3cc(NCc4ccccc4O)ccc32)cc1,C21H19N3O2,ZGHBPZSDEAOJQX-UHFFFAOYSA-N,"InChI=1S/C21H19N3O2/c1-26-18-9-7-17(8-10-18)24-14-23-19-12-16(6-11-20(19)24)22-13-15-4-2-3-5-21(15)25/h2-12,14,22,25H,13H2,1H3",345.4,Small molecule,310.0,nM,'=',EC50,6.51,4.35,59.31,5,2,5,0.56,26,4,0,CHEMBL615051,Lassa virus,Mammarenavirus lassaense
CHEMBL4093197,CCC(CC)COC(=O)[C@H](C)N[P@](=O)(OCCOCn1cnc(-c2cnc(N)nc2OC)c1)Oc1ccccc1,C26H37N6O7P,SQYCYAFHHBDTFB-TYNIYAAZSA-N,"InChI=1S/C26H37N6O7P/c1-5-20(6-2)16-37-25(33)19(3)31-40(34,39-21-10-8-7-9-11-21)38-13-12-36-18-32-15-23(29-17-32)22-14-28-26(27)30-24(22)35-4/h7-11,14-15,17,19-20H,5-6,12-13,16,18H2,1-4H3,(H,31,34)(H2,27,28,30)/t19-,40-/m0/s1",576.59,Small molecule,50000.0,nM,'>',EC50,,4.07,161.94,12,2,17,0.13,40,3,2,CHEMBL615051,Lassa virus,Mammarenavirus lassaense
CHEMBL2322797,CCCCc1ccc(CNc2ccc3c(c2)ncn3-c2ccc(OC)cc2)cc1,C25H27N3O,DRJQZFGKNKCQHG-UHFFFAOYSA-N,"InChI=1S/C25H27N3O/c1-3-4-5-19-6-8-20(9-7-19)17-26-21-10-15-25-24(16-21)27-18-28(25)22-11-13-23(29-2)14-12-22/h6-16,18,26H,3-5,17H2,1-2H3",385.51,Small molecule,1.5,nM,'=',EC50,8.82,5.99,39.08,4,1,8,0.4,29,4,1,CHEMBL615051,Lassa virus,Mammarenavirus lassaense
CHEMBL2322793,CCc1ccc(CNc2ccc3c(c2)ncn3-c2ccc(OC)nn2)cc1,C21H21N5O,RZTVVHRILBYTIY-UHFFFAOYSA-N,"InChI=1S/C21H21N5O/c1-3-15-4-6-16(7-5-15)13-22-17-8-9-19-18(12-17)23-14-26(19)20-10-11-21(27-2)25-24-20/h4-12,14,22H,3,13H2,1-2H3",359.43,Small molecule,81.0,nM,'=',EC50,7.09,4.0,64.86,6,1,6,0.56,27,4,0,CHEMBL615051,Lassa virus,Mammarenavirus lassaense
CHEMBL2322782,CCc1ccc(-n2cnc3cc(NCc4ccc(C(C)C)cc4)ccc32)cc1,C25H27N3,VLFJKCIARIXLKD-UHFFFAOYSA-N,"InChI=1S/C25H27N3/c1-4-19-7-12-23(13-8-19)28-17-27-24-15-22(11-14-25(24)28)26-16-20-5-9-21(10-6-20)18(2)3/h5-15,17-18,26H,4,16H2,1-3H3",369.51,Small molecule,1.9,nM,'=',EC50,8.72,6.32,29.85,3,1,6,0.43,28,4,1,CHEMBL615051,Lassa virus,Mammarenavirus lassaense
CHEMBL2314860,CCOc1ccc(-n2c(N)nc3cc(NCc4ccc(CC)cc4)ccc32)cc1,C24H26N4O,XUZFWOULIZLWDT-UHFFFAOYSA-N,"InChI=1S/C24H26N4O/c1-3-17-5-7-18(8-6-17)16-26-19-9-14-23-22(15-19)27-24(25)28(23)20-10-12-21(13-11-20)29-4-2/h5-15,26H,3-4,16H2,1-2H3,(H2,25,27)",386.5,Small molecule,29.0,nM,'=',EC50,7.54,5.18,65.1,5,2,7,0.46,29,4,1,CHEMBL615051,Lassa virus,Mammarenavirus lassaense
CHEMBL2314865,CCOc1ccc(-n2cnc3cc(NCCc4ccc(CC)cc4)cnc32)cc1,C24H26N4O,WJLYSVOGNLBAOC-UHFFFAOYSA-N,"InChI=1S/C24H26N4O/c1-3-18-5-7-19(8-6-18)13-14-25-20-15-23-24(26-16-20)28(17-27-23)21-9-11-22(12-10-21)29-4-2/h5-12,15-17,25H,3-4,13-14H2,1-2H3",386.5,Small molecule,65.0,nM,'=',EC50,7.19,5.04,51.97,5,1,8,0.46,29,4,1,CHEMBL615051,Lassa virus,Mammarenavirus lassaense
CHEMBL2315147,CCOc1ccc(-n2nnc3cc(NCc4ccc(CC)cc4)cnc32)cc1,C22H23N5O,YUVGOUASBRZESW-UHFFFAOYSA-N,"InChI=1S/C22H23N5O/c1-3-16-5-7-17(8-6-16)14-23-18-13-21-22(24-15-18)27(26-25-21)19-9-11-20(12-10-19)28-4-2/h5-13,15,23H,3-4,14H2,1-2H3",373.46,Small molecule,0.87,nM,'=',EC50,9.06,4.39,64.86,6,1,7,0.52,28,4,0,CHEMBL615051,Lassa virus,Mammarenavirus lassaense
CHEMBL2315146,CCOc1ccc(-n2cnc3cc(NCc4ccc(CC)cc4)cnc32)cc1,C23H24N4O,JADAFHJMBASJLK-UHFFFAOYSA-N,"InChI=1S/C23H24N4O/c1-3-17-5-7-18(8-6-17)14-24-19-13-22-23(25-15-19)27(16-26-22)20-9-11-21(12-10-20)28-4-2/h5-13,15-16,24H,3-4,14H2,1-2H3",372.47,Small molecule,0.16,nM,'=',EC50,9.8,4.99,51.97,5,1,7,0.5,28,4,0,CHEMBL615051,Lassa virus,Mammarenavirus lassaense
CHEMBL2435196,C/C(=N\NC(=O)[C@H]1C[C@H]1c1ccccc1)c1ccc(NC(=O)c2ccco2)cc1,C23H21N3O3,YITHUUVXKHPYLM-VHEBRAQUSA-N,"InChI=1S/C23H21N3O3/c1-15(25-26-22(27)20-14-19(20)17-6-3-2-4-7-17)16-9-11-18(12-10-16)24-23(28)21-8-5-13-29-21/h2-13,19-20H,14H2,1H3,(H,24,28)(H,26,27)/b25-15+/t19-,20-/m0/s1",387.44,Small molecule,0.9,nM,'=',EC50,9.05,4.18,83.7,4,2,6,0.49,29,3,0,CHEMBL615051,Lassa virus,Mammarenavirus lassaense
CHEMBL4864575,CC(C)Oc1ccc(-c2ccc3nnc(-c4ccc(OC(C)C)cc4)n3c2)cc1,C24H25N3O2,NLNRHPDJTJECFA-UHFFFAOYSA-N,"InChI=1S/C24H25N3O2/c1-16(2)28-21-10-5-18(6-11-21)20-9-14-23-25-26-24(27(23)15-20)19-7-12-22(13-8-19)29-17(3)4/h5-17H,1-4H3",387.48,Unknown,9.6,nM,'=',EC50,8.02,5.64,48.65,5,0,6,0.43,29,4,1,CHEMBL615051,Lassa virus,Mammarenavirus lassaense
CHEMBL4854894,CC(C)Oc1ccc(-c2ccc3nnn(-c4ccc(OC(C)C)cc4)c3c2)cc1,C24H25N3O2,PHALCESZZYGBKU-UHFFFAOYSA-N,"InChI=1S/C24H25N3O2/c1-16(2)28-21-10-5-18(6-11-21)19-7-14-23-24(15-19)27(26-25-23)20-8-12-22(13-9-20)29-17(3)4/h5-17H,1-4H3",387.48,Unknown,2.82,nM,'=',EC50,8.55,5.66,49.17,5,0,6,0.43,29,4,1,CHEMBL615051,Lassa virus,Mammarenavirus lassaense
CHEMBL4858248,Cc1cc2ncc(-c3ccc(OC(C)C)cc3)n2cc1-c1ccc(OC(C)C)cc1,C26H28N2O2,MJQQLLCMNOALHJ-UHFFFAOYSA-N,"InChI=1S/C26H28N2O2/c1-17(2)29-22-10-6-20(7-11-22)24-16-28-25(15-27-26(28)14-19(24)5)21-8-12-23(13-9-21)30-18(3)4/h6-18H,1-5H3",400.52,Unknown,1.0,nM,'<',EC90,,6.55,35.76,4,0,6,0.37,30,4,1,CHEMBL615051,Lassa virus,Mammarenavirus lassaense
CHEMBL4871246,Cc1cc2ncc(-c3ccc(OC(C)(C)C)cc3)n2cc1-c1ccc(OC(C)C)cc1,C27H30N2O2,TWUXCBSMDFLDBC-UHFFFAOYSA-N,"InChI=1S/C27H30N2O2/c1-18(2)30-22-11-7-20(8-12-22)24-17-29-25(16-28-26(29)15-19(24)3)21-9-13-23(14-10-21)31-27(4,5)6/h7-18H,1-6H3",414.55,Unknown,3.3,nM,'<',EC50,,6.94,35.76,4,0,5,0.35,31,4,1,CHEMBL615051,Lassa virus,Mammarenavirus lassaense
CHEMBL4876761,CC(C)Oc1ccc(-c2ccc3ncc(-c4ccc(OC(C)C)cc4)n3c2)cc1,C25H26N2O2,ODPYYNLRURJCGN-UHFFFAOYSA-N,"InChI=1S/C25H26N2O2/c1-17(2)28-22-10-5-19(6-11-22)21-9-14-25-26-15-24(27(25)16-21)20-7-12-23(13-8-20)29-18(3)4/h5-18H,1-4H3",386.5,Unknown,1.03,nM,'=',EC50,8.99,6.24,35.76,4,0,6,0.39,29,4,1,CHEMBL615051,Lassa virus,Mammarenavirus lassaense
CHEMBL4871905,Cc1cc(-c2ccc3ncc(-c4ccc(OC(C)C)cc4)n3c2)ccc1OC(C)C,C26H28N2O2,XIFSSUGPMSFKKJ-UHFFFAOYSA-N,"InChI=1S/C26H28N2O2/c1-17(2)29-23-10-6-20(7-11-23)24-15-27-26-13-9-22(16-28(24)26)21-8-12-25(19(5)14-21)30-18(3)4/h6-18H,1-5H3",400.52,Unknown,2.35,nM,'=',EC50,8.63,6.55,35.76,4,0,6,0.37,30,4,1,CHEMBL615051,Lassa virus,Mammarenavirus lassaense
CHEMBL4860575,CC(C)Oc1ccc(-c2cnc3ccc(-c4ccc5[nH]ccc5c4)cn23)cc1,C24H21N3O,GGZVTOOQQIQCDA-UHFFFAOYSA-N,"InChI=1S/C24H21N3O/c1-16(2)28-21-7-3-17(4-8-21)23-14-26-24-10-6-20(15-27(23)24)18-5-9-22-19(13-18)11-12-25-22/h3-16,25H,1-2H3",367.45,Unknown,2.03,nM,'=',EC50,8.69,5.94,42.32,3,1,4,0.43,28,5,1,CHEMBL615051,Lassa virus,Mammarenavirus lassaense
CHEMBL4866634,CC(C)Oc1ccc(-c2ccc3ncc(-c4cccc(OC(C)C)c4)n3c2)cc1,C25H26N2O2,ONXALHJOEBCRGJ-UHFFFAOYSA-N,"InChI=1S/C25H26N2O2/c1-17(2)28-22-11-8-19(9-12-22)21-10-13-25-26-15-24(27(25)16-21)20-6-5-7-23(14-20)29-18(3)4/h5-18H,1-4H3",386.5,Unknown,14.46,nM,'=',EC50,7.84,6.24,35.76,4,0,6,0.39,29,4,1,CHEMBL615051,Lassa virus,Mammarenavirus lassaense
CHEMBL4849095,CC(C)Oc1ccc(-c2ccc3ncc(-c4ccc5[nH]ccc5c4)n3c2)cc1,C24H21N3O,HGKKBVOSUYDRNN-UHFFFAOYSA-N,"InChI=1S/C24H21N3O/c1-16(2)28-21-7-3-17(4-8-21)20-6-10-24-26-14-23(27(24)15-20)19-5-9-22-18(13-19)11-12-25-22/h3-16,25H,1-2H3",367.45,Unknown,8.41,nM,'=',EC50,8.07,5.94,42.32,3,1,4,0.43,28,5,1,CHEMBL615051,Lassa virus,Mammarenavirus lassaense
CHEMBL4861450,COc1cc2ncc(-c3ccc(OC(C)C)cc3)n2cc1-c1ccc(OC(C)C)cc1,C26H28N2O3,NVXQPZAIBYFHEX-UHFFFAOYSA-N,"InChI=1S/C26H28N2O3/c1-17(2)30-21-10-6-19(7-11-21)23-16-28-24(15-27-26(28)14-25(23)29-5)20-8-12-22(13-9-20)31-18(3)4/h6-18H,1-5H3",416.52,Unknown,13.72,nM,'=',EC50,7.86,6.25,44.99,5,0,7,0.36,31,4,1,CHEMBL615051,Lassa virus,Mammarenavirus lassaense
CHEMBL4870517,CC(C)Oc1ccc(-c2ccc3[nH]nc(-c4ccc(OC(C)C)cc4)c3c2)cc1,C25H26N2O2,NSSUALWGSAOJJV-UHFFFAOYSA-N,"InChI=1S/C25H26N2O2/c1-16(2)28-21-10-5-18(6-11-21)20-9-14-24-23(15-20)25(27-26-24)19-7-12-22(13-8-19)29-17(3)4/h5-17H,1-4H3,(H,26,27)",386.5,Unknown,10.5,nM,'=',EC50,7.98,6.47,47.14,3,1,6,0.41,29,4,1,CHEMBL615051,Lassa virus,Mammarenavirus lassaense
CHEMBL4863098,CC(C)Oc1ccc(-c2cn3c(-c4ccc(OC(C)C)cc4)cnc3cn2)cc1,C24H25N3O2,XIPTUNAVWVSJLB-UHFFFAOYSA-N,"InChI=1S/C24H25N3O2/c1-16(2)28-20-9-5-18(6-10-20)22-15-27-23(13-26-24(27)14-25-22)19-7-11-21(12-8-19)29-17(3)4/h5-17H,1-4H3",387.48,Unknown,2.95,nM,'=',EC50,8.53,5.64,48.65,5,0,6,0.43,29,4,1,CHEMBL615051,Lassa virus,Mammarenavirus lassaense
CHEMBL2323112,CCCNc1ccc2c(c1)ncn2-c1ccc(OC)cc1,C17H19N3O,UMRKJBQVBVCEDL-UHFFFAOYSA-N,"InChI=1S/C17H19N3O/c1-3-10-18-13-4-9-17-16(11-13)19-12-20(17)14-5-7-15(21-2)8-6-14/h4-9,11-12,18H,3,10H2,1-2H3",281.36,Small molecule,,,,Activity,,3.86,39.08,4,1,5,0.77,21,3,0,CHEMBL615051,Lassa virus,Mammarenavirus lassaense
CHEMBL4574399,Nc1nccc2c1ncn2[C@H]1C=C(CO)[C@H](O)[C@@H]1O,C12H14N4O3,OMKHWTRUYNAGFG-INTQDDNPSA-N,"InChI=1S/C12H14N4O3/c13-12-9-7(1-2-14-12)16(5-15-9)8-3-6(4-17)10(18)11(8)19/h1-3,5,8,10-11,17-19H,4H2,(H2,13,14)/t8-,10-,11+/m0/s1",262.27,Unknown,,,,Activity,,-0.79,117.42,7,4,2,0.53,19,2,0,CHEMBL615051,Lassa virus,Mammarenavirus lassaense
CHEMBL4473489,Nc1ncc(Br)c2c1ncn2[C@H]1C=C(CO)[C@H](O)[C@@H]1O,C12H13BrN4O3,PDMBCGAGDFHPGP-BKDNQFJXSA-N,"InChI=1S/C12H13BrN4O3/c13-6-2-15-12(14)8-9(6)17(4-16-8)7-1-5(3-18)10(19)11(7)20/h1-2,4,7,10-11,18-20H,3H2,(H2,14,15)/t7-,10-,11+/m0/s1",341.17,Unknown,,,,Activity,,-0.03,117.42,7,4,2,0.57,20,2,0,CHEMBL615051,Lassa virus,Mammarenavirus lassaense
CHEMBL4471550,Nc1nccc2c1ncn2[C@H]1C=C(CF)[C@H](O)[C@@H]1O,C12H13FN4O2,WQMDMHVPFXGFNO-INTQDDNPSA-N,"InChI=1S/C12H13FN4O2/c13-4-6-3-8(11(19)10(6)18)17-5-16-9-7(17)1-2-15-12(9)14/h1-3,5,8,10-11,18-19H,4H2,(H2,14,15)/t8-,10-,11+/m0/s1",264.26,Unknown,,,,Activity,,0.19,97.19,6,3,2,0.67,19,2,0,CHEMBL615051,Lassa virus,Mammarenavirus lassaense
CHEMBL2435318,C/C(=N\NC(=O)[C@H]1C[C@@H]1c1ccccc1)c1ccc(NC(=O)c2ccco2)cc1,C23H21N3O3,YITHUUVXKHPYLM-UVBVLWFHSA-N,"InChI=1S/C23H21N3O3/c1-15(25-26-22(27)20-14-19(20)17-6-3-2-4-7-17)16-9-11-18(12-10-16)24-23(28)21-8-5-13-29-21/h2-13,19-20H,14H2,1H3,(H,24,28)(H,26,27)/b25-15+/t19-,20+/m1/s1",387.44,Small molecule,0.34,nM,'=',EC50,9.47,4.18,83.7,4,2,6,0.49,29,3,0,CHEMBL615051,Lassa virus,Mammarenavirus lassaense
CHEMBL4870239,CC(C)Oc1ccc(-c2ccc3cnc(-c4ccc(OC(C)C)cc4)n3c2)cc1,C25H26N2O2,SBXNQELLNZWZKS-UHFFFAOYSA-N,"InChI=1S/C25H26N2O2/c1-17(2)28-23-11-6-19(7-12-23)21-5-10-22-15-26-25(27(22)16-21)20-8-13-24(14-9-20)29-18(3)4/h5-18H,1-4H3",386.5,Unknown,25.0,nM,'>',EC50,,6.24,35.76,4,0,6,0.39,29,4,1,CHEMBL615051,Lassa virus,Mammarenavirus lassaense
CHEMBL4849078,CC(C)Oc1ccc(-c2ccn3cnc(-c4ccc(OC(C)C)cc4)c3c2)cc1,C25H26N2O2,MQUDFGCLRUWQDW-UHFFFAOYSA-N,"InChI=1S/C25H26N2O2/c1-17(2)28-22-9-5-19(6-10-22)21-13-14-27-16-26-25(24(27)15-21)20-7-11-23(12-8-20)29-18(3)4/h5-18H,1-4H3",386.5,Unknown,20.92,nM,'=',EC50,7.68,6.24,35.76,4,0,6,0.39,29,4,1,CHEMBL615051,Lassa virus,Mammarenavirus lassaense
CHEMBL2314859,COc1ccc(-n2cnc3cc(NCc4ccc(C(C)C)cc4)ccc32)cc1,C24H25N3O,JPSZEXYTKSIPDW-UHFFFAOYSA-N,"InChI=1S/C24H25N3O/c1-17(2)19-6-4-18(5-7-19)15-25-20-8-13-24-23(14-20)26-16-27(24)21-9-11-22(28-3)12-10-21/h4-14,16-17,25H,15H2,1-3H3",371.48,Small molecule,1.4,nM,'=',EC50,8.85,5.77,39.08,4,1,6,0.47,28,4,1,CHEMBL615051,Lassa virus,Mammarenavirus lassaense
CHEMBL2315142,CCOc1ccc(-n2nnc3cc(NCc4ccc(CC)cc4)ccc32)cc1,C23H24N4O,RXJKWAXGQYONBT-UHFFFAOYSA-N,"InChI=1S/C23H24N4O/c1-3-17-5-7-18(8-6-17)16-24-19-9-14-23-22(15-19)25-26-27(23)20-10-12-21(13-11-20)28-4-2/h5-15,24H,3-4,16H2,1-2H3",372.47,Small molecule,6.1,nM,'=',EC50,8.21,4.99,51.97,5,1,7,0.5,28,4,0,CHEMBL615051,Lassa virus,Mammarenavirus lassaense
CHEMBL2315140,CCOc1ccc(-c2c[nH]c3cc(NCc4ccc(CC)cc4)ccc23)cc1,C25H26N2O,SUDQKMASUNBASY-UHFFFAOYSA-N,"InChI=1S/C25H26N2O/c1-3-18-5-7-19(8-6-18)16-26-21-11-14-23-24(17-27-25(23)15-21)20-9-12-22(13-10-20)28-4-2/h5-15,17,26-27H,3-4,16H2,1-2H3",370.5,Small molecule,13.0,nM,'=',EC50,7.89,6.41,37.05,2,2,7,0.39,28,4,1,CHEMBL615051,Lassa virus,Mammarenavirus lassaense
CHEMBL2322822,COc1ccc(-n2cnc3cc(N(Cc4ccc(C(C)C)cc4)S(=O)(=O)c4ccc(C)cc4)ccc32)cc1,C31H31N3O3S,DUNDKBOYYKJVAY-UHFFFAOYSA-N,"InChI=1S/C31H31N3O3S/c1-22(2)25-9-7-24(8-10-25)20-34(38(35,36)29-16-5-23(3)6-17-29)27-13-18-31-30(19-27)32-21-33(31)26-11-14-28(37-4)15-12-26/h5-19,21-22H,20H2,1-4H3",525.67,Small molecule,110.0,nM,'=',EC50,6.96,6.86,64.43,5,0,8,0.22,38,5,2,CHEMBL615051,Lassa virus,Mammarenavirus lassaense
CHEMBL2322808,COc1ccc(-n2cnc3cc(NCc4ccc(CN5CCCCC5)cc4)ccc32)cc1,C27H30N4O,BEDAOIMFFKBIDJ-UHFFFAOYSA-N,"InChI=1S/C27H30N4O/c1-32-25-12-10-24(11-13-25)31-20-29-26-17-23(9-14-27(26)31)28-18-21-5-7-22(8-6-21)19-30-15-3-2-4-16-30/h5-14,17,20,28H,2-4,15-16,18-19H2,1H3",426.56,Small molecule,1400.0,nM,'=',EC50,5.85,5.63,42.32,5,1,7,0.42,32,4,1,CHEMBL615051,Lassa virus,Mammarenavirus lassaense
CHEMBL2322807,COc1ccc(-n2cnc3cc(NCc4ccc(CN(C)C)cc4)ccc32)cc1,C24H26N4O,OEJXYGCRPFLPNA-UHFFFAOYSA-N,"InChI=1S/C24H26N4O/c1-27(2)16-19-6-4-18(5-7-19)15-25-20-8-13-24-23(14-20)26-17-28(24)21-9-11-22(29-3)12-10-21/h4-14,17,25H,15-16H2,1-3H3",386.5,Small molecule,270.0,nM,'=',EC50,6.57,4.71,42.32,5,1,7,0.5,29,4,0,CHEMBL615051,Lassa virus,Mammarenavirus lassaense
CHEMBL4534385,Nc1ncc(Br)c2c1ncn2C1=CC[C@@H](O)[C@H]1O,C11H11BrN4O2,ICCRQFJBYGWMBR-XCBNKYQSSA-N,"InChI=1S/C11H11BrN4O2/c12-5-3-14-11(13)8-9(5)16(4-15-8)6-1-2-7(17)10(6)18/h1,3-4,7,10,17-18H,2H2,(H2,13,14)/t7-,10+/m1/s1",311.14,Unknown,,,,Activity,,0.74,97.19,6,3,1,0.72,18,2,0,CHEMBL615051,Lassa virus,Mammarenavirus lassaense
CHEMBL2435303,COc1cccc(/C(C)=N/NC(=O)[C@@H]2C[C@H]2c2ccccc2)c1,C19H20N2O2,ONZVLLJDILZDAB-QDRDOIMASA-N,"InChI=1S/C19H20N2O2/c1-13(15-9-6-10-16(11-15)23-2)20-21-19(22)18-12-17(18)14-7-4-3-5-8-14/h3-11,17-18H,12H2,1-2H3,(H,21,22)/b20-13+/t17-,18+/m0/s1",308.38,Small molecule,42.0,nM,'=',EC50,7.38,3.34,50.69,3,1,5,0.68,23,2,0,CHEMBL615051,Lassa virus,Mammarenavirus lassaense
CHEMBL562567,Cc1ccc(CN2C(=O)CN(C(=O)c3cc4ccccc4o3)CC2Cc2ccccc2)cc1,C28H26N2O3,AUWNHKXYVROESW-UHFFFAOYSA-N,"InChI=1S/C28H26N2O3/c1-20-11-13-22(14-12-20)17-30-24(15-21-7-3-2-4-8-21)18-29(19-27(30)31)28(32)26-16-23-9-5-6-10-25(23)33-26/h2-14,16,24H,15,17-19H2,1H3",438.53,Small molecule,800.0,nM,'=',IC50,6.1,4.84,53.76,3,0,5,0.45,33,4,0,CHEMBL615051,Lassa virus,Mammarenavirus lassaense
CHEMBL2314876,CCOc1ccc(-n2cnc3cc(NCc4ccc(CC)c(N(C)C)c4)cnc32)cc1,C25H29N5O,ADCGYKMMYAWMJH-UHFFFAOYSA-N,"InChI=1S/C25H29N5O/c1-5-19-8-7-18(13-24(19)29(3)4)15-26-20-14-23-25(27-16-20)30(17-28-23)21-9-11-22(12-10-21)31-6-2/h7-14,16-17,26H,5-6,15H2,1-4H3",415.54,Small molecule,5.9,nM,'=',EC50,8.23,5.06,55.21,6,1,8,0.44,31,4,1,CHEMBL615051,Lassa virus,Mammarenavirus lassaense
CHEMBL4065616,CCC(CC)COC(=O)[C@H](C)N[P@](=O)(OC[C@H]1O[C@@](C#N)(c2ccc3c(N)ncnn23)[C@H](O)[C@@H]1O)Oc1ccccc1,C27H35N6O8P,RWWYLEGWBNMMLJ-YSOARWBDSA-N,"InChI=1S/C27H35N6O8P/c1-4-18(5-2)13-38-26(36)17(3)32-42(37,41-19-9-7-6-8-10-19)39-14-21-23(34)24(35)27(15-28,40-21)22-12-11-20-25(29)30-16-31-33(20)22/h6-12,16-18,21,23-24,34-35H,4-5,13-14H2,1-3H3,(H,32,37)(H2,29,30,31)/t17-,21+,23+,24+,27-,42-/m0/s1",602.59,Small molecule,2.8,uM,'=',EC90,,2.31,203.55,13,4,13,0.16,42,3,2,CHEMBL615051,Lassa virus,Mammarenavirus lassaense
CHEMBL3596788,COc1nc(N)ncc1-c1cn(COCCO)cn1,C11H15N5O3,CVSSXRUFNBCRPB-UHFFFAOYSA-N,"InChI=1S/C11H15N5O3/c1-18-10-8(4-13-11(12)15-10)9-5-16(6-14-9)7-19-3-2-17/h4-6,17H,2-3,7H2,1H3,(H2,12,13,15)",265.27,Small molecule,50000.0,nM,'>',EC50,,-0.1,108.31,8,2,6,0.7,19,2,0,CHEMBL615051,Lassa virus,Mammarenavirus lassaense
CHEMBL2322813,COc1ccc(-n2cnc3cc(NCc4cccc(OC)c4)ccc32)cc1,C22H21N3O2,FFFWZKABVHAJQQ-UHFFFAOYSA-N,"InChI=1S/C22H21N3O2/c1-26-19-9-7-18(8-10-19)25-15-24-21-13-17(6-11-22(21)25)23-14-16-4-3-5-20(12-16)27-2/h3-13,15,23H,14H2,1-2H3",359.43,Small molecule,35.0,nM,'=',EC50,7.46,4.65,48.31,5,1,6,0.54,27,4,0,CHEMBL615051,Lassa virus,Mammarenavirus lassaense
CHEMBL2435323,C/C(=N\NC(=O)[C@@H]1C[C@H]1c1ccccc1)c1cccc(NC(=O)c2ccccc2F)c1,C25H22FN3O2,SDVHMILTVXNQHZ-SMNBHXFMSA-N,"InChI=1S/C25H22FN3O2/c1-16(28-29-25(31)22-15-21(22)17-8-3-2-4-9-17)18-10-7-11-19(14-18)27-24(30)20-12-5-6-13-23(20)26/h2-14,21-22H,15H2,1H3,(H,27,30)(H,29,31)/b28-16+/t21-,22+/m0/s1",415.47,Small molecule,9100.0,nM,'=',EC50,5.04,4.72,70.56,3,2,6,0.45,31,3,0,CHEMBL615051,Lassa virus,Mammarenavirus lassaense
CHEMBL2435311,COc1ccc(/C(C)=N/NC(=O)[C@@H]2C[C@H]2c2ccccc2)cc1OC,C20H22N2O3,IKOWJIZDGHJFFE-QDAPYELHSA-N,"InChI=1S/C20H22N2O3/c1-13(15-9-10-18(24-2)19(11-15)25-3)21-22-20(23)17-12-16(17)14-7-5-4-6-8-14/h4-11,16-17H,12H2,1-3H3,(H,22,23)/b21-13+/t16-,17+/m0/s1",338.41,Small molecule,450.0,nM,'=',EC50,6.35,3.35,59.92,4,1,6,0.65,25,2,0,CHEMBL615051,Lassa virus,Mammarenavirus lassaense
CHEMBL2435309,C/C(=N\NC(=O)[C@@H]1C[C@H]1c1ccccc1)c1ccc(C)c(C)c1,C20H22N2O,VEBHSGXYFKPBGH-CDDVYSJNSA-N,"InChI=1S/C20H22N2O/c1-13-9-10-17(11-14(13)2)15(3)21-22-20(23)19-12-18(19)16-7-5-4-6-8-16/h4-11,18-19H,12H2,1-3H3,(H,22,23)/b21-15+/t18-,19+/m0/s1",306.41,Small molecule,3.9,nM,'=',EC50,8.41,3.95,41.46,2,1,4,0.67,23,2,0,CHEMBL615051,Lassa virus,Mammarenavirus lassaense
CHEMBL2435197,C/C(=N\NC(=O)C1CC1(c1ccccc1)c1ccccc1)c1ccc(N)cc1,C24H23N3O,ZDVWSAXPVASUBN-YZSQISJMSA-N,"InChI=1S/C24H23N3O/c1-17(18-12-14-21(25)15-13-18)26-27-23(28)22-16-24(22,19-8-4-2-5-9-19)20-10-6-3-7-11-20/h2-15,22H,16,25H2,1H3,(H,27,28)/b26-17+",369.47,Small molecule,50000.0,nM,'>',EC50,,4.12,67.48,3,2,5,0.4,28,3,0,CHEMBL615051,Lassa virus,Mammarenavirus lassaense
CHEMBL2435313,C/C(=N\NC(=O)[C@@H]1C[C@H]1c1ccccc1)c1ccc(-c2ccccc2)cc1,C24H22N2O,ZHHGZWXJFALDGG-ZILGIFHJSA-N,"InChI=1S/C24H22N2O/c1-17(18-12-14-20(15-13-18)19-8-4-2-5-9-19)25-26-24(27)23-16-22(23)21-10-6-3-7-11-21/h2-15,22-23H,16H2,1H3,(H,26,27)/b25-17+/t22-,23+/m0/s1",354.45,Small molecule,1.3,nM,'=',EC50,8.89,5.0,41.46,2,1,5,0.51,27,3,0,CHEMBL615051,Lassa virus,Mammarenavirus lassaense
CHEMBL2322803,COc1ccc(-n2cnc3cc(NCc4ccc(Cc5ccccc5)cc4)ccc32)cc1,C28H25N3O,COTZCPBVWGWTME-UHFFFAOYSA-N,"InChI=1S/C28H25N3O/c1-32-26-14-12-25(13-15-26)31-20-30-27-18-24(11-16-28(27)31)29-19-23-9-7-22(8-10-23)17-21-5-3-2-4-6-21/h2-16,18,20,29H,17,19H2,1H3",419.53,Small molecule,46.0,nM,'=',EC50,7.34,6.24,39.08,4,1,7,0.34,32,5,1,CHEMBL615051,Lassa virus,Mammarenavirus lassaense
CHEMBL2322800,CCCCOc1ccc(CNc2ccc3c(c2)ncn3-c2ccc(OC)cc2)cc1,C25H27N3O2,YWIKFVDYPOKCMP-UHFFFAOYSA-N,"InChI=1S/C25H27N3O2/c1-3-4-15-30-23-10-5-19(6-11-23)17-26-20-7-14-25-24(16-20)27-18-28(25)21-8-12-22(29-2)13-9-21/h5-14,16,18,26H,3-4,15,17H2,1-2H3",401.51,Small molecule,6.0,nM,'=',EC50,8.22,5.83,48.31,5,1,9,0.36,30,4,1,CHEMBL615051,Lassa virus,Mammarenavirus lassaense
CHEMBL2322789,CC(C)c1ccc(CNc2ccc3c(c2)ncn3-c2ccc(OCCc3ccccc3)cc2)cc1,C31H31N3O,XALBRDDMRWJLIB-UHFFFAOYSA-N,"InChI=1S/C31H31N3O/c1-23(2)26-10-8-25(9-11-26)21-32-27-12-17-31-30(20-27)33-22-34(31)28-13-15-29(16-14-28)35-19-18-24-6-4-3-5-7-24/h3-17,20,22-23,32H,18-19,21H2,1-2H3",461.61,Small molecule,43.0,nM,'=',EC50,7.37,7.38,39.08,4,1,9,0.25,35,5,1,CHEMBL615051,Lassa virus,Mammarenavirus lassaense
CHEMBL2322781,CC(C)c1ccc(CNc2ccc3c(c2)ncn3-c2ccccc2)cc1,C23H23N3,VUMCQDKYQCFZLL-UHFFFAOYSA-N,"InChI=1S/C23H23N3/c1-17(2)19-10-8-18(9-11-19)15-24-20-12-13-23-22(14-20)25-16-26(23)21-6-4-3-5-7-21/h3-14,16-17,24H,15H2,1-2H3",341.46,Small molecule,5.2,nM,'=',EC50,8.28,5.76,29.85,3,1,5,0.5,26,4,1,CHEMBL615051,Lassa virus,Mammarenavirus lassaense
CHEMBL2435292,C/C(=N\NC(=O)[C@@H]1C[C@H]1c1ccccc1)c1ccc(NC(=O)c2ccco2)cc1,C23H21N3O3,YITHUUVXKHPYLM-GILQPYTJSA-N,"InChI=1S/C23H21N3O3/c1-15(25-26-22(27)20-14-19(20)17-6-3-2-4-7-17)16-9-11-18(12-10-16)24-23(28)21-8-5-13-29-21/h2-13,19-20H,14H2,1H3,(H,24,28)(H,26,27)/b25-15+/t19-,20+/m0/s1",387.44,Small molecule,,,,Activity,,4.18,83.7,4,2,6,0.49,29,3,0,CHEMBL615051,Lassa virus,Mammarenavirus lassaense
CHEMBL2435292,C/C(=N\NC(=O)[C@@H]1C[C@H]1c1ccccc1)c1ccc(NC(=O)c2ccco2)cc1,C23H21N3O3,YITHUUVXKHPYLM-GILQPYTJSA-N,"InChI=1S/C23H21N3O3/c1-15(25-26-22(27)20-14-19(20)17-6-3-2-4-7-17)16-9-11-18(12-10-16)24-23(28)21-8-5-13-29-21/h2-13,19-20H,14H2,1H3,(H,24,28)(H,26,27)/b25-15+/t19-,20+/m0/s1",387.44,Small molecule,0.34,nM,'=',EC50,9.47,4.18,83.7,4,2,6,0.49,29,3,0,CHEMBL615051,Lassa virus,Mammarenavirus lassaense
CHEMBL2435290,C/C(=N\NC(=O)[C@@H]1C[C@H]1c1ccccc1)c1ccc(N(C)C)cc1,C20H23N3O,KMWAHLOZZBVMDN-JKMYOGEHSA-N,"InChI=1S/C20H23N3O/c1-14(15-9-11-17(12-10-15)23(2)3)21-22-20(24)19-13-18(19)16-7-5-4-6-8-16/h4-12,18-19H,13H2,1-3H3,(H,22,24)/b21-14+/t18-,19+/m0/s1",321.42,Small molecule,390.0,nM,'=',EC50,6.41,3.4,44.7,3,1,5,0.68,24,2,0,CHEMBL615051,Lassa virus,Mammarenavirus lassaense
CHEMBL2435193,COc1cccc(/C(C)=N/NC(=O)C2CC2)c1,C13H16N2O2,YRRLXOFMMCGXMV-NTEUORMPSA-N,"InChI=1S/C13H16N2O2/c1-9(14-15-13(16)10-6-7-10)11-4-3-5-12(8-11)17-2/h3-5,8,10H,6-7H2,1-2H3,(H,15,16)/b14-9+",232.28,Small molecule,50000.0,nM,'>',EC50,,1.95,50.69,3,1,4,0.64,17,1,0,CHEMBL615051,Lassa virus,Mammarenavirus lassaense
CHEMBL2435321,C/C(=N\NC(=O)[C@@H]1C[C@H]1c1ccccc1)c1ccc(F)cc1,C18H17FN2O,DFDBIXCFGJMKRG-QWSZEGLUSA-N,"InChI=1S/C18H17FN2O/c1-12(13-7-9-15(19)10-8-13)20-21-18(22)17-11-16(17)14-5-3-2-4-6-14/h2-10,16-17H,11H2,1H3,(H,21,22)/b20-12+/t16-,17+/m0/s1",296.35,Small molecule,52.0,nM,'=',EC50,7.28,3.47,41.46,2,1,4,0.68,22,2,0,CHEMBL615051,Lassa virus,Mammarenavirus lassaense
CHEMBL2435307,C/C(=N\NC(=O)[C@@H]1C[C@H]1c1ccccc1)c1cccc(C)c1C,C20H22N2O,NWLWYGWIJCPAGJ-CDDVYSJNSA-N,"InChI=1S/C20H22N2O/c1-13-8-7-11-17(14(13)2)15(3)21-22-20(23)19-12-18(19)16-9-5-4-6-10-16/h4-11,18-19H,12H2,1-3H3,(H,22,23)/b21-15+/t18-,19+/m0/s1",306.41,Small molecule,800.0,nM,'=',EC50,6.1,3.95,41.46,2,1,4,0.67,23,2,0,CHEMBL615051,Lassa virus,Mammarenavirus lassaense
CHEMBL2435302,C/C(=N\NC(=O)[C@@H]1C[C@H]1c1ccccc1)c1ccc(O)cc1,C18H18N2O2,NJQRAQPIFFOOQH-LJNFXEMMSA-N,"InChI=1S/C18H18N2O2/c1-12(13-7-9-15(21)10-8-13)19-20-18(22)17-11-16(17)14-5-3-2-4-6-14/h2-10,16-17,21H,11H2,1H3,(H,20,22)/b19-12+/t16-,17+/m0/s1",294.35,Small molecule,2.3,nM,'=',EC50,8.64,3.04,61.69,3,2,4,0.67,22,2,0,CHEMBL615051,Lassa virus,Mammarenavirus lassaense
CHEMBL2435294,C/C(=N\NC(=O)[C@@H]1C[C@H]1c1ccccc1)c1ccccc1Cl,C18H17ClN2O,YVGIIIAZUKNKCD-AHQHQLSQSA-N,"InChI=1S/C18H17ClN2O/c1-12(14-9-5-6-10-17(14)19)20-21-18(22)16-11-15(16)13-7-3-2-4-8-13/h2-10,15-16H,11H2,1H3,(H,21,22)/b20-12+/t15-,16+/m0/s1",312.8,Small molecule,320.0,nM,'=',EC50,6.5,3.98,41.46,2,1,4,0.67,22,2,0,CHEMBL615051,Lassa virus,Mammarenavirus lassaense
CHEMBL4871373,Cc1cc2ncn(-c3ccc(OC(C)C)cc3)c2cc1-c1ccc(OC(C)C)cc1,C26H28N2O2,XOENKEVKXQUPAY-UHFFFAOYSA-N,"InChI=1S/C26H28N2O2/c1-17(2)29-22-10-6-20(7-11-22)24-15-26-25(14-19(24)5)27-16-28(26)21-8-12-23(13-9-21)30-18(3)4/h6-18H,1-5H3",400.52,Unknown,2.1,nM,'=',EC90,,6.58,36.28,4,0,6,0.37,30,4,1,CHEMBL615051,Lassa virus,Mammarenavirus lassaense
CHEMBL4871246,Cc1cc2ncc(-c3ccc(OC(C)(C)C)cc3)n2cc1-c1ccc(OC(C)C)cc1,C27H30N2O2,TWUXCBSMDFLDBC-UHFFFAOYSA-N,"InChI=1S/C27H30N2O2/c1-18(2)30-22-11-7-20(8-12-22)24-17-29-25(16-28-26(29)15-19(24)3)21-9-13-23(14-10-21)31-27(4,5)6/h7-18H,1-6H3",414.55,Unknown,3.3,nM,'<',EC90,,6.94,35.76,4,0,5,0.35,31,4,1,CHEMBL615051,Lassa virus,Mammarenavirus lassaense
CHEMBL4871373,Cc1cc2ncn(-c3ccc(OC(C)C)cc3)c2cc1-c1ccc(OC(C)C)cc1,C26H28N2O2,XOENKEVKXQUPAY-UHFFFAOYSA-N,"InChI=1S/C26H28N2O2/c1-17(2)29-22-10-6-20(7-11-22)24-15-26-25(14-19(24)5)27-16-28(26)21-8-12-23(13-9-21)30-18(3)4/h6-18H,1-5H3",400.52,Unknown,4.2,nM,'<',EC90,,6.58,36.28,4,0,6,0.37,30,4,1,CHEMBL615051,Lassa virus,Mammarenavirus lassaense
CHEMBL4856500,CC(C)Oc1ccc(-c2cnc3ccc(-c4ccc(OCCN5CCOCC5)cc4)cn23)cc1,C28H31N3O3,CJWUZJRFXFRWSJ-UHFFFAOYSA-N,"InChI=1S/C28H31N3O3/c1-21(2)34-26-10-5-23(6-11-26)27-19-29-28-12-7-24(20-31(27)28)22-3-8-25(9-4-22)33-18-15-30-13-16-32-17-14-30/h3-12,19-21H,13-18H2,1-2H3",457.57,Unknown,25.0,nM,'>',EC50,,5.17,48.23,6,0,8,0.37,34,4,1,CHEMBL615051,Lassa virus,Mammarenavirus lassaense
CHEMBL4856591,CC(C)Oc1ccc(-c2ccc3ncc(-c4ccc(OC(C)C)nc4)n3c2)cc1,C24H25N3O2,HMBYSSYFDQKVKA-UHFFFAOYSA-N,"InChI=1S/C24H25N3O2/c1-16(2)28-21-9-5-18(6-10-21)20-7-11-23-25-14-22(27(23)15-20)19-8-12-24(26-13-19)29-17(3)4/h5-17H,1-4H3",387.48,Unknown,3.61,nM,'=',EC50,8.44,5.64,48.65,5,0,6,0.43,29,4,1,CHEMBL615051,Lassa virus,Mammarenavirus lassaense
CHEMBL4849537,CC(C)Oc1ccc(-c2ncc3ncn(-c4ccc(OC(C)C)cc4)c3n2)cc1,C23H24N4O2,ZGNJBDFDJLZYDM-UHFFFAOYSA-N,"InChI=1S/C23H24N4O2/c1-15(2)28-19-9-5-17(6-10-19)22-24-13-21-23(26-22)27(14-25-21)18-7-11-20(12-8-18)29-16(3)4/h5-16H,1-4H3",388.47,Unknown,10.71,nM,'=',EC50,7.97,5.06,62.06,6,0,6,0.46,29,4,1,CHEMBL615051,Lassa virus,Mammarenavirus lassaense
CHEMBL4871246,Cc1cc2ncc(-c3ccc(OC(C)(C)C)cc3)n2cc1-c1ccc(OC(C)C)cc1,C27H30N2O2,TWUXCBSMDFLDBC-UHFFFAOYSA-N,"InChI=1S/C27H30N2O2/c1-18(2)30-22-11-7-20(8-12-22)24-17-29-25(16-28-26(29)15-19(24)3)21-9-13-23(14-10-21)31-27(4,5)6/h7-18H,1-6H3",414.55,Unknown,0.68,nM,'=',EC50,9.17,6.94,35.76,4,0,5,0.35,31,4,1,CHEMBL615051,Lassa virus,Mammarenavirus lassaense
CHEMBL4871373,Cc1cc2ncn(-c3ccc(OC(C)C)cc3)c2cc1-c1ccc(OC(C)C)cc1,C26H28N2O2,XOENKEVKXQUPAY-UHFFFAOYSA-N,"InChI=1S/C26H28N2O2/c1-17(2)29-22-10-6-20(7-11-22)24-15-26-25(14-19(24)5)27-16-28(26)21-8-12-23(13-9-21)30-18(3)4/h6-18H,1-5H3",400.52,Unknown,0.65,nM,'=',EC50,9.19,6.58,36.28,4,0,6,0.37,30,4,1,CHEMBL615051,Lassa virus,Mammarenavirus lassaense
CHEMBL4874618,Cc1cc2ncn(-c3ccc(OC(C)(C)C)cc3)c2cc1-c1ccc(OC(C)(C)O)cc1,C27H30N2O3,JFMDUXOMXORZSY-UHFFFAOYSA-N,"InChI=1S/C27H30N2O3/c1-18-15-24-25(16-23(18)19-7-11-22(12-8-19)32-27(5,6)30)29(17-28-24)20-9-13-21(14-10-20)31-26(2,3)4/h7-17,30H,1-6H3",430.55,Unknown,4.0,nM,'=',EC50,8.4,6.29,56.51,5,1,5,0.38,32,4,1,CHEMBL615051,Lassa virus,Mammarenavirus lassaense
CHEMBL557089,Cc1ccc(CN2C(=O)CNC[C@@H]2Cc2ccccc2)cc1,C19H22N2O,HJFUQKSWWUHYAF-SFHVURJKSA-N,"InChI=1S/C19H22N2O/c1-15-7-9-17(10-8-15)14-21-18(12-20-13-19(21)22)11-16-5-3-2-4-6-16/h2-10,18,20H,11-14H2,1H3/t18-/m0/s1",294.4,Small molecule,,,,IC50,,2.54,32.34,2,1,4,0.94,22,2,0,CHEMBL615051,Lassa virus,Mammarenavirus lassaense
CHEMBL550575,Cc1ccc(CN2C(=O)CN(C(=O)c3ccc(C)cc3)CC2CCc2ccccc2)cc1,C28H30N2O2,YVKRAPANJWZGFO-UHFFFAOYSA-N,"InChI=1S/C28H30N2O2/c1-21-8-12-24(13-9-21)18-30-26(17-14-23-6-4-3-5-7-23)19-29(20-27(30)31)28(32)25-15-10-22(2)11-16-25/h3-13,15-16,26H,14,17-20H2,1-2H3",426.56,Small molecule,1200.0,nM,'=',IC50,5.92,4.79,40.62,2,0,6,0.57,32,3,0,CHEMBL615051,Lassa virus,Mammarenavirus lassaense
CHEMBL4864364,Nc1nccc2c1ncn2[C@H]1C(F)=C[C@H](O)[C@@H]1O,C11H11FN4O2,UKNRVFWPJKXBKH-HGNGGELXSA-N,"InChI=1S/C11H11FN4O2/c12-5-3-7(17)10(18)9(5)16-4-15-8-6(16)1-2-14-11(8)13/h1-4,7,9-10,17-18H,(H2,13,14)/t7-,9-,10-/m0/s1",250.23,Unknown,,,,Activity,,0.14,97.19,6,3,1,0.67,18,2,0,CHEMBL615051,Lassa virus,Mammarenavirus lassaense
CHEMBL2322801,COc1ccc(-n2cnc3cc(NCc4ccc(OC(C)(C)C)cc4)ccc32)cc1,C25H27N3O2,GGLYLCKAWSUXDY-UHFFFAOYSA-N,"InChI=1S/C25H27N3O2/c1-25(2,3)30-22-10-5-18(6-11-22)16-26-19-7-14-24-23(15-19)27-17-28(24)20-8-12-21(29-4)13-9-20/h5-15,17,26H,16H2,1-4H3",401.51,Small molecule,5.2,nM,'=',EC50,8.28,5.82,48.31,5,1,6,0.44,30,4,1,CHEMBL615051,Lassa virus,Mammarenavirus lassaense
CHEMBL2322794,CCc1ccc(CNc2ccc3c(c2)ncn3-c2cnc(OC)nc2)cc1,C21H21N5O,DDYZQEQJMZIVFS-UHFFFAOYSA-N,"InChI=1S/C21H21N5O/c1-3-15-4-6-16(7-5-15)11-22-17-8-9-20-19(10-17)25-14-26(20)18-12-23-21(27-2)24-13-18/h4-10,12-14,22H,3,11H2,1-2H3",359.43,Small molecule,450.0,nM,'=',EC50,6.35,4.0,64.86,6,1,6,0.56,27,4,0,CHEMBL615051,Lassa virus,Mammarenavirus lassaense
CHEMBL2322790,CC(C)c1ccc(CNc2ccc3c(c2)ncn3-c2ccc(Oc3ccc4ccccc4c3)cc2)cc1,C33H29N3O,JZJUMDYKQLESCV-UHFFFAOYSA-N,"InChI=1S/C33H29N3O/c1-23(2)25-9-7-24(8-10-25)21-34-28-12-18-33-32(20-28)35-22-36(33)29-13-16-30(17-14-29)37-31-15-11-26-5-3-4-6-27(26)19-31/h3-20,22-23,34H,21H2,1-2H3",483.62,Small molecule,540.0,nM,'=',EC50,6.27,8.71,39.08,4,1,7,0.25,37,6,1,CHEMBL615051,Lassa virus,Mammarenavirus lassaense
CHEMBL2322811,CCOc1ccc(-n2cnc3cc(NCc4ccc(CC(=O)O)cc4)ccc32)cc1,C24H23N3O3,HOUHYGUDGKZZGD-UHFFFAOYSA-N,"InChI=1S/C24H23N3O3/c1-2-30-21-10-8-20(9-11-21)27-16-26-22-14-19(7-12-23(22)27)25-15-18-5-3-17(4-6-18)13-24(28)29/h3-12,14,16,25H,2,13,15H2,1H3,(H,28,29)",401.47,Small molecule,1300.0,nM,'=',EC50,5.89,4.66,76.38,5,2,8,0.45,30,4,0,CHEMBL615051,Lassa virus,Mammarenavirus lassaense
CHEMBL2322810,COc1ccc(-n2cnc3cc(NCc4ccc(CN5CCN(C)CC5)cc4)ccc32)cc1,C27H31N5O,DZWCFPPLSDCFPY-UHFFFAOYSA-N,"InChI=1S/C27H31N5O/c1-30-13-15-31(16-14-30)19-22-5-3-21(4-6-22)18-28-23-7-12-27-26(17-23)29-20-32(27)24-8-10-25(33-2)11-9-24/h3-12,17,20,28H,13-16,18-19H2,1-2H3",441.58,Small molecule,16000.0,nM,'=',EC50,4.8,4.39,45.56,6,1,7,0.46,33,4,0,CHEMBL615051,Lassa virus,Mammarenavirus lassaense
CHEMBL4065616,CCC(CC)COC(=O)[C@H](C)N[P@](=O)(OC[C@H]1O[C@@](C#N)(c2ccc3c(N)ncnn23)[C@H](O)[C@@H]1O)Oc1ccccc1,C27H35N6O8P,RWWYLEGWBNMMLJ-YSOARWBDSA-N,"InChI=1S/C27H35N6O8P/c1-4-18(5-2)13-38-26(36)17(3)32-42(37,41-19-9-7-6-8-10-19)39-14-21-23(34)24(35)27(15-28,40-21)22-12-11-20-25(29)30-16-31-33(20)22/h6-12,16-18,21,23-24,34-35H,4-5,13-14H2,1-3H3,(H,32,37)(H2,29,30,31)/t17-,21+,23+,24+,27-,42-/m0/s1",602.59,Small molecule,1480.0,nM,'=',EC50,5.83,2.31,203.55,13,4,13,0.16,42,3,2,CHEMBL615051,Lassa virus,Mammarenavirus lassaense
CHEMBL258940,CN1CCC(Nc2ncc3ncnc(Nc4ccc(F)c(Cl)c4)c3n2)CC1,C18H19ClFN7,FTFRZXFNZVCRSK-UHFFFAOYSA-N,"InChI=1S/C18H19ClFN7/c1-27-6-4-11(5-7-27)25-18-21-9-15-16(26-18)17(23-10-22-15)24-12-2-3-14(20)13(19)8-12/h2-3,8-11H,4-7H2,1H3,(H,21,25,26)(H,22,23,24)",387.85,Small molecule,3200.0,nM,'=',EC50,5.5,3.46,78.86,7,2,4,0.71,27,3,0,CHEMBL615051,Lassa virus,Mammarenavirus lassaense
CHEMBL258940,CN1CCC(Nc2ncc3ncnc(Nc4ccc(F)c(Cl)c4)c3n2)CC1,C18H19ClFN7,FTFRZXFNZVCRSK-UHFFFAOYSA-N,"InChI=1S/C18H19ClFN7/c1-27-6-4-11(5-7-27)25-18-21-9-15-16(26-18)17(23-10-22-15)24-12-2-3-14(20)13(19)8-12/h2-3,8-11H,4-7H2,1H3,(H,21,25,26)(H,22,23,24)",387.85,Small molecule,3200.0,nM,'=',EC50,5.5,3.46,78.86,7,2,4,0.71,27,3,0,CHEMBL615051,Lassa virus,Mammarenavirus lassaense
CHEMBL258940,CN1CCC(Nc2ncc3ncnc(Nc4ccc(F)c(Cl)c4)c3n2)CC1,C18H19ClFN7,FTFRZXFNZVCRSK-UHFFFAOYSA-N,"InChI=1S/C18H19ClFN7/c1-27-6-4-11(5-7-27)25-18-21-9-15-16(26-18)17(23-10-22-15)24-12-2-3-14(20)13(19)8-12/h2-3,8-11H,4-7H2,1H3,(H,21,25,26)(H,22,23,24)",387.85,Small molecule,7500.0,nM,'=',EC50,5.12,3.46,78.86,7,2,4,0.71,27,3,0,CHEMBL615051,Lassa virus,Mammarenavirus lassaense
CHEMBL4528226,Nc1ncc(Br)c2c1ncn2C1=CC[C@H](O)[C@@H]1O,C11H11BrN4O2,ICCRQFJBYGWMBR-OIBJUYFYSA-N,"InChI=1S/C11H11BrN4O2/c12-5-3-14-11(13)8-9(5)16(4-15-8)6-1-2-7(17)10(6)18/h1,3-4,7,10,17-18H,2H2,(H2,13,14)/t7-,10+/m0/s1",311.14,Unknown,,,,Activity,,0.74,97.19,6,3,1,0.72,18,2,0,CHEMBL615051,Lassa virus,Mammarenavirus lassaense
CHEMBL2322792,CCc1ccc(CNc2ccc3c(c2)ncn3-c2ccc(OC)cn2)cc1,C22H22N4O,KOCXUOHJUCUBJW-UHFFFAOYSA-N,"InChI=1S/C22H22N4O/c1-3-16-4-6-17(7-5-16)13-23-18-8-10-21-20(12-18)25-15-26(21)22-11-9-19(27-2)14-24-22/h4-12,14-15,23H,3,13H2,1-2H3",358.45,Small molecule,5.8,nM,'=',EC50,8.24,4.6,51.97,5,1,6,0.55,27,4,0,CHEMBL615051,Lassa virus,Mammarenavirus lassaense
CHEMBL2322786,CC(C)c1ccc(CNc2ccc3c(c2)ncn3-c2ccc(OC(C)(C)C)cc2)cc1,C27H31N3O,MSVFBCVWOXUUBH-UHFFFAOYSA-N,"InChI=1S/C27H31N3O/c1-19(2)21-8-6-20(7-9-21)17-28-22-10-15-26-25(16-22)29-18-30(26)23-11-13-24(14-12-23)31-27(3,4)5/h6-16,18-19,28H,17H2,1-5H3",413.57,Small molecule,8.6,nM,'=',EC50,8.07,6.94,39.08,4,1,6,0.37,31,4,1,CHEMBL615051,Lassa virus,Mammarenavirus lassaense
CHEMBL3961047,COc1ccc(-n2cnc3cc(NCc4ccc(C)cc4)ccc32)cc1,C22H21N3O,OPMYSQUCKVLCAM-UHFFFAOYSA-N,"InChI=1S/C22H21N3O/c1-16-3-5-17(6-4-16)14-23-18-7-12-22-21(13-18)24-15-25(22)19-8-10-20(26-2)11-9-19/h3-13,15,23H,14H2,1-2H3",343.43,Small molecule,1.6,nM,'=',IC50,8.8,4.95,39.08,4,1,5,0.56,26,4,0,CHEMBL615051,Lassa virus,Mammarenavirus lassaense
CHEMBL1643,NC(=O)c1ncn([C@@H]2O[C@H](CO)[C@@H](O)[C@H]2O)n1,C8H12N4O5,IWUCXVSUMQZMFG-AFCXAGJDSA-N,"InChI=1S/C8H12N4O5/c9-6(16)7-10-2-12(11-7)8-5(15)4(14)3(1-13)17-8/h2-5,8,13-15H,1H2,(H2,9,16)/t3-,4-,5-,8-/m1/s1",244.21,Small molecule,0.0,%,'=',Activity,,-3.01,143.72,8,4,3,0.44,17,1,0,CHEMBL615051,Lassa virus,Mammarenavirus lassaense
CHEMBL2322824,COc1ccc(-n2cnc3cc(NC(=O)c4ccc(C)cc4)ccc32)cc1,C22H19N3O2,GSHMRNVDYKVYBD-UHFFFAOYSA-N,"InChI=1S/C22H19N3O2/c1-15-3-5-16(6-4-15)22(26)24-17-7-12-21-20(13-17)23-14-25(21)18-8-10-19(27-2)11-9-18/h3-14H,1-2H3,(H,24,26)",357.41,Small molecule,50000.0,nM,'>',EC50,,4.59,56.15,4,1,4,0.58,27,4,0,CHEMBL615051,Lassa virus,Mammarenavirus lassaense
CHEMBL2322818,CCOc1ccc(-n2cnc3cc(NCc4ccc(C)cn4)ccc32)cc1,C22H22N4O,USTOHSZJWICWQM-UHFFFAOYSA-N,"InChI=1S/C22H22N4O/c1-3-27-20-9-7-19(8-10-20)26-15-25-21-12-17(6-11-22(21)26)24-14-18-5-4-16(2)13-23-18/h4-13,15,24H,3,14H2,1-2H3",358.45,Small molecule,350.0,nM,'=',EC50,6.46,4.74,51.97,5,1,6,0.54,27,4,0,CHEMBL615051,Lassa virus,Mammarenavirus lassaense
CHEMBL2435310,C/C(=N\NC(=O)[C@@H]1C[C@H]1c1ccccc1)c1ccc(Cl)c(Cl)c1,C18H16Cl2N2O,SLDPZGVYRJMDHK-CSPXMVGKSA-N,"InChI=1S/C18H16Cl2N2O/c1-11(13-7-8-16(19)17(20)9-13)21-22-18(23)15-10-14(15)12-5-3-2-4-6-12/h2-9,14-15H,10H2,1H3,(H,22,23)/b21-11+/t14-,15+/m0/s1",347.24,Small molecule,72.0,nM,'=',EC50,7.14,4.64,41.46,2,1,4,0.64,23,2,0,CHEMBL615051,Lassa virus,Mammarenavirus lassaense
CHEMBL2314878,CCOc1ccc(-n2cnc3cc(NCc4ccc(CC)cc4)ccc32)cc1,C24H25N3O,IIVDCVVZBFHHRJ-UHFFFAOYSA-N,"InChI=1S/C24H25N3O/c1-3-18-5-7-19(8-6-18)16-25-20-9-14-24-23(15-20)26-17-27(24)21-10-12-22(13-11-21)28-4-2/h5-15,17,25H,3-4,16H2,1-2H3",371.48,Small molecule,1.5,nM,'=',EC50,8.82,5.6,39.08,4,1,7,0.46,28,4,1,CHEMBL615051,Lassa virus,Mammarenavirus lassaense
CHEMBL2314875,CCOc1ccc(-n2cnc3cc(NCc4ccc(CC)cc4)cnc32)cc1CN,C24H27N5O,GPTCBVWYDMSRMY-UHFFFAOYSA-N,"InChI=1S/C24H27N5O/c1-3-17-5-7-18(8-6-17)14-26-20-12-22-24(27-15-20)29(16-28-22)21-9-10-23(30-4-2)19(11-21)13-25/h5-12,15-16,26H,3-4,13-14,25H2,1-2H3",401.51,Small molecule,58.0,nM,'=',EC50,7.24,4.45,77.99,6,2,8,0.46,30,4,0,CHEMBL615051,Lassa virus,Mammarenavirus lassaense
CHEMBL2314873,CCOc1ccc(-n2cnc3cc(NCc4ccc(CC)cc4)cnc32)cc1N(C)C,C25H29N5O,LFAGHUXZEYPRRC-UHFFFAOYSA-N,"InChI=1S/C25H29N5O/c1-5-18-7-9-19(10-8-18)15-26-20-13-22-25(27-16-20)30(17-28-22)21-11-12-24(31-6-2)23(14-21)29(3)4/h7-14,16-17,26H,5-6,15H2,1-4H3",415.54,Small molecule,250.0,nM,'=',EC50,6.6,5.06,55.21,6,1,8,0.44,31,4,1,CHEMBL615051,Lassa virus,Mammarenavirus lassaense
CHEMBL2314870,CCc1ccc(CNc2cnc3c(c2)ncn3-c2ccc(OCCCO)cc2)cc1,C24H26N4O2,FKZUSPAAAOJCQX-UHFFFAOYSA-N,"InChI=1S/C24H26N4O2/c1-2-18-4-6-19(7-5-18)15-25-20-14-23-24(26-16-20)28(17-27-23)21-8-10-22(11-9-21)30-13-3-12-29/h4-11,14,16-17,25,29H,2-3,12-13,15H2,1H3",402.5,Small molecule,13.0,nM,'=',EC50,7.89,4.36,72.2,6,2,9,0.41,30,4,0,CHEMBL615051,Lassa virus,Mammarenavirus lassaense
CHEMBL2315149,CCOc1ccc(-n2c(C(=O)O)nc3cc(NCc4ccc(CC)cc4)cnc32)cc1,C24H24N4O3,BVBJWAWNJMTFAL-UHFFFAOYSA-N,"InChI=1S/C24H24N4O3/c1-3-16-5-7-17(8-6-16)14-25-18-13-21-22(26-15-18)28(23(27-21)24(29)30)19-9-11-20(12-10-19)31-4-2/h5-13,15,25H,3-4,14H2,1-2H3,(H,29,30)",416.48,Small molecule,0.16,nM,'=',EC50,9.8,4.69,89.27,6,2,8,0.43,31,4,0,CHEMBL615051,Lassa virus,Mammarenavirus lassaense
CHEMBL2315145,CCOc1ccc(-n2cnc3nc(NCc4ccc(CC)cc4)ccc32)cc1,C23H24N4O,DDQJUJDHBSGFLN-UHFFFAOYSA-N,"InChI=1S/C23H24N4O/c1-3-17-5-7-18(8-6-17)15-24-22-14-13-21-23(26-22)25-16-27(21)19-9-11-20(12-10-19)28-4-2/h5-14,16H,3-4,15H2,1-2H3,(H,24,26)",372.47,Small molecule,6.8,nM,'=',EC50,8.17,4.99,51.97,5,1,7,0.5,28,4,0,CHEMBL615051,Lassa virus,Mammarenavirus lassaense
CHEMBL2315144,CCOc1ccc(-n2ccc3cc(NCc4ccc(CC)cc4)cnc32)cc1,C24H25N3O,ILMTZAKFHNSRKU-UHFFFAOYSA-N,"InChI=1S/C24H25N3O/c1-3-18-5-7-19(8-6-18)16-25-21-15-20-13-14-27(24(20)26-17-21)22-9-11-23(12-10-22)28-4-2/h5-15,17,25H,3-4,16H2,1-2H3",371.48,Small molecule,25.0,nM,'=',EC50,7.6,5.6,39.08,4,1,7,0.46,28,4,1,CHEMBL615051,Lassa virus,Mammarenavirus lassaense
CHEMBL2315141,COc1ccc(-n2ncc3cc(NCc4ccc(C(C)C)cc4)ccc32)cc1,C24H25N3O,CWUVDFCOKNOCNV-UHFFFAOYSA-N,"InChI=1S/C24H25N3O/c1-17(2)19-6-4-18(5-7-19)15-25-21-8-13-24-20(14-21)16-26-27(24)22-9-11-23(28-3)12-10-22/h4-14,16-17,25H,15H2,1-3H3",371.48,Small molecule,130.0,nM,'=',EC50,6.89,5.77,39.08,4,1,6,0.47,28,4,1,CHEMBL615051,Lassa virus,Mammarenavirus lassaense
CHEMBL2322823,COc1ccc(-n2cnc3cc(N(Cc4ccc(C(C)C)cc4)C(C)=O)ccc32)cc1,C26H27N3O2,XVVZOSKRTBLLBJ-UHFFFAOYSA-N,"InChI=1S/C26H27N3O2/c1-18(2)21-7-5-20(6-8-21)16-28(19(3)30)23-11-14-26-25(15-23)27-17-29(26)22-9-12-24(31-4)13-10-22/h5-15,17-18H,16H2,1-4H3",413.52,Small molecule,380.0,nM,'=',EC50,6.42,5.71,47.36,4,0,6,0.41,31,4,1,CHEMBL615051,Lassa virus,Mammarenavirus lassaense
CHEMBL4853992,CC(C)Oc1ccc(-c2cnc3ccc(-c4ccc(OC(C)(C)C)cc4)cn23)cc1,C26H28N2O2,NCQQIQKUYBCKEZ-UHFFFAOYSA-N,"InChI=1S/C26H28N2O2/c1-18(2)29-22-11-8-20(9-12-22)24-16-27-25-15-10-21(17-28(24)25)19-6-13-23(14-7-19)30-26(3,4)5/h6-18H,1-5H3",400.52,Unknown,0.67,nM,'=',EC50,9.17,6.63,35.76,4,0,5,0.38,30,4,1,CHEMBL615051,Lassa virus,Mammarenavirus lassaense
CHEMBL4854251,CC(C)OC(=O)c1ccc(-c2ccc3ncc(-c4ccc(OC(C)C)cc4)n3c2)cc1,C26H26N2O3,SDRFUXPFNUKTEP-UHFFFAOYSA-N,"InChI=1S/C26H26N2O3/c1-17(2)30-23-12-9-20(10-13-23)24-15-27-25-14-11-22(16-28(24)25)19-5-7-21(8-6-19)26(29)31-18(3)4/h5-18H,1-4H3",414.51,Unknown,4.98,nM,'=',EC50,8.3,6.02,52.83,5,0,6,0.36,31,4,1,CHEMBL615051,Lassa virus,Mammarenavirus lassaense
CHEMBL4862001,CC(C)Oc1ccc(-c2cnc3ccc(-c4ccc(OC(C)C)nc4)cn23)cc1,C24H25N3O2,NTGHZFSISXXNHB-UHFFFAOYSA-N,"InChI=1S/C24H25N3O2/c1-16(2)28-21-9-5-18(6-10-21)22-14-25-23-11-7-20(15-27(22)23)19-8-12-24(26-13-19)29-17(3)4/h5-17H,1-4H3",387.48,Unknown,6.07,nM,'=',EC50,8.22,5.64,48.65,5,0,6,0.43,29,4,1,CHEMBL615051,Lassa virus,Mammarenavirus lassaense
CHEMBL4864499,CC(C)Oc1ccc(-c2cnc3ccc(-c4cnn(C5CC5)c4)cn23)cc1,C22H22N4O,IOWDRMYZEKDVLW-UHFFFAOYSA-N,"InChI=1S/C22H22N4O/c1-15(2)27-20-8-3-16(4-9-20)21-12-23-22-10-5-17(13-25(21)22)18-11-24-26(14-18)19-6-7-19/h3-5,8-15,19H,6-7H2,1-2H3",358.45,Unknown,13.36,nM,'=',EC50,7.87,4.99,44.35,5,0,5,0.5,27,4,0,CHEMBL615051,Lassa virus,Mammarenavirus lassaense
CHEMBL2435195,O=C(N/N=C/c1ccccc1)[C@@H]1C[C@H]1c1ccccc1,C17H16N2O,OGGKFAULSBCNTR-KPIYYBAOSA-N,"InChI=1S/C17H16N2O/c20-17(19-18-12-13-7-3-1-4-8-13)16-11-15(16)14-9-5-2-6-10-14/h1-10,12,15-16H,11H2,(H,19,20)/b18-12+/t15-,16+/m0/s1",264.33,Small molecule,25.0,nM,'=',EC50,7.6,2.94,41.46,2,1,4,0.67,20,2,0,CHEMBL615051,Lassa virus,Mammarenavirus lassaense
CHEMBL2435299,C/C(=N\NC(=O)[C@@H]1C[C@H]1c1ccccc1)c1ccc([N+](=O)[O-])cc1,C18H17N3O3,XDZPYURXOUIULQ-LJNFXEMMSA-N,"InChI=1S/C18H17N3O3/c1-12(13-7-9-15(10-8-13)21(23)24)19-20-18(22)17-11-16(17)14-5-3-2-4-6-14/h2-10,16-17H,11H2,1H3,(H,20,22)/b19-12+/t16-,17+/m0/s1",323.35,Small molecule,62.0,nM,'=',EC50,7.21,3.24,84.6,4,1,5,0.52,24,2,0,CHEMBL615051,Lassa virus,Mammarenavirus lassaense
CHEMBL2435295,C/C(=N\NC(=O)[C@@H]1C[C@H]1c1ccccc1)c1ccc(Cl)cc1,C18H17ClN2O,LENQNKOOBSBIHK-QWSZEGLUSA-N,"InChI=1S/C18H17ClN2O/c1-12(13-7-9-15(19)10-8-13)20-21-18(22)17-11-16(17)14-5-3-2-4-6-14/h2-10,16-17H,11H2,1H3,(H,21,22)/b20-12+/t16-,17+/m0/s1",312.8,Small molecule,20.0,nM,'=',EC50,7.7,3.98,41.46,2,1,4,0.67,22,2,0,CHEMBL615051,Lassa virus,Mammarenavirus lassaense
CHEMBL2435293,C/C(=N\NC(=O)[C@@H]1C[C@H]1c1ccccc1)c1ccccc1,C18H18N2O,JXUXFHOGOOEHQR-IQXDWNFHSA-N,"InChI=1S/C18H18N2O/c1-13(14-8-4-2-5-9-14)19-20-18(21)17-12-16(17)15-10-6-3-7-11-15/h2-11,16-17H,12H2,1H3,(H,20,21)/b19-13+/t16-,17+/m0/s1",278.36,Small molecule,47.0,nM,'=',EC50,7.33,3.33,41.46,2,1,4,0.68,21,2,0,CHEMBL615051,Lassa virus,Mammarenavirus lassaense
CHEMBL2322820,CCOc1ccc(-n2cnc3cc(CNc4ccc(CC)cc4)ccc32)cc1,C24H25N3O,MDVGYPJUHKGGPO-UHFFFAOYSA-N,"InChI=1S/C24H25N3O/c1-3-18-5-8-20(9-6-18)25-16-19-7-14-24-23(15-19)26-17-27(24)21-10-12-22(13-11-21)28-4-2/h5-15,17,25H,3-4,16H2,1-2H3",371.48,Small molecule,11.0,nM,'=',EC50,7.96,5.6,39.08,4,1,7,0.46,28,4,1,CHEMBL615051,Lassa virus,Mammarenavirus lassaense
CHEMBL2322819,CCOc1ccc(-n2cnc3cc(NCc4cnc(CC)nc4)ccc32)cc1,C22H23N5O,KTNDRHSUNAQAQJ-UHFFFAOYSA-N,"InChI=1S/C22H23N5O/c1-3-22-24-13-16(14-25-22)12-23-17-5-10-21-20(11-17)26-15-27(21)18-6-8-19(9-7-18)28-4-2/h5-11,13-15,23H,3-4,12H2,1-2H3",373.46,Small molecule,450.0,nM,'=',EC50,6.35,4.39,64.86,6,1,7,0.52,28,4,0,CHEMBL615051,Lassa virus,Mammarenavirus lassaense
CHEMBL2322809,COc1ccc(-n2cnc3cc(NCc4ccc(CN5CCOCC5)cc4)ccc32)cc1,C26H28N4O2,YZKVTEZVSQYKMP-UHFFFAOYSA-N,"InChI=1S/C26H28N4O2/c1-31-24-9-7-23(8-10-24)30-19-28-25-16-22(6-11-26(25)30)27-17-20-2-4-21(5-3-20)18-29-12-14-32-15-13-29/h2-11,16,19,27H,12-15,17-18H2,1H3",428.54,Small molecule,790.0,nM,'=',EC50,6.1,4.48,51.55,6,1,7,0.47,32,4,0,CHEMBL615051,Lassa virus,Mammarenavirus lassaense
CHEMBL2322805,COc1ccc(-n2cnc3cc(NCc4cccc5ccccc45)ccc32)cc1,C25H21N3O,UGDIFWIKOWHDAS-UHFFFAOYSA-N,"InChI=1S/C25H21N3O/c1-29-22-12-10-21(11-13-22)28-17-27-24-15-20(9-14-25(24)28)26-16-19-7-4-6-18-5-2-3-8-23(18)19/h2-15,17,26H,16H2,1H3",379.46,Small molecule,69.0,nM,'=',EC50,7.16,5.8,39.08,4,1,5,0.42,29,5,1,CHEMBL615051,Lassa virus,Mammarenavirus lassaense
CHEMBL1650595,NCC(=O)Nc1ccc(-n2nc(C(F)(F)F)cc2-c2ccc3c(ccc4ccccc43)c2)cc1,C26H19F3N4O,YULUCECVQOCQFQ-UHFFFAOYSA-N,"InChI=1S/C26H19F3N4O/c27-26(28,29)24-14-23(33(32-24)20-10-8-19(9-11-20)31-25(34)15-30)18-7-12-22-17(13-18)6-5-16-3-1-2-4-21(16)22/h1-14H,15,30H2,(H,31,34)",460.46,Small molecule,500.0,nM,'=',EC50,6.3,5.76,72.94,4,2,4,0.33,34,5,1,CHEMBL615051,Lassa virus,Mammarenavirus lassaense
CHEMBL2322787,CC(C)c1ccc(CNc2ccc3c(c2)ncn3-c2ccc(Cc3ccccc3)cc2)cc1,C30H29N3,UTSJAOPAQQVOTN-UHFFFAOYSA-N,"InChI=1S/C30H29N3/c1-22(2)26-12-8-25(9-13-26)20-31-27-14-17-30-29(19-27)32-21-33(30)28-15-10-24(11-16-28)18-23-6-4-3-5-7-23/h3-17,19,21-22,31H,18,20H2,1-2H3",431.58,Small molecule,120.0,nM,'=',EC50,6.92,7.35,29.85,3,1,7,0.29,33,5,1,CHEMBL615051,Lassa virus,Mammarenavirus lassaense
CHEMBL2314881,CCOc1ccc(-n2c(C#N)nc3cc(NCc4ccc(CC)cc4)ccc32)cc1,C25H24N4O,PKZSQIDDNYZXST-UHFFFAOYSA-N,"InChI=1S/C25H24N4O/c1-3-18-5-7-19(8-6-18)17-27-20-9-14-24-23(15-20)28-25(16-26)29(24)21-10-12-22(13-11-21)30-4-2/h5-15,27H,3-4,17H2,1-2H3",396.49,Small molecule,1.6,nM,'=',EC50,8.8,5.47,62.87,5,1,7,0.45,30,4,1,CHEMBL615051,Lassa virus,Mammarenavirus lassaense
CHEMBL2314880,CCCc1nc2cc(NCc3ccc(CC)cc3)ccc2n1-c1ccc(OCC)cc1,C27H31N3O,MWUABTWCWDOMIG-UHFFFAOYSA-N,"InChI=1S/C27H31N3O/c1-4-7-27-29-25-18-22(28-19-21-10-8-20(5-2)9-11-21)12-17-26(25)30(27)23-13-15-24(16-14-23)31-6-3/h8-18,28H,4-7,19H2,1-3H3",413.57,Small molecule,170.0,nM,'=',EC50,6.77,6.55,39.08,4,1,9,0.34,31,4,1,CHEMBL615051,Lassa virus,Mammarenavirus lassaense
CHEMBL2314874,CCOc1ccc(-n2cnc3cc(NCc4ccc(CC)cc4)cnc32)c(CN)c1,C24H27N5O,AMOCXPPYGISLEJ-UHFFFAOYSA-N,"InChI=1S/C24H27N5O/c1-3-17-5-7-18(8-6-17)14-26-20-12-22-24(27-15-20)29(16-28-22)23-10-9-21(30-4-2)11-19(23)13-25/h5-12,15-16,26H,3-4,13-14,25H2,1-2H3",401.51,Small molecule,1500.0,nM,'=',EC50,5.82,4.45,77.99,6,2,8,0.46,30,4,0,CHEMBL615051,Lassa virus,Mammarenavirus lassaense
CHEMBL4871373,Cc1cc2ncn(-c3ccc(OC(C)C)cc3)c2cc1-c1ccc(OC(C)C)cc1,C26H28N2O2,XOENKEVKXQUPAY-UHFFFAOYSA-N,"InChI=1S/C26H28N2O2/c1-17(2)29-22-10-6-20(7-11-22)24-15-26-25(14-19(24)5)27-16-28(26)21-8-12-23(13-9-21)30-18(3)4/h6-18H,1-5H3",400.52,Unknown,1.2,nM,'=',EC50,8.92,6.58,36.28,4,0,6,0.37,30,4,1,CHEMBL615051,Lassa virus,Mammarenavirus lassaense
CHEMBL4871246,Cc1cc2ncc(-c3ccc(OC(C)(C)C)cc3)n2cc1-c1ccc(OC(C)C)cc1,C27H30N2O2,TWUXCBSMDFLDBC-UHFFFAOYSA-N,"InChI=1S/C27H30N2O2/c1-18(2)30-22-11-7-20(8-12-22)24-17-29-25(16-28-26(29)15-19(24)3)21-9-13-23(14-10-21)31-27(4,5)6/h7-18H,1-6H3",414.55,Unknown,0.3,nM,'<',EC50,,6.94,35.76,4,0,5,0.35,31,4,1,CHEMBL615051,Lassa virus,Mammarenavirus lassaense
CHEMBL4874618,Cc1cc2ncn(-c3ccc(OC(C)(C)C)cc3)c2cc1-c1ccc(OC(C)(C)O)cc1,C27H30N2O3,JFMDUXOMXORZSY-UHFFFAOYSA-N,"InChI=1S/C27H30N2O3/c1-18-15-24-25(16-23(18)19-7-11-22(12-8-19)32-27(5,6)30)29(17-28-24)20-9-13-21(14-10-20)31-26(2,3)4/h7-17,30H,1-6H3",430.55,Unknown,3.3,nM,'<',EC50,,6.29,56.51,5,1,5,0.38,32,4,1,CHEMBL615051,Lassa virus,Mammarenavirus lassaense
CHEMBL4852422,CC(=O)c1ccc(-c2ccc3ncc(-c4ccc(OC(C)C)cc4)n3c2)cc1,C24H22N2O2,UHWRBWBFLBLCCE-UHFFFAOYSA-N,"InChI=1S/C24H22N2O2/c1-16(2)28-22-11-8-20(9-12-22)23-14-25-24-13-10-21(15-26(23)24)19-6-4-18(5-7-19)17(3)27/h4-16H,1-3H3",370.45,Unknown,0.29,nM,'=',EC50,9.54,5.66,43.6,4,0,5,0.43,28,4,1,CHEMBL615051,Lassa virus,Mammarenavirus lassaense
CHEMBL4874362,CC(C)Oc1ccc(-c2cnc3ccc(-c4ccc(OC(C)C)cc4F)cn23)cc1,C25H25FN2O2,NIFGJWAPVJHTHR-UHFFFAOYSA-N,"InChI=1S/C25H25FN2O2/c1-16(2)29-20-8-5-18(6-9-20)24-14-27-25-12-7-19(15-28(24)25)22-11-10-21(13-23(22)26)30-17(3)4/h5-17H,1-4H3",404.49,Unknown,25.0,nM,'>',EC50,,6.38,35.76,4,0,6,0.37,30,4,1,CHEMBL615051,Lassa virus,Mammarenavirus lassaense
CHEMBL2315148,CCOc1ccc(-n2c(C(N)=O)nc3cc(NCc4ccc(CC)cc4)cnc32)cc1,C24H25N5O2,VVDRAJVVDLGBMJ-UHFFFAOYSA-N,"InChI=1S/C24H25N5O2/c1-3-16-5-7-17(8-6-16)14-26-18-13-21-23(27-15-18)29(24(28-21)22(25)30)19-9-11-20(12-10-19)31-4-2/h5-13,15,26H,3-4,14H2,1-2H3,(H2,25,30)",415.5,Small molecule,4.4,nM,'=',EC50,8.36,4.09,95.06,6,2,8,0.45,31,4,0,CHEMBL615051,Lassa virus,Mammarenavirus lassaense
CHEMBL2315143,CCOc1ccc(-c2cnc3cc(NCc4ccc(CC)cc4)ccn23)cc1,C24H25N3O,IFWCJRJDBZFBFC-UHFFFAOYSA-N,"InChI=1S/C24H25N3O/c1-3-18-5-7-19(8-6-18)16-25-21-13-14-27-23(17-26-24(27)15-21)20-9-11-22(12-10-20)28-4-2/h5-15,17,25H,3-4,16H2,1-2H3",371.48,Small molecule,9.3,nM,'=',EC50,8.03,5.57,38.56,4,1,7,0.46,28,4,1,CHEMBL615051,Lassa virus,Mammarenavirus lassaense
CHEMBL2314863,CCOc1ccc(-n2cnc3cc(NCc4ccc(CC)cc4)cc(C(=O)O)c32)cc1,C25H25N3O3,FOVLYTNYLLJNDO-UHFFFAOYSA-N,"InChI=1S/C25H25N3O3/c1-3-17-5-7-18(8-6-17)15-26-19-13-22(25(29)30)24-23(14-19)27-16-28(24)20-9-11-21(12-10-20)31-4-2/h5-14,16,26H,3-4,15H2,1-2H3,(H,29,30)",415.49,Small molecule,50000.0,nM,'>',EC50,,5.3,76.38,5,2,8,0.41,31,4,1,CHEMBL615051,Lassa virus,Mammarenavirus lassaense
CHEMBL2314862,CCOc1ccc(-n2cnc3cc(NCc4ccc(CC)cc4)cc(C(=O)OC)c32)cc1,C26H27N3O3,NYXNHXULWXQCAZ-UHFFFAOYSA-N,"InChI=1S/C26H27N3O3/c1-4-18-6-8-19(9-7-18)16-27-20-14-23(26(30)31-3)25-24(15-20)28-17-29(25)21-10-12-22(13-11-21)32-5-2/h6-15,17,27H,4-5,16H2,1-3H3",429.52,Small molecule,220.0,nM,'=',EC50,6.66,5.39,65.38,6,1,8,0.38,32,4,1,CHEMBL615051,Lassa virus,Mammarenavirus lassaense
CHEMBL4871246,Cc1cc2ncc(-c3ccc(OC(C)(C)C)cc3)n2cc1-c1ccc(OC(C)C)cc1,C27H30N2O2,TWUXCBSMDFLDBC-UHFFFAOYSA-N,"InChI=1S/C27H30N2O2/c1-18(2)30-22-11-7-20(8-12-22)24-17-29-25(16-28-26(29)15-19(24)3)21-9-13-23(14-10-21)31-27(4,5)6/h7-18H,1-6H3",414.55,Unknown,0.87,nM,'=',EC90,,6.94,35.76,4,0,5,0.35,31,4,1,CHEMBL615051,Lassa virus,Mammarenavirus lassaense
CHEMBL4869270,CC(C)Oc1ccc(-c2ccc3ncc(-c4ccc(OC5CC5)cc4)n3c2)cc1,C25H24N2O2,GXAPVHNAYHWSNC-UHFFFAOYSA-N,"InChI=1S/C25H24N2O2/c1-17(2)28-21-8-3-18(4-9-21)20-7-14-25-26-15-24(27(25)16-20)19-5-10-22(11-6-19)29-23-12-13-23/h3-11,14-17,23H,12-13H2,1-2H3",384.48,Unknown,1.35,nM,'=',EC50,8.87,6.0,35.76,4,0,6,0.41,29,4,1,CHEMBL615051,Lassa virus,Mammarenavirus lassaense
CHEMBL2322798,COc1ccc(-n2cnc3cc(NCc4ccc(C(C)(C)C)cc4)ccc32)cc1,C25H27N3O,JQEILBLBISTELV-UHFFFAOYSA-N,"InChI=1S/C25H27N3O/c1-25(2,3)19-7-5-18(6-8-19)16-26-20-9-14-24-23(15-20)27-17-28(24)21-10-12-22(29-4)13-11-21/h5-15,17,26H,16H2,1-4H3",385.51,Small molecule,1.1,nM,'=',EC50,8.96,5.94,39.08,4,1,5,0.46,29,4,1,CHEMBL615051,Lassa virus,Mammarenavirus lassaense
CHEMBL2322783,CCCCc1ccc(-n2cnc3cc(NCc4ccc(C(C)C)cc4)ccc32)cc1,C27H31N3,LIRGHFCQFCZNMV-UHFFFAOYSA-N,"InChI=1S/C27H31N3/c1-4-5-6-21-9-14-25(15-10-21)30-19-29-26-17-24(13-16-27(26)30)28-18-22-7-11-23(12-8-22)20(2)3/h7-17,19-20,28H,4-6,18H2,1-3H3",397.57,Small molecule,4.4,nM,'=',EC50,8.36,7.1,29.85,3,1,8,0.34,30,4,1,CHEMBL615051,Lassa virus,Mammarenavirus lassaense
CHEMBL559460,O=C(c1cc2ccccc2o1)N1CC(=O)N(Cc2cccc(C(F)(F)F)c2)C(Cc2ccccc2)C1,C28H23F3N2O3,WOBHOXNLMSPQHX-UHFFFAOYSA-N,"InChI=1S/C28H23F3N2O3/c29-28(30,31)22-11-6-9-20(13-22)16-33-23(14-19-7-2-1-3-8-19)17-32(18-26(33)34)27(35)25-15-21-10-4-5-12-24(21)36-25/h1-13,15,23H,14,16-18H2",492.5,Small molecule,1800.0,nM,'=',IC50,5.75,5.55,53.76,3,0,5,0.37,36,4,1,CHEMBL615051,Lassa virus,Mammarenavirus lassaense
CHEMBL4873981,Nc1ncc(Br)c2c1ncn2[C@H]1C(F)=C[C@H](O)[C@@H]1O,C11H10BrFN4O2,ZNSOHSBEXPSDBY-JUWDTYFHSA-N,"InChI=1S/C11H10BrFN4O2/c12-4-2-15-11(14)7-8(4)17(3-16-7)9-5(13)1-6(18)10(9)19/h1-3,6,9-10,18-19H,(H2,14,15)/t6-,9-,10-/m0/s1",329.13,Unknown,,,,Activity,,0.91,97.19,6,3,1,0.72,19,2,0,CHEMBL615051,Lassa virus,Mammarenavirus lassaense
CHEMBL2435314,CC(=O)Nc1ccc(/C(C)=N/NC(=O)[C@@H]2C[C@H]2c2ccccc2)cc1,C20H21N3O2,KWTRHSBWDVUTFD-NURUNYDYSA-N,"InChI=1S/C20H21N3O2/c1-13(15-8-10-17(11-9-15)21-14(2)24)22-23-20(25)19-12-18(19)16-6-4-3-5-7-16/h3-11,18-19H,12H2,1-2H3,(H,21,24)(H,23,25)/b22-13+/t18-,19+/m0/s1",335.41,Small molecule,2.6,nM,'=',EC50,8.59,3.29,70.56,3,2,5,0.65,25,2,0,CHEMBL615051,Lassa virus,Mammarenavirus lassaense
CHEMBL2435301,C/C(=N\NC(=O)[C@@H]1C[C@H]1c1ccccc1)c1cccc(O)c1,C18H18N2O2,HTONCCQQHBTQJD-LJNFXEMMSA-N,"InChI=1S/C18H18N2O2/c1-12(14-8-5-9-15(21)10-14)19-20-18(22)17-11-16(17)13-6-3-2-4-7-13/h2-10,16-17,21H,11H2,1H3,(H,20,22)/b19-12+/t16-,17+/m0/s1",294.35,Small molecule,94.0,nM,'=',EC50,7.03,3.04,61.69,3,2,4,0.67,22,2,0,CHEMBL615051,Lassa virus,Mammarenavirus lassaense
CHEMBL2435194,C/C(=N\NC(=O)[C@@H]1C[C@H]1c1ccccc1)c1ccc(N)cc1,C18H19N3O,UTJKYRAPRVJEJK-QWSZEGLUSA-N,"InChI=1S/C18H19N3O/c1-12(13-7-9-15(19)10-8-13)20-21-18(22)17-11-16(17)14-5-3-2-4-6-14/h2-10,16-17H,11,19H2,1H3,(H,21,22)/b20-12+/t16-,17+/m0/s1",293.37,Small molecule,19000.0,nM,'=',EC50,4.72,2.91,67.48,3,2,4,0.52,22,2,0,CHEMBL615051,Lassa virus,Mammarenavirus lassaense
CHEMBL2435316,C/C(=N\NC(=O)[C@@H]1C[C@H]1c1ccccc1)c1cccc(NC(=O)c2cccs2)c1,C23H21N3O2S,WBORKBCEWXYDQS-GILQPYTJSA-N,"InChI=1S/C23H21N3O2S/c1-15(25-26-22(27)20-14-19(20)16-7-3-2-4-8-16)17-9-5-10-18(13-17)24-23(28)21-11-6-12-29-21/h2-13,19-20H,14H2,1H3,(H,24,28)(H,26,27)/b25-15+/t19-,20+/m0/s1",403.51,Small molecule,6300.0,nM,'=',EC50,5.2,4.64,70.56,4,2,6,0.46,29,3,0,CHEMBL615051,Lassa virus,Mammarenavirus lassaense
CHEMBL2435304,COc1ccc(/C(C)=N/NC(=O)[C@@H]2C[C@H]2c2ccccc2)cc1,C19H20N2O2,QWAKBPPGUAGKLN-QDRDOIMASA-N,"InChI=1S/C19H20N2O2/c1-13(14-8-10-16(23-2)11-9-14)20-21-19(22)18-12-17(18)15-6-4-3-5-7-15/h3-11,17-18H,12H2,1-2H3,(H,21,22)/b20-13+/t17-,18+/m0/s1",308.38,Small molecule,4.0,nM,'=',EC50,8.4,3.34,50.69,3,1,5,0.68,23,2,0,CHEMBL615051,Lassa virus,Mammarenavirus lassaense
CHEMBL4858248,Cc1cc2ncc(-c3ccc(OC(C)C)cc3)n2cc1-c1ccc(OC(C)C)cc1,C26H28N2O2,MJQQLLCMNOALHJ-UHFFFAOYSA-N,"InChI=1S/C26H28N2O2/c1-17(2)29-22-10-6-20(7-11-22)24-16-28-25(15-27-26(28)14-19(24)5)21-8-12-23(13-9-21)30-18(3)4/h6-18H,1-5H3",400.52,Unknown,0.42,nM,'=',EC50,9.38,6.55,35.76,4,0,6,0.37,30,4,1,CHEMBL615051,Lassa virus,Mammarenavirus lassaense
CHEMBL2435322,C/C(=N\NC(=O)[C@@H]1C[C@H]1c1ccc(C(C)(C)C)cc1)c1ccc(F)cc1,C22H25FN2O,MYJOHEAQVGLUIX-MJEARJAWSA-N,"InChI=1S/C22H25FN2O/c1-14(15-7-11-18(23)12-8-15)24-25-21(26)20-13-19(20)16-5-9-17(10-6-16)22(2,3)4/h5-12,19-20H,13H2,1-4H3,(H,25,26)/b24-14+/t19-,20+/m0/s1",352.45,Small molecule,16.0,nM,'=',EC50,7.8,4.77,41.46,2,1,4,0.63,26,2,0,CHEMBL615051,Lassa virus,Mammarenavirus lassaense
CHEMBL4856859,CC(C)Oc1ccc(-c2ccc3ncc(-c4ccc(OC(C)(C)C)cc4)n3c2)cc1,C26H28N2O2,DMFIQDLSZGCTCA-UHFFFAOYSA-N,"InChI=1S/C26H28N2O2/c1-18(2)29-22-11-6-19(7-12-22)21-10-15-25-27-16-24(28(25)17-21)20-8-13-23(14-9-20)30-26(3,4)5/h6-18H,1-5H3",400.52,Unknown,0.4,nM,'=',EC50,9.4,6.63,35.76,4,0,5,0.38,30,4,1,CHEMBL615051,Lassa virus,Mammarenavirus lassaense
CHEMBL4860136,CC(C)Oc1ccc(-c2ccc3ncn(-c4ccc(OC(C)C)cc4)c3c2)cc1,C25H26N2O2,BDRNXXWLNZTHNA-UHFFFAOYSA-N,"InChI=1S/C25H26N2O2/c1-17(2)28-22-10-5-19(6-11-22)20-7-14-24-25(15-20)27(16-26-24)21-8-12-23(13-9-21)29-18(3)4/h5-18H,1-4H3",386.5,Unknown,0.82,nM,'=',EC50,9.09,6.27,36.28,4,0,6,0.39,29,4,1,CHEMBL615051,Lassa virus,Mammarenavirus lassaense
CHEMBL4854274,Cc1cc2nnn(-c3ccc(OC(C)C)cc3)c2cc1-c1ccc(OC(C)C)cc1,C25H27N3O2,IJAGCCFYWICABV-UHFFFAOYSA-N,"InChI=1S/C25H27N3O2/c1-16(2)29-21-10-6-19(7-11-21)23-15-25-24(14-18(23)5)26-27-28(25)20-8-12-22(13-9-20)30-17(3)4/h6-17H,1-5H3",401.51,Unknown,1.05,nM,'=',EC50,8.98,5.97,49.17,5,0,6,0.4,30,4,1,CHEMBL615051,Lassa virus,Mammarenavirus lassaense
CHEMBL5275097,Nc1nc(F)cc2c1ncn2C1=C[C@H](CO)[C@@H](O)[C@H]1O,C12H13FN4O3,UANVWGLISKDHSO-ORCOQGSOSA-N,"InChI=1S/C12H13FN4O3/c13-8-2-6-9(12(14)16-8)15-4-17(6)7-1-5(3-18)10(19)11(7)20/h1-2,4-5,10-11,18-20H,3H2,(H2,14,16)/t5-,10-,11+/m1/s1",280.26,,,,,Activity,,-0.66,117.42,7,4,2,0.54,20,2,0,CHEMBL615051,Lassa virus,Mammarenavirus lassaense
CHEMBL4858248,Cc1cc2ncc(-c3ccc(OC(C)C)cc3)n2cc1-c1ccc(OC(C)C)cc1,C26H28N2O2,MJQQLLCMNOALHJ-UHFFFAOYSA-N,"InChI=1S/C26H28N2O2/c1-17(2)29-22-10-6-20(7-11-22)24-16-28-25(15-27-26(28)14-19(24)5)21-8-12-23(13-9-21)30-18(3)4/h6-18H,1-5H3",400.52,Unknown,3.3,nM,'<',EC50,,6.55,35.76,4,0,6,0.37,30,4,1,CHEMBL615051,Lassa virus,Mammarenavirus lassaense
CHEMBL4871373,Cc1cc2ncn(-c3ccc(OC(C)C)cc3)c2cc1-c1ccc(OC(C)C)cc1,C26H28N2O2,XOENKEVKXQUPAY-UHFFFAOYSA-N,"InChI=1S/C26H28N2O2/c1-17(2)29-22-10-6-20(7-11-22)24-15-26-25(14-19(24)5)27-16-28(26)21-8-12-23(13-9-21)30-18(3)4/h6-18H,1-5H3",400.52,Unknown,3.3,nM,'<',EC50,,6.58,36.28,4,0,6,0.37,30,4,1,CHEMBL615051,Lassa virus,Mammarenavirus lassaense
CHEMBL4862268,CC(C)Oc1ccc(-c2cnc3ccc(-c4ccc(F)cc4)cn23)cc1,C22H19FN2O,YVHUFJVGRIHUOK-UHFFFAOYSA-N,"InChI=1S/C22H19FN2O/c1-15(2)26-20-10-5-17(6-11-20)21-13-24-22-12-7-18(14-25(21)22)16-3-8-19(23)9-4-16/h3-15H,1-2H3",346.41,Unknown,25.0,nM,'>',EC50,,5.59,26.53,3,0,4,0.48,26,4,1,CHEMBL615051,Lassa virus,Mammarenavirus lassaense
CHEMBL4864023,CC(C)Oc1ccc(-c2cnc3ccc(-c4ccc(C5(N)CC5)cc4)cn23)cc1,C25H25N3O,DKAXUDHRUOOIBY-UHFFFAOYSA-N,"InChI=1S/C25H25N3O/c1-17(2)29-22-10-5-19(6-11-22)23-15-27-24-12-7-20(16-28(23)24)18-3-8-21(9-4-18)25(26)13-14-25/h3-12,15-17H,13-14,26H2,1-2H3",383.5,Unknown,7.97,nM,'=',EC50,8.1,5.4,52.55,4,1,5,0.5,29,4,1,CHEMBL615051,Lassa virus,Mammarenavirus lassaense
CHEMBL4851799,Cc1c(-c2ccc(OC(C)C)cc2)ccc2ncc(-c3ccc(OC(C)C)cc3)n12,C26H28N2O2,LWYVDJMXIIPESS-UHFFFAOYSA-N,"InChI=1S/C26H28N2O2/c1-17(2)29-22-10-6-20(7-11-22)24-14-15-26-27-16-25(28(26)19(24)5)21-8-12-23(13-9-21)30-18(3)4/h6-18H,1-5H3",400.52,Unknown,0.32,nM,'=',EC50,9.49,6.55,35.76,4,0,6,0.37,30,4,1,CHEMBL615051,Lassa virus,Mammarenavirus lassaense
CHEMBL4865600,CC(C)Oc1ccc(-c2cc3c(cn2)ncn3-c2ccc(OC(C)C)cc2)cc1,C24H25N3O2,GKMZXKPJYMPHIH-UHFFFAOYSA-N,"InChI=1S/C24H25N3O2/c1-16(2)28-20-9-5-18(6-10-20)22-13-24-23(14-25-22)26-15-27(24)19-7-11-21(12-8-19)29-17(3)4/h5-17H,1-4H3",387.48,Unknown,17.75,nM,'=',EC50,7.75,5.66,49.17,5,0,6,0.43,29,4,1,CHEMBL615051,Lassa virus,Mammarenavirus lassaense
